forward_joules,forward_energy_mean,forward_time,forward_nvidia_time_mean,forward_memory,forward_nvidia_memory_mean,forward_flops,forward_backward_joules,forward_backward_energy_mean,forward_backward_time,forward_backward_nvidia_time_mean,forward_backward_memory,forward_backward_nvidia_memory_mean,forward_backward_flops,forward_backward_optimizer_joules,forward_backward_optimizer_energy_mean,forward_backward_optimizer_time,forward_backward_optimizer_nvidia_time_mean,forward_backward_optimizer_memory,forward_backward_optimizer_nvidia_memory_mean,forward_backward_optimizer_flops,num_trainable_parameters,model_name,input_length,batch_size,repetition,rank
3316.681,3316.681,8.725,8.725,9781.0,9781.0,12656029490176.0,9954.38137,9954.38137,25.964,25.964,23831.0,23831.0,37968560620544.0,10928.4133,10928.4133,29.577,29.577,26339.0,26339.0,37968560620544.0,1235814400,meta-llama/Llama-3.2-1B,256,20,0,-1
3900.50182,3900.50182,10.764,10.764,9835.0,9835.0,12667102452736.0,9130.67248,9130.67248,25.881,25.881,23231.0,23231.0,25276459867136.0,9302.51193,9302.51193,25.876,25.876,23233.0,23233.0,25276459867136.0,704512,meta-llama/Llama-3.2-1B,256,20,0,1
3913.55587,3913.55587,10.902,10.902,9837.0,9837.0,12674316655616.0,9252.32354,9252.32354,26.598,26.598,23235.0,23235.0,25298039561216.0,9443.68428,9443.68428,26.638,26.638,23239.0,23239.0,25298039561216.0,1409024,meta-llama/Llama-3.2-1B,256,20,0,2
3944.33569,3944.33569,10.931,10.931,9841.0,9841.0,12688745061376.0,9286.16867,9286.16867,26.629,26.629,23243.0,23243.0,25341198949376.0,9403.65026,9403.65026,26.662,26.662,23249.0,23249.0,25341198949376.0,2818048,meta-llama/Llama-3.2-1B,256,20,0,4
3868.5495,3868.5495,10.672,10.672,9843.0,9843.0,12717601872896.0,9295.43778,9295.43778,26.189,26.189,23259.0,23259.0,25427517725696.0,9258.33762,9258.33762,26.302,26.302,23271.0,23271.0,25427517725696.0,5636096,meta-llama/Llama-3.2-1B,256,20,0,8
3879.63712,3879.63712,10.791,10.791,9855.0,9855.0,12775315495936.0,9238.69927,9238.69927,26.325,26.325,23289.0,23289.0,25600155278336.0,9380.37141,9380.37141,26.397,26.397,23325.0,23325.0,25600155278336.0,11272192,meta-llama/Llama-3.2-1B,256,20,0,16
3876.99236,3876.99236,10.78,10.78,9877.0,9877.0,12890742742016.0,9100.09401,9100.09401,26.042,26.042,23353.0,23353.0,25945430383616.0,9407.03007,9407.03007,26.146,26.146,23431.0,23431.0,25945430383616.0,22544384,meta-llama/Llama-3.2-1B,256,20,0,32
3934.11874,3934.11874,10.911,10.911,9919.0,9919.0,13121597234176.0,9189.47491,9189.47491,26.311,26.311,23479.0,23479.0,26635980594176.0,9425.96874,9425.96874,26.432,26.432,23649.0,23649.0,26635980594176.0,45088768,meta-llama/Llama-3.2-1B,256,20,0,64
4004.08459,4004.08459,11.085,11.085,10039.0,10039.0,13583306218496.0,9456.2395,9456.2395,26.766,26.766,26105.0,26105.0,28017081015296.0,9766.5809,9766.5809,27.038,27.038,26323.0,26323.0,28017081015296.0,90177536,meta-llama/Llama-3.2-1B,256,20,0,128
4062.09517,4062.09517,11.163,11.163,10157.0,10157.0,14045015202816.0,9720.93078,9720.93078,27.1,27.1,26401.0,26401.0,29398181436416.0,10146.11072,10146.11072,27.459,27.459,26829.0,26829.0,29398181436416.0,135266304,meta-llama/Llama-3.2-1B,256,20,0,192
4134.7887200000005,4134.7887200000005,11.228,11.228,10215.0,10215.0,14506724187136.0,9839.16938,9839.16938,27.304,27.304,26489.0,26489.0,30779281857536.0,10290.28044,10290.28044,27.814,27.814,26933.0,26933.0,30779281857536.0,180355072,meta-llama/Llama-3.2-1B,256,20,0,256
4266.70853,4266.70853,11.605,11.605,10263.0,10263.0,14968433171456.0,10241.61224,10241.61224,28.075,28.075,26645.0,26645.0,32160382278656.0,10779.82108,10779.82108,28.837,28.837,26665.0,26665.0,32160382278656.0,225443840,meta-llama/Llama-3.2-1B,256,20,0,320
4273.55532,4273.55532,11.658,11.658,10385.0,10385.0,15430142155776.0,10185.54186,10185.54186,28.389,28.389,26781.0,26781.0,33541482699776.0,10953.68129,10953.68129,29.153,29.153,26809.0,26809.0,33541482699776.0,270532608,meta-llama/Llama-3.2-1B,256,20,0,384
4354.85683,4354.85683,11.826,11.826,10469.0,10469.0,15891851140096.0,10599.20013,10599.20013,29.556,29.556,26947.0,26947.0,34922583120896.0,11385.23545,11385.23545,30.485,30.485,26985.0,26985.0,34922583120896.0,315621376,meta-llama/Llama-3.2-1B,256,20,0,448
4382.05648,4382.05648,11.941,11.941,10509.0,10509.0,16353560124416.0,10749.2455,10749.2455,29.784,29.784,27019.0,27019.0,36303683542016.0,11615.78494,11615.78494,30.776,30.776,27055.0,27055.0,36303683542016.0,360710144,meta-llama/Llama-3.2-1B,256,20,0,512
1030.02118,1030.02118,3.34,3.34,3833.0,3833.0,3630437514240.0,3578.59321,3578.59321,11.03,11.03,9807.0,9807.0,10890850181120.0,3794.28787,3794.28787,11.505,11.505,10789.0,10789.0,10890850181120.0,355412057,FacebookAI/roberta-large,256,20,0,-1
1243.14459,1243.14459,3.828,3.828,3805.0,3805.0,3633457413120.0,3032.73047,3032.73047,11.499,11.499,9827.0,9827.0,7235924147200.0,3104.7353900000003,3104.7353900000003,11.506,11.506,9827.0,9827.0,7235924147200.0,196608,FacebookAI/roberta-large,256,20,0,1
1240.19512,1240.19512,3.904,3.904,3805.0,3805.0,3635470679040.0,3066.40545,3066.40545,11.167,11.167,9829.0,9829.0,7241932487680.0,3100.67571,3100.67571,11.712,11.712,9829.0,9829.0,7241932487680.0,393216,FacebookAI/roberta-large,256,20,0,2
1249.56824,1249.56824,3.91,3.91,3805.0,3805.0,3639497210880.0,3073.8008600000003,3073.8008600000003,11.617,11.617,9833.0,9833.0,7253949168640.0,3107.66908,3107.66908,11.958,11.958,9833.0,9833.0,7253949168640.0,786432,FacebookAI/roberta-large,256,20,0,4
1229.47375,1229.47375,3.869,3.869,3807.0,3807.0,3647550274560.0,3087.41775,3087.41775,11.44,11.44,9839.0,9839.0,7277982530560.0,3104.33305,3104.33305,11.458,11.458,9841.0,9841.0,7277982530560.0,1572864,FacebookAI/roberta-large,256,20,0,8
1247.87983,1247.87983,3.857,3.857,3809.0,3809.0,3663656401920.0,3078.90659,3078.90659,11.543,11.543,9853.0,9853.0,7326049254400.0,3127.66859,3127.66859,11.691,11.691,9859.0,9859.0,7326049254400.0,3145728,FacebookAI/roberta-large,256,20,0,16
1242.58557,1242.58557,3.855,3.855,3815.0,3815.0,3695868656640.0,3057.72309,3057.72309,11.381,11.381,9879.0,9879.0,7422182702080.0,3142.54689,3142.54689,11.592,11.592,9893.0,9893.0,7422182702080.0,6291456,FacebookAI/roberta-large,256,20,0,32
1251.31017,1251.31017,3.888,3.888,3827.0,3827.0,3760293166080.0,3097.01564,3097.01564,11.739,11.739,9935.0,9935.0,7614449597440.0,3189.92718,3189.92718,11.742,11.742,9963.0,9963.0,7614449597440.0,12582912,FacebookAI/roberta-large,256,20,0,64
1271.10884,1271.10884,3.974,3.974,3851.0,3851.0,3889142184960.0,3143.48803,3143.48803,11.663,11.663,10033.0,10033.0,7998983388160.0,3246.79091,3246.79091,12.045,12.045,10167.0,10167.0,7998983388160.0,25165824,FacebookAI/roberta-large,256,20,0,128
1308.06548,1308.06548,3.999,3.999,3881.0,3881.0,4017991203840.0,3163.1156,3163.1156,11.189,11.189,10189.0,10189.0,8383517178880.0,3336.3220300000003,3336.3220300000003,11.719,11.719,10413.0,10413.0,8383517178880.0,37748736,FacebookAI/roberta-large,256,20,0,192
1303.40392,1303.40392,4.066,4.066,3899.0,3899.0,4146840222720.0,3193.28918,3193.28918,10.827,10.827,10259.0,10259.0,8768050969600.0,3361.2956,3361.2956,12.077,12.077,10539.0,10539.0,8768050969600.0,50331648,FacebookAI/roberta-large,256,20,0,256
1342.00264,1342.00264,4.201,4.201,3931.0,3931.0,4275689241600.0,3335.36536,3335.36536,11.67,11.67,10459.0,10459.0,9152584760320.0,3449.42177,3449.42177,11.231,11.231,10835.0,10835.0,9152584760320.0,62914560,FacebookAI/roberta-large,256,20,0,320
1354.7759,1354.7759,4.11,4.11,3995.0,3995.0,4404538260480.0,3338.98221,3338.98221,11.702,11.702,9657.0,9657.0,9537118551040.0,3521.53596,3521.53596,11.708,11.708,10233.0,10233.0,9537118551040.0,75497472,FacebookAI/roberta-large,256,20,0,384
1366.26991,1366.26991,4.257,4.257,3995.0,3995.0,4533387279360.0,3389.31998,3389.31998,11.547,11.547,10667.0,10667.0,9921652341760.0,3673.97835,3673.97835,11.747,11.747,11235.0,11235.0,9921652341760.0,88080384,FacebookAI/roberta-large,256,20,0,448
1389.41449,1389.41449,4.274,4.274,3995.0,3995.0,4662236298240.0,3450.26896,3450.26896,11.773,11.773,10689.0,10688.982917820867,10306186132480.0,3678.88512,3678.88512,11.741,11.741,11259.0,11259.0,10306186132480.0,100663296,FacebookAI/roberta-large,256,20,0,512
2764.2525100000003,2764.2525100000003,7.239,7.239,8401.0,8401.0,10124823615488.0,8269.73516,8269.73516,21.686,21.686,21645.0,21645.0,30374901053440.0,9146.6315,9146.6315,25.181,25.181,23649.0,23649.0,30374901053440.0,1235814400,meta-llama/Llama-3.2-1B,256,16,0,-1
3181.10028,3181.10028,8.926,8.926,8467.0,8467.0,10133681985536.0,7364.92358,7364.92358,21.408,21.408,19169.0,19169.0,20221167917056.0,7464.25643,7464.25643,21.423,21.423,19171.0,19171.0,20221167917056.0,704512,meta-llama/Llama-3.2-1B,256,16,0,1
3178.59687,3178.59687,9.102,9.102,8467.0,8467.0,10139453347840.0,7543.26606,7543.26606,22.091,22.091,19173.0,19173.0,20238431672320.0,7588.14013,7588.14013,22.112,22.112,19175.0,19175.0,20238431672320.0,1409024,meta-llama/Llama-3.2-1B,256,16,0,2
3198.88842,3198.88842,9.107,9.107,8473.0,8473.0,10150996072448.0,7443.04459,7443.04459,22.124,22.124,19179.0,19179.0,20272959182848.0,7657.18797,7657.18797,22.158,22.158,19185.0,19185.0,20272959182848.0,2818048,meta-llama/Llama-3.2-1B,256,16,0,4
3178.85563,3178.85563,8.909,8.909,8475.0,8475.0,10174081521664.0,7456.89251,7456.89251,21.75,21.75,19193.0,19193.0,20342014203904.0,7541.94189,7541.94189,21.83,21.83,19209.0,19209.0,20342014203904.0,5636096,meta-llama/Llama-3.2-1B,256,16,0,8
3139.45191,3139.45191,8.958,8.958,8487.0,8487.0,10220252420096.0,7466.14152,7466.14152,21.831,21.831,19223.0,19223.0,20480124246016.0,7505.28619,7505.28619,21.915,21.915,19263.0,19263.0,20480124246016.0,11272192,meta-llama/Llama-3.2-1B,256,16,0,16
3156.32736,3156.32736,8.957,8.957,8507.0,8507.0,10312594216960.0,7375.72033,7375.72033,21.608,21.608,19279.0,19279.0,20756344330240.0,7494.00508,7494.00508,21.665,21.665,19371.0,19371.0,20756344330240.0,22544384,meta-llama/Llama-3.2-1B,256,16,0,32
3200.11127,3200.11127,9.032,9.032,8551.0,8551.0,10497277810688.0,7485.50675,7485.50675,21.748,21.748,19395.0,19395.0,21308784498688.0,7654.54739,7654.54739,21.77,21.77,19587.0,19587.0,21308784498688.0,45088768,meta-llama/Llama-3.2-1B,256,16,0,64
3236.27953,3236.27953,9.207,9.207,8637.0,8637.0,10866644998144.0,7584.71004,7584.71004,22.234,22.234,21539.0,21539.0,22413664835584.0,7864.5052,7864.5052,22.512,22.512,21645.0,21645.0,22413664835584.0,90177536,meta-llama/Llama-3.2-1B,256,16,0,128
3296.53372,3296.53372,9.309,9.309,8767.0,8767.0,11236012185600.0,7840.37212,7840.37212,22.554,22.554,21781.0,21781.0,23518545172480.0,8134.43315,8134.43315,22.975,22.975,22211.0,22211.0,23518545172480.0,135266304,meta-llama/Llama-3.2-1B,256,16,0,192
3336.5484300000003,3336.5484300000003,9.365,9.365,8813.0,8813.0,11605379373056.0,7977.93675,7977.93675,22.777,22.777,21861.0,21861.0,24623425509376.0,8405.44536,8405.44536,23.329,23.329,22309.0,22309.0,24623425509376.0,180355072,meta-llama/Llama-3.2-1B,256,16,0,256
3404.58086,3404.58086,9.488,9.488,8915.0,8915.0,11974746560512.0,8183.487,8183.487,23.089,23.089,21989.0,21989.0,25728305846272.0,8674.71445,8674.71445,23.765,23.765,22013.0,22013.0,25728305846272.0,225443840,meta-llama/Llama-3.2-1B,256,16,0,320
3460.19771,3460.19771,9.548,9.548,8993.0,8993.0,12344113747968.0,8259.4979,8259.4979,23.329,23.329,22111.0,22111.0,26833186183168.0,8844.79711,8844.79711,24.067,24.067,22141.0,22141.0,26833186183168.0,270532608,meta-llama/Llama-3.2-1B,256,16,0,384
3532.98692,3532.98692,9.88,9.88,9121.0,9121.0,12713480935424.0,8623.4367,8623.4367,24.619,24.619,22261.0,22261.0,27938066520064.0,9295.62624,9295.62624,25.508,25.508,22299.0,22299.0,27938066520064.0,315621376,meta-llama/Llama-3.2-1B,256,16,0,448
3553.04483,3553.04483,9.945,9.945,9113.0,9113.0,13082848122880.0,8681.0845,8681.0845,24.765,24.765,22305.0,22305.0,29042946856960.0,9428.02544,9428.02544,25.744,25.744,22345.0,22345.0,29042946856960.0,360710144,meta-llama/Llama-3.2-1B,256,16,0,512
913.26127,913.26127,2.939,2.939,3319.0,3319.0,2904350011392.0,2963.72861,2963.72861,10.436,10.436,8165.0,8165.0,8712690439168.0,3100.75536,3100.75536,10.511,10.511,8951.0,8951.0,8712690439168.0,355412057,FacebookAI/roberta-large,256,16,0,-1
1003.61844,1003.61844,3.321,3.321,3309.0,3309.0,2906765930496.0,2561.82074,2561.82074,10.503,10.503,8113.0,8113.0,5788739317760.0,2401.12955,2401.12955,9.549,9.549,8113.0,8113.0,5788739317760.0,196608,FacebookAI/roberta-large,256,16,0,1
1009.06696,1009.06696,3.425,3.425,3309.0,3309.0,2908376543232.0,2572.26884,2572.26884,11.197,11.197,8115.0,8115.0,5793545990144.0,2656.6174,2656.6174,11.423,11.423,8115.0,8115.0,5793545990144.0,393216,FacebookAI/roberta-large,256,16,0,2
989.20183,989.20183,3.429,3.429,3309.0,3309.0,2911597768704.0,2541.72303,2541.72303,11.112,11.112,8117.0,8117.0,5803159334912.0,2543.05791,2543.05791,11.625,11.625,8119.0,8119.0,5803159334912.0,786432,FacebookAI/roberta-large,256,16,0,4
1007.05803,1007.05803,3.358,3.358,3311.0,3311.0,2918040219648.0,2558.24681,2558.24681,10.979,10.979,8123.0,8123.0,5822386024448.0,2635.64941,2635.64941,11.578,11.578,8127.0,8127.0,5822386024448.0,1572864,FacebookAI/roberta-large,256,16,0,8
988.05031,988.05031,3.393,3.393,3313.0,3313.0,2930925121536.0,2269.19116,2269.19116,10.343,10.343,8135.0,8135.0,5860839403520.0,2642.93077,2642.93077,11.462,11.462,8141.0,8141.0,5860839403520.0,3145728,FacebookAI/roberta-large,256,16,0,16
1003.12933,1003.12933,3.381,3.381,3319.0,3319.0,2956694925312.0,2570.41433,2570.41433,10.992,10.992,8159.0,8159.0,5937746161664.0,2605.40661,2605.40661,11.165,11.165,8171.0,8171.0,5937746161664.0,6291456,FacebookAI/roberta-large,256,16,0,32
1011.93498,1011.93498,3.427,3.427,3331.0,3331.0,3008234532864.0,2589.89788,2589.89788,10.926,10.926,8207.0,8207.0,6091559677952.0,2596.82026,2596.82026,11.164,11.164,8231.0,8231.0,6091559677952.0,12582912,FacebookAI/roberta-large,256,16,0,64
1024.65096,1024.65096,3.488,3.488,3355.0,3355.0,3111313747968.0,2644.72808,2644.72808,11.155,11.155,8303.0,8303.0,6399186710528.0,2731.64276,2731.64276,11.268,11.268,8351.0,8351.0,6399186710528.0,25165824,FacebookAI/roberta-large,256,16,0,128
1050.89068,1050.89068,3.494,3.494,3385.0,3385.0,3214392963072.0,2634.75599,2634.75599,10.484,10.484,7663.0,7663.0,6706813743104.0,2740.17758,2740.17758,11.203,11.203,7885.0,7885.0,6706813743104.0,37748736,FacebookAI/roberta-large,256,16,0,192
1067.87021,1067.87021,3.577,3.577,3403.0,3403.0,3317472178176.0,2622.31149,2622.31149,10.055,10.055,8487.0,8487.0,7014440775680.0,2823.44964,2823.44964,11.235,11.235,8769.0,8769.0,7014440775680.0,50331648,FacebookAI/roberta-large,256,16,0,256
1080.44742,1080.44742,3.602,3.602,3435.0,3435.0,3420551393280.0,2737.23699,2737.23699,11.275,11.275,7875.0,7875.0,7322067808256.0,2958.8537,2958.8537,12.141,12.141,8255.0,8255.0,7322067808256.0,62914560,FacebookAI/roberta-large,256,16,0,320
1085.17994,1085.17994,3.629,3.629,3499.0,3499.0,3523630608384.0,2741.06799,2741.06799,9.885,9.885,8049.0,8049.0,7629694840832.0,2977.04966,2977.04966,11.494,11.494,8625.0,8625.0,7629694840832.0,75497472,FacebookAI/roberta-large,256,16,0,384
1115.03312,1115.03312,3.768,3.768,3499.0,3499.0,3626709823488.0,2873.16546,2873.16546,11.48,11.48,8069.0,8069.0,7937321873408.0,3079.11413,3079.11413,12.234,12.234,8645.0,8645.0,7937321873408.0,88080384,FacebookAI/roberta-large,256,16,0,448
1121.87996,1121.87996,3.815,3.815,3499.0,3499.0,3729789038592.0,2875.24339,2875.24339,11.498,11.498,8883.0,8883.0,8244948905984.0,3167.5472600000003,3167.5472600000003,12.8,12.8,9453.0,9453.0,8244948905984.0,100663296,FacebookAI/roberta-large,256,16,0,512
2012.03947,2012.03947,5.45,5.45,7027.0,7027.0,7593617740800.0,6208.6274300000005,6208.6274300000005,16.538,16.538,16971.0,16971.0,22781241486336.0,7122.81963,7122.81963,19.995,19.995,19979.0,19979.0,22781241486336.0,1235814400,meta-llama/Llama-3.2-1B,256,12,0,-1
2345.01475,2345.01475,6.733,6.733,7085.0,7085.0,7600261518336.0,5425.39452,5425.39452,16.303,16.303,15115.0,15115.0,15165875966976.0,5540.6241,5540.6241,16.274,16.274,15115.0,15115.0,15165875966976.0,704512,meta-llama/Llama-3.2-1B,256,12,0,1
2353.2828,2353.2828,6.831,6.831,7087.0,7087.0,7604590040064.0,5493.9482800000005,5493.9482800000005,16.839,16.839,15117.0,15117.0,15178823783424.0,5628.72609,5628.72609,16.778,16.778,15121.0,15121.0,15178823783424.0,1409024,meta-llama/Llama-3.2-1B,256,12,0,2
2350.02319,2350.02319,6.826,6.826,7091.0,7091.0,7613247083520.0,5538.18774,5538.18774,16.851,16.851,15125.0,15125.0,15204719416320.0,5594.56844,5594.56844,16.815,16.815,15131.0,15131.0,15204719416320.0,2818048,meta-llama/Llama-3.2-1B,256,12,0,4
2352.86725,2352.86725,6.753,6.753,7093.0,7093.0,7630561170432.0,5467.8094,5467.8094,16.551,16.551,15139.0,15139.0,15256510682112.0,5535.0829300000005,5535.0829300000005,16.603,16.603,15159.0,15159.0,15256510682112.0,5636096,meta-llama/Llama-3.2-1B,256,12,0,8
2335.15276,2335.15276,6.731,6.731,7105.0,7105.0,7665189344256.0,5504.96043,5504.96043,16.567,16.567,15167.0,15167.0,15360093213696.0,5639.6299,5639.6299,16.718,16.718,15213.0,15213.0,15360093213696.0,11272192,meta-llama/Llama-3.2-1B,256,12,0,16
2263.39901,2263.39901,6.742,6.742,7125.0,7125.0,7734445691904.0,5407.94888,5407.94888,16.218,16.218,15223.0,15223.0,15567258276864.0,5515.96474,5515.96474,16.398,16.398,15321.0,15321.0,15567258276864.0,22544384,meta-llama/Llama-3.2-1B,256,12,0,32
2360.77016,2360.77016,6.797,6.797,7169.0,7169.0,7872958387200.0,5450.4516300000005,5450.4516300000005,16.523,16.523,15333.0,15333.0,15981588403200.0,5626.86828,5626.86828,16.582,16.582,15539.0,15539.0,15981588403200.0,45088768,meta-llama/Llama-3.2-1B,256,12,0,64
2412.60189,2412.60189,6.942,6.942,7251.0,7251.0,8149983777792.0,5585.88096,5585.88096,16.734,16.734,16979.0,16979.0,16810248655872.0,5860.95245,5860.95245,17.017,17.017,17093.0,17093.0,16810248655872.0,90177536,meta-llama/Llama-3.2-1B,256,12,0,128
2442.89572,2442.89572,6.947,6.947,7385.0,7385.0,8427009168384.0,5733.04541,5733.04541,16.916,16.916,17177.0,17177.0,17638908908544.0,6078.26981,6078.26981,17.308,17.308,17607.0,17607.0,17638908908544.0,135266304,meta-llama/Llama-3.2-1B,256,12,0,192
2476.9447800000003,2476.9447800000003,7.073,7.073,7415.0,7415.0,8704034558976.0,5842.25349,5842.25349,17.205,17.205,17265.0,17265.0,18467569161216.0,6167.36459,6167.36459,17.753,17.753,17713.0,17713.0,18467569161216.0,180355072,meta-llama/Llama-3.2-1B,256,12,0,256
2542.89379,2542.89379,7.179,7.179,7521.0,7521.0,8981059949568.0,6037.45136,6037.45136,17.497,17.497,17317.0,17317.0,19296229413888.0,6418.9178600000005,6418.9178600000005,18.212,18.212,17343.0,17343.0,19296229413888.0,225443840,meta-llama/Llama-3.2-1B,256,12,0,320
2606.44288,2606.44288,7.209,7.209,7595.0,7595.0,9258085340160.0,6105.8467900000005,6105.8467900000005,17.694,17.694,17449.0,17449.0,20124889666560.0,6597.22246,6597.22246,18.539,18.539,17481.0,17481.0,20124889666560.0,270532608,meta-llama/Llama-3.2-1B,256,12,0,384
2607.52346,2607.52346,7.325,7.325,7727.0,7727.0,9535110730752.0,6325.0074,6325.0074,18.412,18.412,17605.0,17605.0,20953549919232.0,6849.37047,6849.37047,19.386,19.386,17645.0,17645.0,20953549919232.0,315621376,meta-llama/Llama-3.2-1B,256,12,0,448
2638.43882,2638.43882,7.382,7.382,7755.0,7755.0,9812136121344.0,6417.83338,6417.83338,18.558,18.558,17669.0,17669.0,21782210171904.0,6981.8345500000005,6981.8345500000005,19.584,19.584,17711.0,17711.0,21782210171904.0,360710144,meta-llama/Llama-3.2-1B,256,12,0,512
658.31612,658.31612,1.995,1.995,2781.0,2781.0,2178262508544.0,2700.02828,2700.02828,9.989,9.989,7029.0,7029.0,6534530697216.0,2536.66899,2536.66899,10.057,10.057,7619.0,7619.0,6534530697216.0,355412057,FacebookAI/roberta-large,256,12,0,-1
737.96509,737.96509,2.588,2.588,2783.0,2783.0,2180074447872.0,1945.12995,1945.12995,9.562,9.562,6459.0,6459.0,4341554488320.0,2148.873,2148.873,11.505,11.505,6459.0,6459.0,4341554488320.0,196608,FacebookAI/roberta-large,256,12,0,1
722.33169,722.33169,2.555,2.555,2783.0,2783.0,2181282407424.0,2142.3735500000003,2142.3735500000003,11.001,11.001,6461.0,6461.0,4345159492608.0,2140.56223,2140.56223,11.365,11.365,6461.0,6461.0,4345159492608.0,393216,FacebookAI/roberta-large,256,12,0,2
750.48106,750.48106,2.629,2.629,2783.0,2783.0,2183698326528.0,2128.68931,2128.68931,11.205,11.205,6463.0,6463.0,4352369501184.0,2123.36815,2123.36815,11.286,11.286,6465.0,6465.0,4352369501184.0,786432,FacebookAI/roberta-large,256,12,0,4
735.97427,735.97427,2.55,2.55,2785.0,2785.0,2188530164736.0,2058.24966,2058.24966,10.417,10.417,6467.0,6467.0,4366789518336.0,2109.68442,2109.68442,10.758,10.758,6471.0,6471.0,4366789518336.0,1572864,FacebookAI/roberta-large,256,12,0,8
750.10203,750.10203,2.56,2.56,2787.0,2787.0,2198193841152.0,2079.47402,2079.47402,10.828,10.828,6479.0,6479.0,4395629552640.0,2144.76339,2144.76339,10.982,10.982,6485.0,6485.0,4395629552640.0,3145728,FacebookAI/roberta-large,256,12,0,16
740.38763,740.38763,2.544,2.544,2793.0,2793.0,2217521193984.0,2084.8217600000003,2084.8217600000003,10.785,10.785,6499.0,6499.0,4453309621248.0,2154.1354,2154.1354,11.381,11.381,6513.0,6513.0,4453309621248.0,6291456,FacebookAI/roberta-large,256,12,0,32
748.8638500000001,748.8638500000001,2.593,2.593,2805.0,2805.0,2256175899648.0,2029.8596,2029.8596,9.989,9.989,6543.0,6543.0,4568669758464.0,2188.57149,2188.57149,11.138,11.138,6573.0,6573.0,4568669758464.0,12582912,FacebookAI/roberta-large,256,12,0,64
748.9317500000001,748.9317500000001,2.541,2.541,2829.0,2829.0,2333485310976.0,2147.12306,2147.12306,11.017,11.017,6635.0,6635.0,4799390032896.0,2239.21169,2239.21169,11.401,11.401,6699.0,6699.0,4799390032896.0,25165824,FacebookAI/roberta-large,256,12,0,128
763.41755,763.41755,2.6,2.6,2859.0,2859.0,2410794722304.0,1967.93841,1967.93841,8.203,8.203,6109.0,6109.0,5030110307328.0,2095.77048,2095.77048,9.372,9.372,6333.0,6333.0,5030110307328.0,37748736,FacebookAI/roberta-large,256,12,0,192
783.81868,783.81868,2.5460000000000003,2.5460000000000003,2877.0,2877.0,2488104133632.0,1996.25305,1996.25305,8.686,8.686,6167.0,6167.0,5260830581760.0,2174.36854,2174.36854,11.118,11.118,6451.0,6451.0,5260830581760.0,50331648,FacebookAI/roberta-large,256,12,0,256
789.61551,789.61551,2.61,2.61,2909.0,2909.0,2565413544960.0,2187.00843,2187.00843,10.87,10.87,6275.0,6275.0,5491550856192.0,2339.73339,2339.73339,11.308,11.308,6653.0,6653.0,5491550856192.0,62914560,FacebookAI/roberta-large,256,12,0,320
746.10668,746.10668,2.566,2.566,2973.0,2973.0,2642722956288.0,2269.03719,2269.03719,10.961,10.961,6481.0,6481.0,5722271130624.0,2181.53001,2181.53001,8.705,8.705,7057.0,7057.0,5722271130624.0,75497472,FacebookAI/roberta-large,256,12,0,384
804.41084,804.41084,2.571,2.571,2973.0,2973.0,2720032367616.0,2139.35633,2139.35633,9.631,9.631,6541.0,6541.0,5952991405056.0,2389.00839,2389.00839,11.079,11.079,7117.0,7117.0,5952991405056.0,88080384,FacebookAI/roberta-large,256,12,0,448
815.6265900000001,815.6265900000001,2.605,2.605,2973.0,2973.0,2797341778944.0,2331.62627,2331.62627,11.288,11.288,6567.0,6567.0,6183711679488.0,2447.99823,2447.99823,11.361,11.361,7139.0,7139.0,6183711679488.0,100663296,FacebookAI/roberta-large,256,12,0,512
1373.91575,1373.91575,3.779,3.779,5633.0,5633.0,5062411866112.0,4239.46831,4239.46831,11.934,11.934,13329.0,13329.0,15187581919232.0,5092.68311,5092.68311,15.255,15.255,15333.0,15333.0,15187581919232.0,1235814400,meta-llama/Llama-3.2-1B,256,8,0,-1
1561.60531,1561.60531,4.688,4.688,5667.0,5667.0,5066841051136.0,3684.92852,3684.92852,12.556,12.556,11043.0,11043.0,10110584016896.0,3745.35259,3745.35259,12.806,12.806,11045.0,11045.0,10110584016896.0,704512,meta-llama/Llama-3.2-1B,256,8,0,1
1552.28643,1552.28643,4.776,4.776,5669.0,5669.0,5069726732288.0,3656.73848,3656.73848,11.682,11.682,11045.0,11045.0,10119215894528.0,3814.61962,3814.61962,13.084,13.084,11049.0,11049.0,10119215894528.0,1409024,meta-llama/Llama-3.2-1B,256,8,0,2
1554.0556,1554.0556,4.788,4.788,5671.0,5671.0,5075498094592.0,3785.20221,3785.20221,13.208,13.208,11051.0,11051.0,10136479649792.0,3756.42309,3756.42309,12.549,12.549,11061.0,11061.0,10136479649792.0,2818048,meta-llama/Llama-3.2-1B,256,8,0,4
1541.99646,1541.99646,4.718,4.718,5677.0,5677.0,5087040819200.0,3738.55905,3738.55905,13.01,13.01,11065.0,11065.0,10171007160320.0,3776.00511,3776.00511,12.996,12.996,11087.0,11087.0,10171007160320.0,5636096,meta-llama/Llama-3.2-1B,256,8,0,8
1538.47871,1538.47871,4.737,4.737,5687.0,5687.0,5110126268416.0,3725.83725,3725.83725,13.103,13.103,11089.0,11089.0,10240062181376.0,3772.48674,3772.48674,12.955,12.955,11141.0,11141.0,10240062181376.0,11272192,meta-llama/Llama-3.2-1B,256,8,0,16
1554.65696,1554.65696,4.743,4.743,5709.0,5709.0,5156297166848.0,3685.07135,3685.07135,12.93,12.93,11139.0,11139.0,10378172223488.0,3740.4136,3740.4136,12.706,12.706,11249.0,11249.0,10378172223488.0,22544384,meta-llama/Llama-3.2-1B,256,8,0,32
1573.70582,1573.70582,4.764,4.764,5751.0,5751.0,5248638963712.0,3795.947,3795.947,12.92,12.92,11241.0,11241.0,10654392307712.0,3846.38298,3846.38298,13.003,13.003,11465.0,11465.0,10654392307712.0,45088768,meta-llama/Llama-3.2-1B,256,8,0,64
1608.08773,1608.08773,4.859,4.859,5853.0,5853.0,5433322557440.0,3830.84242,3830.84242,13.068,13.068,12341.0,12341.0,11206832476160.0,3986.12328,3986.12328,13.224,13.224,12509.0,12509.0,11206832476160.0,90177536,meta-llama/Llama-3.2-1B,256,8,0,128
1640.36753,1640.36753,4.921,4.921,5969.0,5969.0,5618006151168.0,3811.56802,3811.56802,11.946,11.946,12577.0,12577.0,11759272644608.0,4038.78293,4038.78293,12.988,12.988,12895.0,12895.0,11759272644608.0,135266304,meta-llama/Llama-3.2-1B,256,8,0,192
1665.89477,1665.89477,4.952,4.952,6009.0,6009.0,5802689744896.0,3995.37548,3995.37548,13.306,13.306,12651.0,12651.0,12311712813056.0,4226.86129,4226.86129,13.556,13.556,12989.0,12989.0,12311712813056.0,180355072,meta-llama/Llama-3.2-1B,256,8,0,256
1668.07342,1668.07342,5.057,5.057,6115.0,6115.0,5987373338624.0,4095.58889,4095.58889,13.334,13.334,12671.0,12671.0,12864152981504.0,4373.03315,4373.03315,13.664,13.664,12699.0,12699.0,12864152981504.0,225443840,meta-llama/Llama-3.2-1B,256,8,0,320
1742.47075,1742.47075,5.083,5.083,6191.0,6191.0,6172056932352.0,4119.93178,4119.93178,12.735,12.735,12783.0,12783.0,13416593149952.0,4457.68245,4457.68245,13.596,13.596,13819.0,13819.0,13416593149952.0,270532608,meta-llama/Llama-3.2-1B,256,8,0,384
1755.50856,1755.50856,5.246,5.246,6321.0,6321.0,6356740526080.0,4243.35192,4243.35192,13.746,13.746,12925.0,12925.0,13969033318400.0,4641.68365,4641.68365,14.432,14.432,13973.0,13973.0,13969033318400.0,315621376,meta-llama/Llama-3.2-1B,256,8,0,448
1779.05335,1779.05335,5.279,5.279,6329.0,6329.0,6541424119808.0,4249.13127,4249.13127,13.259,13.259,12965.0,12965.0,14521473486848.0,4776.4506200000005,4776.4506200000005,14.529,14.529,14011.0,14011.0,14521473486848.0,360710144,meta-llama/Llama-3.2-1B,256,8,0,512
446.96979,446.96979,1.598,1.598,2255.0,2255.0,1452175005696.0,1790.99656,1790.99656,9.666,9.666,5067.0,5067.0,4356370955264.0,2052.40725,2052.40725,10.084,10.084,5855.0,5855.0,4356370955264.0,355412057,FacebookAI/roberta-large,256,8,0,-1
533.70947,533.70947,2.357,2.357,2257.0,2257.0,1453382965248.0,1711.92461,1711.92461,11.287,11.287,4673.0,4673.0,2894369658880.0,1712.24106,1712.24106,11.157,11.157,4673.0,4673.0,2894369658880.0,196608,FacebookAI/roberta-large,256,8,0,1
543.06957,543.06957,2.429,2.429,2257.0,2257.0,1454188271616.0,1694.71856,1694.71856,10.993,10.993,4673.0,4673.0,2896772995072.0,1731.62496,1731.62496,11.608,11.608,4675.0,4675.0,2896772995072.0,393216,FacebookAI/roberta-large,256,8,0,2
539.367,539.367,2.42,2.42,2257.0,2257.0,1455798884352.0,1715.18805,1715.18805,10.709,10.709,4677.0,4677.0,2901579667456.0,1601.01754,1601.01754,10.093,10.093,4677.0,4677.0,2901579667456.0,786432,FacebookAI/roberta-large,256,8,0,4
528.16115,528.16115,2.37,2.37,2259.0,2259.0,1459020109824.0,1709.66949,1709.66949,11.305,11.305,4681.0,4681.0,2911193012224.0,1727.74561,1727.74561,11.281,11.281,4683.0,4683.0,2911193012224.0,1572864,FacebookAI/roberta-large,256,8,0,8
530.59477,530.59477,2.372,2.372,2261.0,2261.0,1465462560768.0,1722.62372,1722.62372,11.443,11.443,4689.0,4689.0,2930419701760.0,1694.18528,1694.18528,11.206,11.206,4697.0,4697.0,2930419701760.0,3145728,FacebookAI/roberta-large,256,8,0,16
535.35824,535.35824,2.472,2.472,2267.0,2267.0,1478347462656.0,1734.59424,1734.59424,11.096,11.096,4707.0,4707.0,2968873080832.0,1739.07137,1739.07137,11.143,11.143,4727.0,4727.0,2968873080832.0,6291456,FacebookAI/roberta-large,256,8,0,32
526.5816,526.5816,2.345,2.345,2279.0,2279.0,1504117266432.0,1706.56997,1706.56997,11.196,11.196,4743.0,4743.0,3045779838976.0,1746.32052,1746.32052,11.259,11.259,4787.0,4787.0,3045779838976.0,12582912,FacebookAI/roberta-large,256,8,0,64
559.60375,559.60375,2.555,2.555,2303.0,2303.0,1555656873984.0,1745.40568,1745.40568,11.27,11.27,4815.0,4815.0,3199593355264.0,1612.49331,1612.49331,9.635,9.635,4907.0,4907.0,3199593355264.0,25165824,FacebookAI/roberta-large,256,8,0,128
545.91404,545.91404,2.366,2.366,2333.0,2333.0,1607196481536.0,1759.29193,1759.29193,11.245,11.245,4913.0,4913.0,3353406871552.0,1648.01118,1648.01118,9.706,9.706,5051.0,5051.0,3353406871552.0,37748736,FacebookAI/roberta-large,256,8,0,192
551.32235,551.32235,2.369,2.369,2351.0,2351.0,1658736089088.0,1774.16126,1774.16126,11.015,11.015,4959.0,4959.0,3507220387840.0,1596.46996,1596.46996,8.491,8.491,5147.0,5147.0,3507220387840.0,50331648,FacebookAI/roberta-large,256,8,0,256
557.79572,557.79572,2.364,2.364,2383.0,2383.0,1710275696640.0,1844.97623,1844.97623,11.183,11.183,4705.0,4705.0,3661033904128.0,1739.93628,1739.93628,9.794,9.794,5089.0,5089.0,3661033904128.0,62914560,FacebookAI/roberta-large,256,8,0,320
564.64863,564.64863,2.385,2.385,2447.0,2447.0,1761815304192.0,1772.22565,1772.22565,11.056,11.056,4845.0,4845.0,3814847420416.0,1915.10881,1915.10881,11.193,11.193,5421.0,5421.0,3814847420416.0,75497472,FacebookAI/roberta-large,256,8,0,384
574.88184,574.88184,2.386,2.386,2447.0,2447.0,1813354911744.0,1862.32667,1862.32667,11.241,11.241,4853.0,4853.0,3968660936704.0,1916.65293,1916.65293,11.043,11.043,5429.0,5429.0,3968660936704.0,88080384,FacebookAI/roberta-large,256,8,0,448
587.67682,587.67682,2.454,2.454,2447.0,2447.0,1864894519296.0,1824.09901,1824.09901,11.19,11.19,4861.0,4861.0,4122474452992.0,1941.29348,1941.29348,11.183,11.183,5435.0,5435.0,4122474452992.0,100663296,FacebookAI/roberta-large,256,8,0,512
682.03499,682.03499,2.121,2.121,4273.0,4273.0,2531205991424.0,2487.05975,2487.05975,9.722,9.722,9115.0,9115.0,7593922352128.0,3275.81701,3275.81701,12.046,12.046,13161.0,13161.0,7593922352128.0,1235814400,meta-llama/Llama-3.2-1B,256,4,0,-1
790.22973,790.22973,2.634,2.634,4283.0,4283.0,2533420583936.0,2389.48628,2389.48628,11.888,11.888,6993.0,6993.0,5055292066816.0,2328.3260800000003,2328.3260800000003,12.739,12.739,6995.0,6995.0,5055292066816.0,704512,meta-llama/Llama-3.2-1B,256,4,0,1
794.25784,794.25784,2.791,2.791,4287.0,4287.0,2534863424512.0,2381.79993,2381.79993,13.487,13.487,6995.0,6995.0,5059608005632.0,2371.7196,2371.7196,12.905,12.905,6999.0,6999.0,5059608005632.0,1409024,meta-llama/Llama-3.2-1B,256,4,0,2
808.34338,808.34338,2.809,2.809,4289.0,4289.0,2537749105664.0,2302.24152,2302.24152,12.337,12.337,7001.0,7001.0,5068239883264.0,2376.55261,2376.55261,13.034,13.034,7009.0,7009.0,5068239883264.0,2818048,meta-llama/Llama-3.2-1B,256,4,0,4
812.95966,812.95966,2.8040000000000003,2.8040000000000003,4293.0,4293.0,2543520467968.0,2409.42507,2409.42507,13.173,13.173,7013.0,7013.0,5085503638528.0,2330.481,2330.481,12.688,12.688,7035.0,7035.0,5085503638528.0,5636096,meta-llama/Llama-3.2-1B,256,4,0,8
803.97078,803.97078,2.771,2.771,4303.0,4303.0,2555063192576.0,2292.36489,2292.36489,12.485,12.485,7037.0,7037.0,5120031149056.0,2365.87762,2365.87762,12.778,12.778,7089.0,7089.0,5120031149056.0,11272192,meta-llama/Llama-3.2-1B,256,4,0,16
809.58599,809.58599,2.829,2.829,4325.0,4325.0,2578148641792.0,2353.91707,2353.91707,12.789,12.789,7083.0,7083.0,5189086170112.0,2214.15941,2214.15941,10.85,10.85,7197.0,7197.0,5189086170112.0,22544384,meta-llama/Llama-3.2-1B,256,4,0,32
813.80489,813.80489,2.78,2.78,4367.0,4367.0,2624319540224.0,2387.2047,2387.2047,13.13,13.13,7175.0,7175.0,5327196212224.0,2402.48402,2402.48402,12.781,12.781,7413.0,7413.0,5327196212224.0,45088768,meta-llama/Llama-3.2-1B,256,4,0,64
817.10013,817.10013,2.766,2.766,4457.0,4457.0,2716661337088.0,2425.44795,2425.44795,13.188,13.188,7751.0,7751.0,5603416296448.0,2439.59981,2439.59981,12.404,12.404,7945.0,7945.0,5603416296448.0,90177536,meta-llama/Llama-3.2-1B,256,4,0,128
830.8993,830.8993,2.781,2.781,4569.0,4569.0,2809003133952.0,2450.98712,2450.98712,12.951,12.951,7921.0,7921.0,5879636380672.0,2519.33609,2519.33609,12.575,12.575,8369.0,8369.0,5879636380672.0,135266304,meta-llama/Llama-3.2-1B,256,4,0,192
850.0684600000001,850.0684600000001,2.8040000000000003,2.8040000000000003,4633.0,4633.0,2901344930816.0,2437.76546,2437.76546,12.882,12.882,8025.0,8025.0,6155856464896.0,2401.71182,2401.71182,11.62,11.62,8421.0,8421.0,6155856464896.0,180355072,meta-llama/Llama-3.2-1B,256,4,0,256
875.95056,875.95056,2.849,2.849,4731.0,4731.0,2993686727680.0,2581.98898,2581.98898,13.097,13.097,8011.0,8011.0,6432076549120.0,2715.62008,2715.62008,12.533,12.533,8527.0,8527.0,6432076549120.0,225443840,meta-llama/Llama-3.2-1B,256,4,0,320
886.23996,886.23996,2.885,2.885,4815.0,4815.0,3086028524544.0,2583.92141,2583.92141,13.086,13.086,8619.0,8619.0,6708296633344.0,2707.97998,2707.97998,12.486,12.486,9143.0,9143.0,6708296633344.0,270532608,meta-llama/Llama-3.2-1B,256,4,0,384
899.5750400000001,899.5750400000001,2.919,2.919,4937.0,4937.0,3178370321408.0,2596.34209,2596.34209,13.094,13.094,8751.0,8751.0,6984516717568.0,2672.91376,2672.91376,10.819,10.819,9269.0,9269.0,6984516717568.0,315621376,meta-llama/Llama-3.2-1B,256,4,0,448
903.34983,903.34983,2.93,2.93,4961.0,4961.0,3270712118272.0,2585.42446,2585.42446,12.929,12.929,8789.0,8789.0,7260736801792.0,2841.57742,2841.57742,12.437,12.437,9309.0,9309.0,7260736801792.0,360710144,meta-llama/Llama-3.2-1B,256,4,0,512
264.76673,264.76673,1.36,1.36,1733.0,1733.0,726087502848.0,1260.34946,1260.34946,9.138,9.138,3455.0,3455.0,2178211213312.0,1453.52536,1453.52536,9.199,9.199,4711.0,4711.0,2178211213312.0,355412057,FacebookAI/roberta-large,256,4,0,-1
349.27538,349.27538,2.185,2.185,1735.0,1735.0,726691482624.0,1283.78905,1283.78905,10.831,10.831,2773.0,2773.0,1447184829440.0,1288.40687,1288.40687,10.773,10.773,2773.0,2773.0,1447184829440.0,196608,FacebookAI/roberta-large,256,4,0,1
357.93254,357.93254,2.288,2.288,1735.0,1735.0,727094135808.0,1336.07711,1336.07711,11.18,11.18,2775.0,2775.0,1448386497536.0,1341.1429,1341.1429,11.144,11.144,2775.0,2775.0,1448386497536.0,393216,FacebookAI/roberta-large,256,4,0,2
383.74501,383.74501,2.226,2.226,1735.0,1735.0,727899442176.0,1366.05268,1366.05268,11.708,11.708,2777.0,2777.0,1450789833728.0,1109.21309,1109.21309,8.471,8.471,2777.0,2777.0,1450789833728.0,786432,FacebookAI/roberta-large,256,4,0,4
359.78774,359.78774,2.236,2.236,1737.0,1737.0,729510054912.0,1353.56802,1353.56802,11.153,11.153,2781.0,2781.0,1455596506112.0,1065.45319,1065.45319,8.339,8.339,2783.0,2783.0,1455596506112.0,1572864,FacebookAI/roberta-large,256,4,0,8
358.84946,358.84946,2.236,2.236,1739.0,1739.0,732731280384.0,1306.25682,1306.25682,10.727,10.727,2787.0,2787.0,1465209850880.0,1306.24451,1306.24451,10.983,10.983,2793.0,2793.0,1465209850880.0,3145728,FacebookAI/roberta-large,256,4,0,16
362.06175,362.06175,2.277,2.277,1745.0,1745.0,739173731328.0,1356.62155,1356.62155,11.273,11.273,2803.0,2803.0,1484436540416.0,1358.62084,1358.62084,10.978,10.978,2815.0,2815.0,1484436540416.0,6291456,FacebookAI/roberta-large,256,4,0,32
354.99948,354.99948,2.208,2.208,1757.0,1757.0,752058633216.0,1296.00007,1296.00007,10.556,10.556,2833.0,2833.0,1522889919488.0,1437.32324,1437.32324,11.969,11.969,2857.0,2857.0,1522889919488.0,12582912,FacebookAI/roberta-large,256,4,0,64
359.54749,359.54749,2.186,2.186,1781.0,1781.0,777828436992.0,1365.1666,1365.1666,11.263,11.263,2893.0,2893.0,1599796677632.0,1393.65879,1393.65879,11.321,11.321,2941.0,2941.0,1599796677632.0,25165824,FacebookAI/roberta-large,256,4,0,128
365.99915,365.99915,2.243,2.243,1811.0,1811.0,803598240768.0,1400.51665,1400.51665,11.552,11.552,2991.0,2991.0,1676703435776.0,1376.35156,1376.35156,10.936,10.936,3047.0,3047.0,1676703435776.0,37748736,FacebookAI/roberta-large,256,4,0,192
370.379,370.379,2.24,2.24,1829.0,1829.0,829368044544.0,1417.96354,1417.96354,11.517,11.517,3013.0,3013.0,1753610193920.0,1385.31656,1385.31656,10.989,10.989,3111.0,3111.0,1753610193920.0,50331648,FacebookAI/roberta-large,256,4,0,256
367.75345,367.75345,2.25,2.25,1861.0,1861.0,855137848320.0,1374.69089,1374.69089,10.83,10.83,3123.0,3123.0,1830516952064.0,1443.02548,1443.02548,11.044,11.044,3283.0,3283.0,1830516952064.0,62914560,FacebookAI/roberta-large,256,4,0,320
370.45406,370.45406,2.155,2.155,1925.0,1925.0,880907652096.0,1214.23542,1214.23542,8.761,8.761,3251.0,3251.0,1907423710208.0,1436.49732,1436.49732,10.79,10.79,3589.0,3589.0,1907423710208.0,75497472,FacebookAI/roberta-large,256,4,0,384
392.26669,392.26669,2.319,2.319,1925.0,1925.0,906677455872.0,1343.83442,1343.83442,10.863,10.863,3251.0,3251.0,1984330468352.0,1455.38417,1455.38417,11.092,11.092,3589.0,3589.0,1984330468352.0,88080384,FacebookAI/roberta-large,256,4,0,448
391.16409,391.16409,2.346,2.346,1925.0,1925.0,932447259648.0,1380.56611,1380.56611,11.066,11.066,3253.0,3253.0,2061237226496.0,1486.17942,1486.17942,11.525,11.525,3589.0,3589.0,2061237226496.0,100663296,FacebookAI/roberta-large,256,4,0,512
3303.80447,3303.80447,8.73,8.73,9781.0,9781.0,,9958.14645,9958.14645,25.953,25.953,23819.0,23819.0,,10843.29454,10843.29454,29.571,29.571,26327.0,26327.0,,1235814400,meta-llama/Llama-3.2-1B,256,20,1,-1
3878.2228,3878.2228,10.758,10.758,9835.0,9835.0,,9155.53041,9155.53041,25.797,25.797,23219.0,23219.0,,9264.11322,9264.11322,25.83,25.83,23221.0,23221.0,,704512,meta-llama/Llama-3.2-1B,256,20,1,1
3912.81123,3912.81123,10.931,10.931,9837.0,9837.0,,9201.35644,9201.35644,26.572,26.572,23223.0,23223.0,,9436.91212,9436.91212,26.588,26.588,23227.0,23226.771918811468,,1409024,meta-llama/Llama-3.2-1B,256,20,1,2
3930.58562,3930.58562,10.942,10.942,9841.0,9841.0,,9268.9805,9268.9805,26.593,26.593,23231.0,23231.0,,9374.23265,9374.23265,26.624,26.624,23237.0,23237.0,,2818048,meta-llama/Llama-3.2-1B,256,20,1,4
3893.13039,3893.13039,10.785,10.785,9843.0,9843.0,,9213.25294,9213.25294,26.127,26.127,23247.0,23247.0,,9321.54955,9321.54955,26.204,26.204,23259.0,23259.0,,5636096,meta-llama/Llama-3.2-1B,256,20,1,8
3908.39248,3908.39248,10.809,10.809,9855.0,9855.0,,9253.21933,9253.21933,26.275,26.275,23277.0,23277.0,,9364.1755,9364.1755,26.349,26.349,23313.0,23313.0,,11272192,meta-llama/Llama-3.2-1B,256,20,1,16
3887.81694,3887.81694,10.799,10.799,9877.0,9877.0,,9212.26715,9212.26715,25.999,25.999,23341.0,23341.0,,9331.89589,9331.89589,26.106,26.106,23419.0,23419.0,,22544384,meta-llama/Llama-3.2-1B,256,20,1,32
3881.86557,3881.86557,10.837,10.837,9919.0,9919.0,,9277.37977,9277.37977,26.166,26.166,23467.0,23467.0,,9393.08976,9393.08976,26.368,26.368,23637.0,23637.0,,45088768,meta-llama/Llama-3.2-1B,256,20,1,64
4044.77363,4044.77363,11.081,11.081,10039.0,10039.0,,9417.30986,9417.30986,26.714,26.714,26093.0,26093.0,,9801.38556,9801.38556,27.02,27.02,26311.0,26311.0,,90177536,meta-llama/Llama-3.2-1B,256,20,1,128
4094.42415,4094.42415,11.182,11.182,10157.0,10157.0,,9691.24979,9691.24979,27.088,27.088,26389.0,26389.0,,10094.74865,10094.74865,27.503,27.503,26817.0,26817.0,,135266304,meta-llama/Llama-3.2-1B,256,20,1,192
4099.17104,4099.17104,11.234,11.234,10215.0,10215.0,,9823.16913,9823.16913,27.259,27.259,26477.0,26477.0,,10286.399,10286.399,27.724,27.724,26921.0,26921.0,,180355072,meta-llama/Llama-3.2-1B,256,20,1,256
4233.77854,4233.77854,11.613,11.613,10263.0,10263.0,,10163.40761,10163.40761,28.035,28.035,26633.0,26633.0,,10765.60384,10765.60384,28.831,28.831,26653.0,26653.0,,225443840,meta-llama/Llama-3.2-1B,256,20,1,320
4258.24651,4258.24651,11.666,11.666,10385.0,10385.0,,10143.20248,10143.20248,28.352,28.352,26769.0,26769.0,,10864.62217,10864.62217,29.16,29.16,26797.0,26797.0,,270532608,meta-llama/Llama-3.2-1B,256,20,1,384
4357.47439,4357.47439,11.861,11.861,10469.0,10469.0,,10592.64326,10592.64326,29.566,29.566,26935.0,26935.0,,11353.31256,11353.31256,30.477,30.477,26973.0,26973.0,,315621376,meta-llama/Llama-3.2-1B,256,20,1,448
4408.74786,4408.74786,11.951,11.951,10509.0,10509.0,,10652.4879,10652.4879,29.743,29.743,27007.0,27007.0,,11577.79865,11577.79865,30.784,30.784,27043.0,27043.0,,360710144,meta-llama/Llama-3.2-1B,256,20,1,512
1138.12021,1138.12021,3.351,3.351,3833.0,3833.0,,3522.88704,3522.88704,10.53,10.53,9795.0,9795.0,,3773.48269,3773.48269,11.511,11.511,10777.0,10777.0,,355412057,FacebookAI/roberta-large,256,20,1,-1
1221.04809,1221.04809,3.84,3.84,3805.0,3805.0,,2999.83674,2999.83674,10.488,10.488,9815.0,9815.0,,2977.60195,2977.60195,10.216,10.216,9815.0,9815.0,,196608,FacebookAI/roberta-large,256,20,1,1
1254.8591,1254.8591,3.907,3.907,3805.0,3805.0,,3042.2539,3042.2539,10.914,10.914,9817.0,9817.0,,3069.85704,3069.85704,10.756,10.756,9817.0,9817.0,,393216,FacebookAI/roberta-large,256,20,1,2
1240.59818,1240.59818,3.908,3.908,3805.0,3805.0,,3041.52376,3041.52376,10.946,10.946,9821.0,9821.0,,2898.33369,2898.33369,9.103,9.103,9821.0,9821.0,,786432,FacebookAI/roberta-large,256,20,1,4
1251.06718,1251.06718,3.874,3.874,3807.0,3807.0,,2910.89369,2910.89369,9.646,9.646,9827.0,9827.0,,2919.53072,2919.53072,9.247,9.247,9829.0,9829.0,,1572864,FacebookAI/roberta-large,256,20,1,8
1234.09764,1234.09764,3.877,3.877,3809.0,3809.0,,2979.34899,2979.34899,10.471,10.471,9841.0,9841.0,,3060.08933,3060.08933,10.769,10.769,9847.0,9847.0,,3145728,FacebookAI/roberta-large,256,20,1,16
1269.02376,1269.02376,3.842,3.842,3815.0,3815.0,,2961.32633,2961.32633,10.617,10.617,9867.0,9867.0,,3036.77225,3036.77225,10.705,10.705,9881.0,9881.0,,6291456,FacebookAI/roberta-large,256,20,1,32
1234.33165,1234.33165,3.908,3.908,3827.0,3827.0,,3063.7082,3063.7082,11.606,11.606,9923.0,9923.0,,3084.15953,3084.15953,10.772,10.772,9951.0,9951.0,,12582912,FacebookAI/roberta-large,256,20,1,64
1271.17818,1271.17818,3.964,3.964,3851.0,3851.0,,2976.08242,2976.08242,9.932,9.932,10021.0,10021.0,,3141.1411900000003,3141.1411900000003,10.454,10.454,10155.0,10155.0,,25165824,FacebookAI/roberta-large,256,20,1,128
1293.50047,1293.50047,4.032,4.032,3881.0,3881.0,,3131.543,3131.543,10.94,10.94,10177.0,10177.0,,3235.80915,3235.80915,10.734,10.734,10401.0,10401.0,,37748736,FacebookAI/roberta-large,256,20,1,192
1317.16836,1317.16836,4.063,4.063,3899.0,3899.0,,3115.2632,3115.2632,10.204,10.204,10247.0,10247.0,,3258.48705,3258.48705,10.755,10.755,10527.0,10527.0,,50331648,FacebookAI/roberta-large,256,20,1,256
1349.76369,1349.76369,4.216,4.216,3931.0,3931.0,,3229.18728,3229.18728,10.681,10.681,10447.0,10447.0,,3385.4136200000003,3385.4136200000003,10.798,10.798,10823.0,10823.0,,62914560,FacebookAI/roberta-large,256,20,1,320
1343.4205,1343.4205,4.226,4.226,3995.0,3995.0,,3210.14921,3210.14921,10.554,10.554,9645.0,9645.0,,3425.6324600000003,3425.6324600000003,10.757,10.757,10221.0,10221.0,,75497472,FacebookAI/roberta-large,256,20,1,384
1372.30485,1372.30485,4.245,4.245,3995.0,3995.0,,3420.76505,3420.76505,10.43,10.43,10655.0,10655.0,,3564.28965,3564.28965,10.796,10.796,11223.0,11223.0,,88080384,FacebookAI/roberta-large,256,20,1,448
1401.93672,1401.93672,4.284,4.284,3995.0,3995.0,,3391.34167,3391.34167,11.068,11.068,10677.0,10677.0,,3595.9606,3595.9606,10.564,10.564,11247.0,11247.0,,100663296,FacebookAI/roberta-large,256,20,1,512
2732.0772,2732.0772,7.273,7.273,8401.0,8401.0,,8234.17344,8234.17344,21.606,21.606,21633.0,21633.0,,9125.04428,9125.04428,25.169,25.169,23637.0,23637.0,,1235814400,meta-llama/Llama-3.2-1B,256,16,1,-1
3165.83657,3165.83657,8.936,8.936,8467.0,8467.0,,7404.3715,7404.3715,21.336,21.336,19157.0,19157.0,,7402.19066,7402.19066,21.357,21.357,19159.0,19159.0,,704512,meta-llama/Llama-3.2-1B,256,16,1,1
3151.9933100000003,3151.9933100000003,9.115,9.115,8467.0,8467.0,,7416.41284,7416.41284,21.997,21.997,19161.0,19161.0,,7579.29216,7579.29216,22.098,22.098,19163.0,19163.0,,1409024,meta-llama/Llama-3.2-1B,256,16,1,2
3179.2554,3179.2554,9.109,9.109,8473.0,8473.0,,7454.11906,7454.11906,22.015,22.015,19167.0,19167.0,,7583.43268,7583.43268,22.12,22.12,19173.0,19173.0,,2818048,meta-llama/Llama-3.2-1B,256,16,1,4
3145.01051,3145.01051,8.968,8.968,8475.0,8475.0,,7401.516,7401.516,21.679,21.679,19181.0,19181.0,,7489.36254,7489.36254,21.755,21.755,19197.0,19197.0,,5636096,meta-llama/Llama-3.2-1B,256,16,1,8
3154.27046,3154.27046,8.96,8.96,8487.0,8487.0,,7421.09723,7421.09723,21.763,21.763,19211.0,19211.0,,7515.264,7515.264,21.854,21.854,19251.0,19251.0,,11272192,meta-llama/Llama-3.2-1B,256,16,1,16
3116.09668,3116.09668,8.96,8.96,8507.0,8507.0,,7316.2289,7316.2289,21.567,21.567,19267.0,19267.0,,7506.5375,7506.5375,21.645,21.645,19359.0,19359.0,,22544384,meta-llama/Llama-3.2-1B,256,16,1,32
3183.11905,3183.11905,9.042,9.042,8551.0,8551.0,,7383.29883,7383.29883,21.715,21.715,19383.0,19383.0,,7589.47869,7589.47869,21.833,21.833,19575.0,19575.0,,45088768,meta-llama/Llama-3.2-1B,256,16,1,64
3239.63425,3239.63425,9.224,9.224,8636.0,8636.0,,7517.82642,7517.82642,22.14,22.14,21526.0,21526.0,,7821.8926,7821.8926,22.418,22.418,21632.0,21632.0,,90177536,meta-llama/Llama-3.2-1B,256,16,1,128
3261.65862,3261.65862,9.309,9.309,8767.0,8767.0,,7787.42878,7787.42878,22.524,22.524,21769.0,21769.0,,8149.2101,8149.2101,22.852,22.852,22199.0,22199.0,,135266304,meta-llama/Llama-3.2-1B,256,16,1,192
3321.71331,3321.71331,9.352,9.352,8813.0,8813.0,,7882.0325,7882.0325,22.708,22.708,21849.0,21849.0,,8305.91482,8305.91482,23.278,23.278,22297.0,22297.0,,180355072,meta-llama/Llama-3.2-1B,256,16,1,256
3397.57854,3397.57854,9.483,9.483,8915.0,8915.0,,8102.77008,8102.77008,23.043,23.043,21977.0,21977.0,,8592.2924,8592.2924,23.703,23.703,22001.0,22001.0,,225443840,meta-llama/Llama-3.2-1B,256,16,1,320
3434.36614,3434.36614,9.436,9.436,8993.0,8993.0,,8150.77815,8150.77815,23.281,23.281,22099.0,22099.0,,8786.81225,8786.81225,24.071,24.071,22129.0,22129.0,,270532608,meta-llama/Llama-3.2-1B,256,16,1,384
3516.98347,3516.98347,9.867,9.867,9121.0,9121.0,,8532.6978,8532.6978,24.561,24.561,22249.0,22249.0,,9215.17704,9215.17704,25.501,25.501,22287.0,22287.0,,315621376,meta-llama/Llama-3.2-1B,256,16,1,448
3517.54398,3517.54398,9.939,9.939,9113.0,9113.0,,8563.29645,8563.29645,24.753,24.753,22293.0,22293.0,,9416.04844,9416.04844,25.827,25.827,22333.0,22333.0,,360710144,meta-llama/Llama-3.2-1B,256,16,1,512
914.50848,914.50848,2.941,2.941,3319.0,3319.0,,2869.85159,2869.85159,9.175,9.175,8153.0,8153.0,,2974.37007,2974.37007,10.086,10.086,8939.0,8939.0,,355412057,FacebookAI/roberta-large,256,16,1,-1
979.61909,979.61909,3.322,3.322,3309.0,3309.0,,2541.66996,2541.66996,10.822,10.822,8101.0,8101.0,,2538.63064,2538.63064,10.628,10.628,8101.0,8101.0,,196608,FacebookAI/roberta-large,256,16,1,1
1023.40373,1023.40373,3.44,3.44,3309.0,3309.0,,2505.60267,2505.60267,10.049,10.049,8103.0,8103.0,,2459.57829,2459.57829,9.192,9.192,8103.0,8103.0,,393216,FacebookAI/roberta-large,256,16,1,2
1017.90518,1017.90518,3.416,3.416,3309.0,3309.0,,2615.20169,2615.20169,11.168,11.168,8105.0,8105.0,,2593.47366,2593.47366,10.887,10.887,8107.0,8107.0,,786432,FacebookAI/roberta-large,256,16,1,4
1013.5483,1013.5483,3.395,3.395,3311.0,3311.0,,2417.31988,2417.31988,8.938,8.938,8111.0,8111.0,,2528.04728,2528.04728,10.238,10.238,8115.0,8115.0,,1572864,FacebookAI/roberta-large,256,16,1,8
1011.82651,1011.82651,3.387,3.387,3313.0,3313.0,,2431.34696,2431.34696,9.083,9.083,8123.0,8123.0,,2450.75841,2450.75841,9.483,9.483,8129.0,8129.0,,3145728,FacebookAI/roberta-large,256,16,1,16
996.05068,996.05068,3.406,3.406,3319.0,3319.0,,2373.51207,2373.51207,8.868,8.868,8147.0,8147.0,,2648.99904,2648.99904,11.274,11.274,8159.0,8159.0,,6291456,FacebookAI/roberta-large,256,16,1,32
1016.93606,1016.93606,3.426,3.426,3331.0,3331.0,,2630.39952,2630.39952,10.854,10.854,8195.0,8195.0,,2476.53573,2476.53573,9.032,9.032,8219.0,8219.0,,12582912,FacebookAI/roberta-large,256,16,1,64
1037.91957,1037.91957,3.479,3.479,3355.0,3355.0,,2517.15885,2517.15885,10.766,10.766,8291.0,8291.0,,2489.41201,2489.41201,8.272,8.272,8339.0,8339.0,,25165824,FacebookAI/roberta-large,256,16,1,128
1036.51771,1036.51771,3.548,3.548,3385.0,3385.0,,2621.78416,2621.78416,10.588,10.588,7651.0,7651.0,,2690.42176,2690.42176,10.492,10.492,7873.0,7873.0,,37748736,FacebookAI/roberta-large,256,16,1,192
1064.97932,1064.97932,3.574,3.574,3403.0,3403.0,,2735.70618,2735.70618,10.885,10.885,8475.0,8475.0,,2719.56216,2719.56216,10.522,10.522,8757.0,8757.0,,50331648,FacebookAI/roberta-large,256,16,1,256
1069.72553,1069.72553,3.59,3.59,3435.0,3435.0,,2597.20519,2597.20519,9.186,9.186,7863.0,7863.0,,2798.1112000000003,2798.1112000000003,9.807,9.807,8243.0,8243.0,,62914560,FacebookAI/roberta-large,256,16,1,320
1095.57406,1095.57406,3.653,3.653,3499.0,3499.0,,2645.46456,2645.46456,10.598,10.598,8037.0,8037.0,,2733.35996,2733.35996,9.003,9.003,8613.0,8613.0,,75497472,FacebookAI/roberta-large,256,16,1,384
1128.2494,1128.2494,3.784,3.784,3499.0,3499.0,,2774.68984,2774.68984,11.054,11.054,8057.0,8057.0,,2928.88767,2928.88767,10.422,10.422,8633.0,8633.0,,88080384,FacebookAI/roberta-large,256,16,1,448
1133.67251,1133.67251,3.806,3.806,3499.0,3499.0,,2840.51344,2840.51344,10.871,10.871,8871.0,8871.0,,3019.44284,3019.44284,10.482,10.482,9441.0,9441.0,,100663296,FacebookAI/roberta-large,256,16,1,512
2029.33939,2029.33939,5.434,5.434,7027.0,7027.0,,6176.64791,6176.64791,16.418,16.418,16959.0,16959.0,,7042.78139,7042.78139,19.97,19.97,19967.0,19967.0,,1235814400,meta-llama/Llama-3.2-1B,256,12,1,-1
2340.13391,2340.13391,6.718,6.718,7085.0,7085.0,,5415.542280000001,5415.542280000001,16.141,16.141,15103.0,15103.0,,5535.34118,5535.34118,16.134,16.134,15103.0,15103.0,,704512,meta-llama/Llama-3.2-1B,256,12,1,1
2362.43559,2362.43559,6.841,6.841,7087.0,7087.0,,5457.00555,5457.00555,16.504,16.504,15105.0,15105.0,,5541.08233,5541.08233,16.444,16.444,15109.0,15109.0,,1409024,meta-llama/Llama-3.2-1B,256,12,1,2
2358.7234200000003,2358.7234200000003,6.842,6.842,7091.0,7091.0,,5457.07305,5457.07305,16.714,16.714,15113.0,15113.0,,5581.24562,5581.24562,16.691,16.691,15119.0,15119.0,,2818048,meta-llama/Llama-3.2-1B,256,12,1,4
2314.31792,2314.31792,6.742,6.742,7093.0,7093.0,,5423.49588,5423.49588,16.266,16.266,15127.0,15127.0,,5498.06181,5498.06181,16.428,16.428,15147.0,15147.0,,5636096,meta-llama/Llama-3.2-1B,256,12,1,8
2317.73936,2317.73936,6.76,6.76,7105.0,7105.0,,5477.7825,5477.7825,16.427,16.427,15155.0,15155.0,,5443.84603,5443.84603,16.246,16.246,15201.0,15201.0,,11272192,meta-llama/Llama-3.2-1B,256,12,1,16
2347.94188,2347.94188,6.75,6.75,7125.0,7125.0,,5437.67318,5437.67318,16.133,16.133,15211.0,15211.0,,5554.00193,5554.00193,16.356,16.356,15309.0,15309.0,,22544384,meta-llama/Llama-3.2-1B,256,12,1,32
2343.3811100000003,2343.3811100000003,6.8,6.8,7169.0,7169.0,,5452.24901,5452.24901,16.448,16.448,15321.0,15321.0,,5613.60918,5613.60918,16.558,16.558,15527.0,15527.0,,45088768,meta-llama/Llama-3.2-1B,256,12,1,64
2404.90622,2404.90622,6.947,6.947,7251.0,7251.0,,5653.82556,5653.82556,16.733,16.733,16967.0,16967.0,,5763.30623,5763.30623,16.993,16.993,17081.0,17081.0,,90177536,meta-llama/Llama-3.2-1B,256,12,1,128
2445.9364,2445.9364,6.957,6.957,7385.0,7385.0,,5708.434020000001,5708.434020000001,16.854,16.854,17165.0,17165.0,,5987.48387,5987.48387,17.271,17.271,17595.0,17595.0,,135266304,meta-llama/Llama-3.2-1B,256,12,1,192
2455.49974,2455.49974,7.061,7.061,7415.0,7415.0,,5777.59494,5777.59494,17.001,17.001,17253.0,17253.0,,6196.38358,6196.38358,17.686,17.686,17701.0,17701.0,,180355072,meta-llama/Llama-3.2-1B,256,12,1,256
2511.05254,2511.05254,7.182,7.182,7521.0,7521.0,,6039.67585,6039.67585,17.404,17.404,17305.0,17305.0,,6446.5637400000005,6446.5637400000005,18.145,18.145,17331.0,17331.0,,225443840,meta-llama/Llama-3.2-1B,256,12,1,320
2557.76397,2557.76397,7.241,7.241,7595.0,7595.0,,6051.72173,6051.72173,17.644,17.644,17437.0,17437.0,,6579.563090000001,6579.563090000001,18.438,18.438,17469.0,17469.0,,270532608,meta-llama/Llama-3.2-1B,256,12,1,384
2605.12234,2605.12234,7.325,7.325,7727.0,7727.0,,6262.03169,6262.03169,18.328,18.328,17593.0,17593.0,,6861.53671,6861.53671,19.403,19.403,17633.0,17633.0,,315621376,meta-llama/Llama-3.2-1B,256,12,1,448
2634.20355,2634.20355,7.387,7.387,7755.0,7755.0,,6354.42773,6354.42773,18.507,18.507,17657.0,17657.0,,6958.95105,6958.95105,19.602,19.602,17699.0,17699.0,,360710144,meta-llama/Llama-3.2-1B,256,12,1,512
685.09456,685.09456,2.058,2.058,2781.0,2781.0,,2120.5107,2120.5107,6.863,6.863,7017.0,7017.0,,2376.61697,2376.61697,7.969,7.969,7607.0,7607.0,,355412057,FacebookAI/roberta-large,256,12,1,-1
754.6114200000001,754.6114200000001,2.886,2.886,2783.0,2783.0,,2065.91712,2065.91712,10.671,10.671,6447.0,6447.0,,1946.46312,1946.46312,8.53,8.53,6446.0,6446.0,,196608,FacebookAI/roberta-large,256,12,1,1
770.13397,770.13397,2.823,2.823,2783.0,2783.0,,2107.29679,2107.29679,11.132,11.132,6449.0,6449.0,,2038.70006,2038.70006,9.954,9.954,6449.0,6449.0,,393216,FacebookAI/roberta-large,256,12,1,2
763.78956,763.78956,2.84,2.84,2783.0,2783.0,,2024.31321,2024.31321,9.964,9.964,6451.0,6451.0,,2115.32441,2115.32441,10.997,10.997,6453.0,6453.0,,786432,FacebookAI/roberta-large,256,12,1,4
750.50829,750.50829,2.742,2.742,2785.0,2785.0,,2088.96702,2088.96702,10.664,10.664,6455.0,6455.0,,2076.96173,2076.96173,10.54,10.54,6459.0,6459.0,,1572864,FacebookAI/roberta-large,256,12,1,8
768.74479,768.74479,2.799,2.799,2787.0,2787.0,,2059.00795,2059.00795,9.932,9.932,6467.0,6467.0,,2049.31994,2049.31994,10.021,10.021,6473.0,6473.0,,3145728,FacebookAI/roberta-large,256,12,1,16
757.42312,757.42312,2.782,2.782,2793.0,2793.0,,2092.59441,2092.59441,11.034,11.034,6487.0,6487.0,,2087.07974,2087.07974,10.148,10.148,6501.0,6501.0,,6291456,FacebookAI/roberta-large,256,12,1,32
762.12487,762.12487,2.745,2.745,2805.0,2805.0,,1998.8735,1998.8735,9.433,9.433,6531.0,6531.0,,2095.50883,2095.50883,10.763,10.763,6561.0,6561.0,,12582912,FacebookAI/roberta-large,256,12,1,64
767.90757,767.90757,2.779,2.779,2829.0,2829.0,,2111.46921,2111.46921,10.643,10.643,6625.0,6625.0,,2123.22944,2123.22944,10.634,10.634,6687.0,6687.0,,25165824,FacebookAI/roberta-large,256,12,1,128
788.59316,788.59316,2.795,2.795,2859.0,2859.0,,2134.04907,2134.04907,10.442,10.442,6097.0,6097.0,,2108.13411,2108.13411,10.119,10.119,6321.0,6321.0,,37748736,FacebookAI/roberta-large,256,12,1,192
817.12768,817.12768,2.753,2.753,2877.0,2877.0,,2177.38028,2177.38028,10.708,10.708,6155.0,6155.0,,2268.56291,2268.56291,10.514,10.514,6439.0,6439.0,,50331648,FacebookAI/roberta-large,256,12,1,256
795.66769,795.66769,2.767,2.767,2909.0,2909.0,,2127.66461,2127.66461,9.232,9.232,6263.0,6263.0,,2353.69804,2353.69804,10.962,10.962,6641.0,6641.0,,62914560,FacebookAI/roberta-large,256,12,1,320
807.43448,807.43448,2.767,2.767,2973.0,2973.0,,2293.90008,2293.90008,11.129,11.129,6469.0,6469.0,,2437.65695,2437.65695,10.826,10.826,7045.0,7045.0,,75497472,FacebookAI/roberta-large,256,12,1,384
815.19821,815.19821,2.8040000000000003,2.8040000000000003,2973.0,2973.0,,2230.55003,2230.55003,10.371,10.371,6529.0,6529.0,,2331.11787,2331.11787,9.913,9.913,7105.0,7105.0,,88080384,FacebookAI/roberta-large,256,12,1,448
838.1504,838.1504,2.767,2.767,2973.0,2973.0,,2290.64719,2290.64719,10.501,10.501,6555.0,6555.0,,2269.00589,2269.00589,9.93,9.93,7127.0,7127.0,,100663296,FacebookAI/roberta-large,256,12,1,512
1369.85244,1369.85244,3.786,3.786,5633.0,5633.0,,4260.94188,4260.94188,11.892,11.892,13317.0,13317.0,,5083.82366,5083.82366,15.257,15.257,15321.0,15321.0,,1235814400,meta-llama/Llama-3.2-1B,256,8,1,-1
1552.82144,1552.82144,4.702,4.702,5667.0,5667.0,,3616.14902,3616.14902,11.826,11.826,11031.0,11031.0,,3685.64687,3685.64687,11.795,11.795,11033.0,11033.0,,704512,meta-llama/Llama-3.2-1B,256,8,1,1
1552.07767,1552.07767,4.804,4.804,5669.0,5669.0,,3712.8205,3712.8205,12.448,12.448,11033.0,11033.0,,3704.89708,3704.89708,12.106,12.106,11037.0,11037.0,,1409024,meta-llama/Llama-3.2-1B,256,8,1,2
1548.40523,1548.40523,4.798,4.798,5671.0,5671.0,,3687.58929,3687.58929,12.349,12.349,11039.0,11039.0,,3732.96295,3732.96295,12.295,12.295,11049.0,11049.0,,2818048,meta-llama/Llama-3.2-1B,256,8,1,4
1553.77279,1553.77279,4.72,4.72,5677.0,5677.0,,3642.931,3642.931,12.228,12.228,11053.0,11053.0,,3685.22127,3685.22127,12.103,12.103,11075.0,11075.0,,5636096,meta-llama/Llama-3.2-1B,256,8,1,8
1566.60496,1566.60496,4.74,4.74,5687.0,5687.0,,3654.85966,3654.85966,12.081,12.081,11077.0,11077.0,,3669.66717,3669.66717,12.053,12.053,11129.0,11129.0,,11272192,meta-llama/Llama-3.2-1B,256,8,1,16
1555.1946,1555.1946,4.754,4.754,5709.0,5709.0,,3632.30115,3632.30115,12.03,12.03,11127.0,11127.0,,3682.12476,3682.12476,12.02,12.02,11237.0,11237.0,,22544384,meta-llama/Llama-3.2-1B,256,8,1,32
1550.19485,1550.19485,4.782,4.782,5751.0,5751.0,,3604.36749,3604.36749,11.452,11.452,11229.0,11229.0,,3757.33972,3757.33972,12.084,12.084,11453.0,11453.0,,45088768,meta-llama/Llama-3.2-1B,256,8,1,64
1605.94773,1605.94773,4.878,4.878,5853.0,5853.0,,3753.18351,3753.18351,12.169,12.169,12329.0,12329.0,,3892.98488,3892.98488,12.39,12.39,12497.0,12497.0,,90177536,meta-llama/Llama-3.2-1B,256,8,1,128
1632.22194,1632.22194,4.918,4.918,5969.0,5969.0,,3847.54325,3847.54325,12.281,12.281,12565.0,12565.0,,4057.82511,4057.82511,12.647,12.647,12883.0,12883.0,,135266304,meta-llama/Llama-3.2-1B,256,8,1,192
1648.02051,1648.02051,4.959,4.959,6009.0,6009.0,,3851.96085,3851.96085,12.263,12.263,12639.0,12639.0,,4169.96671,4169.96671,12.944,12.944,12977.0,12977.0,,180355072,meta-llama/Llama-3.2-1B,256,8,1,256
1703.35091,1703.35091,5.062,5.062,6115.0,6115.0,,4000.60514,4000.60514,12.488,12.488,12659.0,12659.0,,4375.34832,4375.34832,13.302,13.302,12687.0,12687.0,,225443840,meta-llama/Llama-3.2-1B,256,8,1,320
1718.04607,1718.04607,5.109,5.109,6191.0,6191.0,,4083.44412,4083.44412,12.747,12.747,12771.0,12771.0,,4478.78119,4478.78119,13.506,13.506,13807.0,13807.0,,270532608,meta-llama/Llama-3.2-1B,256,8,1,384
1754.14375,1754.14375,5.254,5.254,6321.0,6321.0,,4206.77767,4206.77767,13.387,13.387,12913.0,12913.0,,4649.84563,4649.84563,14.245,14.245,13961.0,13961.0,,315621376,meta-llama/Llama-3.2-1B,256,8,1,448
1757.27783,1757.27783,5.294,5.294,6329.0,6329.0,,4242.06983,4242.06983,13.403,13.403,12953.0,12953.0,,4759.52612,4759.52612,14.461,14.461,13999.0,13999.0,,360710144,meta-llama/Llama-3.2-1B,256,8,1,512
461.6224,461.6224,1.728,1.728,2255.0,2255.0,,1544.96718,1544.96718,6.215,6.215,5055.0,5055.0,,1820.15913,1820.15913,7.976,7.976,5843.0,5843.0,,355412057,FacebookAI/roberta-large,256,8,1,-1
549.5226,549.5226,2.506,2.506,2257.0,2257.0,,1640.23368,1640.23368,10.722,10.722,4661.0,4661.0,,1427.01053,1427.01053,7.446,7.446,4661.0,4661.0,,196608,FacebookAI/roberta-large,256,8,1,1
563.91189,563.91189,2.683,2.683,2257.0,2257.0,,1718.90397,1718.90397,11.315,11.315,4661.0,4661.0,,1686.67002,1686.67002,10.826,10.826,4663.0,4663.0,,393216,FacebookAI/roberta-large,256,8,1,2
556.17184,556.17184,2.569,2.569,2257.0,2257.0,,1722.83956,1722.83956,11.263,11.263,4665.0,4665.0,,1631.12897,1631.12897,10.523,10.523,4665.0,4665.0,,786432,FacebookAI/roberta-large,256,8,1,4
539.29007,539.29007,2.585,2.585,2259.0,2259.0,,1610.68621,1610.68621,10.101,10.101,4669.0,4669.0,,1457.06876,1457.06876,9.526,9.526,4671.0,4671.0,,1572864,FacebookAI/roberta-large,256,8,1,8
539.10146,539.10146,2.516,2.516,2261.0,2261.0,,1670.57595,1670.57595,10.873,10.873,4677.0,4677.0,,1669.05666,1669.05666,10.478,10.478,4685.0,4685.0,,3145728,FacebookAI/roberta-large,256,8,1,16
547.90135,547.90135,2.571,2.571,2267.0,2267.0,,1658.24297,1658.24297,10.882,10.882,4695.0,4695.0,,1665.46614,1665.46614,10.572,10.572,4715.0,4715.0,,6291456,FacebookAI/roberta-large,256,8,1,32
566.94374,566.94374,2.716,2.716,2279.0,2279.0,,1706.3644,1706.3644,11.066,11.066,4731.0,4731.0,,1697.89925,1697.89925,10.754,10.754,4775.0,4775.0,,12582912,FacebookAI/roberta-large,256,8,1,64
558.71051,558.71051,2.522,2.522,2303.0,2303.0,,1425.76799,1425.76799,7.393,7.393,4803.0,4803.0,,1607.78059,1607.78059,9.423,9.423,4895.0,4895.0,,25165824,FacebookAI/roberta-large,256,8,1,128
558.79987,558.79987,2.504,2.504,2333.0,2333.0,,1730.89201,1730.89201,10.894,10.894,4901.0,4901.0,,1769.3506,1769.3506,10.31,10.31,5039.0,5039.0,,37748736,FacebookAI/roberta-large,256,8,1,192
587.19283,587.19283,2.545,2.545,2351.0,2351.0,,1761.37131,1761.37131,10.869,10.869,4947.0,4947.0,,1724.30803,1724.30803,10.357,10.357,5135.0,5135.0,,50331648,FacebookAI/roberta-large,256,8,1,256
579.83447,579.83447,2.552,2.552,2383.0,2383.0,,1537.20991,1537.20991,7.969,7.969,4693.0,4693.0,,1617.60901,1617.60901,8.281,8.281,5077.0,5077.0,,62914560,FacebookAI/roberta-large,256,8,1,320
583.77962,583.77962,2.595,2.595,2447.0,2447.0,,1817.14904,1817.14904,10.787,10.787,4833.0,4833.0,,1790.93923,1790.93923,10.3,10.3,5409.0,5409.0,,75497472,FacebookAI/roberta-large,256,8,1,384
582.97921,582.97921,2.537,2.537,2447.0,2447.0,,1709.43563,1709.43563,9.886,9.886,4841.0,4841.0,,1720.91428,1720.91428,8.185,8.185,5417.0,5417.0,,88080384,FacebookAI/roberta-large,256,8,1,448
594.49033,594.49033,2.596,2.596,2447.0,2447.0,,1842.70807,1842.70807,10.251,10.251,4849.0,4849.0,,1910.10145,1910.10145,10.41,10.41,5423.0,5423.0,,100663296,FacebookAI/roberta-large,256,8,1,512
723.27439,723.27439,2.064,2.064,4273.0,4273.0,,2263.76542,2263.76542,6.928,6.928,9103.0,9103.0,,3172.5912,3172.5912,10.949,10.949,13149.0,13149.0,,1235814400,meta-llama/Llama-3.2-1B,256,4,1,-1
803.28043,803.28043,2.837,2.837,4283.0,4283.0,,2285.78783,2285.78783,11.505,11.505,6981.0,6980.415268456376,,2192.62272,2192.62272,10.892,10.892,6982.0,6982.0,,704512,meta-llama/Llama-3.2-1B,256,4,1,1
819.8729,819.8729,2.949,2.949,4287.0,4287.0,,2076.64095,2076.64095,9.292,9.292,6983.0,6983.0,,2188.5415,2188.5415,11.028,11.028,6987.0,6987.0,,1409024,meta-llama/Llama-3.2-1B,256,4,1,2
835.52522,835.52522,3.0,3.0,4289.0,4289.0,,2266.1707,2266.1707,11.903,11.903,6989.0,6989.0,,2323.57834,2323.57834,11.686,11.686,6997.0,6997.0,,2818048,meta-llama/Llama-3.2-1B,256,4,1,4
819.85158,819.85158,2.99,2.99,4293.0,4293.0,,2186.02498,2186.02498,10.934,10.934,7001.0,7001.0,,2200.02963,2200.02963,11.04,11.04,7023.0,7023.0,,5636096,meta-llama/Llama-3.2-1B,256,4,1,8
810.54029,810.54029,2.974,2.974,4303.0,4303.0,,2266.62885,2266.62885,11.7,11.7,7025.0,7025.0,,2205.31112,2205.31112,10.305,10.305,7077.0,7077.0,,11272192,meta-llama/Llama-3.2-1B,256,4,1,16
822.0335200000001,822.0335200000001,2.944,2.944,4325.0,4325.0,,2216.80474,2216.80474,11.882,11.882,7071.0,7071.0,,2031.62239,2031.62239,9.063,9.063,7185.0,7185.0,,22544384,meta-llama/Llama-3.2-1B,256,4,1,32
821.94282,821.94282,3.007,3.007,4367.0,4367.0,,2273.75771,2273.75771,11.974,11.974,7163.0,7163.0,,2141.6948,2141.6948,9.956,9.956,7401.0,7401.0,,45088768,meta-llama/Llama-3.2-1B,256,4,1,64
822.04033,822.04033,2.892,2.892,4457.0,4457.0,,2222.04889,2222.04889,10.371,10.371,7739.0,7739.0,,2375.38827,2375.38827,11.264,11.264,7933.0,7933.0,,90177536,meta-llama/Llama-3.2-1B,256,4,1,128
840.2271000000001,840.2271000000001,2.831,2.831,4569.0,4569.0,,2103.05605,2103.05605,8.698,8.698,7909.0,7909.0,,2320.79223,2320.79223,10.09,10.09,8357.0,8357.0,,135266304,meta-llama/Llama-3.2-1B,256,4,1,192
857.0512200000001,857.0512200000001,2.886,2.886,4633.0,4633.0,,2330.56142,2330.56142,10.945,10.945,8013.0,8013.0,,2370.74841,2370.74841,10.596,10.596,8409.0,8409.0,,180355072,meta-llama/Llama-3.2-1B,256,4,1,256
874.17547,874.17547,2.89,2.89,4731.0,4731.0,,2459.31878,2459.31878,11.681,11.681,7999.0,7999.0,,2453.00256,2453.00256,10.265,10.265,8515.0,8515.0,,225443840,meta-llama/Llama-3.2-1B,256,4,1,320
882.43335,882.43335,2.895,2.895,4815.0,4815.0,,2456.77903,2456.77903,11.674,11.674,8607.0,8607.0,,2586.1985600000003,2586.1985600000003,11.001,11.001,9131.0,9131.0,,270532608,meta-llama/Llama-3.2-1B,256,4,1,384
909.62602,909.62602,2.975,2.975,4937.0,4937.0,,2499.76094,2499.76094,11.667,11.667,8739.0,8739.0,,2736.90086,2736.90086,11.104,11.104,9257.0,9257.0,,315621376,meta-llama/Llama-3.2-1B,256,4,1,448
867.31125,867.31125,2.831,2.831,4961.0,4961.0,,2307.25352,2307.25352,8.616,8.616,8777.0,8777.0,,2730.8893900000003,2730.8893900000003,11.111,11.111,9297.0,9297.0,,360710144,meta-llama/Llama-3.2-1B,256,4,1,512
279.95953000000003,279.95953000000003,1.466,1.466,1733.0,1733.0,,897.9867,897.9867,4.578,4.578,3443.0,3443.0,,1337.98345,1337.98345,8.007,8.007,4699.0,4699.0,,355412057,FacebookAI/roberta-large,256,4,1,-1
369.29441,369.29441,2.417,2.417,1735.0,1735.0,,1252.87586,1252.87586,10.578,10.578,2761.0,2761.0,,1260.29037,1260.29037,10.573,10.573,2761.0,2761.0,,196608,FacebookAI/roberta-large,256,4,1,1
384.48062,384.48062,2.568,2.568,1735.0,1735.0,,1328.13099,1328.13099,11.075,11.075,2763.0,2763.0,,1319.56873,1319.56873,11.041,11.041,2763.0,2763.0,,393216,FacebookAI/roberta-large,256,4,1,2
389.7831,389.7831,2.489,2.489,1735.0,1735.0,,1274.2918,1274.2918,10.454,10.454,2765.0,2765.0,,1179.37502,1179.37502,9.396,9.396,2765.0,2765.0,,786432,FacebookAI/roberta-large,256,4,1,4
367.76569,367.76569,2.36,2.36,1737.0,1737.0,,1312.13186,1312.13186,10.728,10.728,2769.0,2769.0,,1294.13564,1294.13564,10.902,10.902,2771.0,2771.0,,1572864,FacebookAI/roberta-large,256,4,1,8
375.85256,375.85256,2.459,2.459,1739.0,1739.0,,1226.03122,1226.03122,10.119,10.119,2775.0,2775.0,,1069.96209,1069.96209,8.212,8.212,2781.0,2781.0,,3145728,FacebookAI/roberta-large,256,4,1,16
379.40611,379.40611,2.42,2.42,1745.0,1745.0,,1342.62888,1342.62888,11.218,11.218,2791.0,2791.0,,1346.28662,1346.28662,10.909,10.909,2803.0,2803.0,,6291456,FacebookAI/roberta-large,256,4,1,32
367.38237,367.38237,2.336,2.336,1757.0,1757.0,,1302.85371,1302.85371,10.128,10.128,2821.0,2821.0,,1183.1968,1183.1968,9.576,9.576,2845.0,2845.0,,12582912,FacebookAI/roberta-large,256,4,1,64
373.11784,373.11784,2.319,2.319,1781.0,1781.0,,1303.46606,1303.46606,10.527,10.527,2881.0,2881.0,,1334.00654,1334.00654,10.763,10.763,2929.0,2929.0,,25165824,FacebookAI/roberta-large,256,4,1,128
388.88862,388.88862,2.433,2.433,1811.0,1811.0,,1104.93684,1104.93684,8.101,8.101,2979.0,2979.0,,1343.85469,1343.85469,10.29,10.29,3035.0,3035.0,,37748736,FacebookAI/roberta-large,256,4,1,192
378.72033,378.72033,2.374,2.374,1829.0,1829.0,,1334.29156,1334.29156,10.556,10.556,3001.0,3001.0,,1406.93109,1406.93109,10.935,10.935,3099.0,3099.0,,50331648,FacebookAI/roberta-large,256,4,1,256
385.16888,385.16888,2.441,2.441,1861.0,1861.0,,1340.66206,1340.66206,10.379,10.379,3111.0,3111.0,,1383.25464,1383.25464,10.279,10.279,3271.0,3271.0,,62914560,FacebookAI/roberta-large,256,4,1,320
393.77581,393.77581,2.353,2.353,1925.0,1925.0,,1354.68928,1354.68928,10.464,10.464,3239.0,3239.0,,1414.11925,1414.11925,10.109,10.109,3577.0,3577.0,,75497472,FacebookAI/roberta-large,256,4,1,384
394.09547,394.09547,2.268,2.268,1925.0,1925.0,,1406.02269,1406.02269,10.961,10.961,3239.0,3239.0,,1441.1596,1441.1596,10.894,10.894,3577.0,3577.0,,88080384,FacebookAI/roberta-large,256,4,1,448
400.49334,400.49334,2.401,2.401,1925.0,1925.0,,1383.74368,1383.74368,10.653,10.653,3241.0,3241.0,,1224.77061,1224.77061,8.05,8.05,3577.0,3577.0,,100663296,FacebookAI/roberta-large,256,4,1,512
3321.20259,3321.20259,8.729,8.729,9781.0,9781.0,,9966.99027,9966.99027,25.991,25.991,23819.0,23819.0,,10818.25777,10818.25777,29.59,29.59,26327.0,26327.0,,1235814400,meta-llama/Llama-3.2-1B,256,20,2,-1
3892.43231,3892.43231,10.771,10.771,9835.0,9835.0,,9099.13769,9099.13769,25.665,25.665,23219.0,23219.0,,9227.74998,9227.74998,25.85,25.85,23221.0,23221.0,,704512,meta-llama/Llama-3.2-1B,256,20,2,1
3885.85293,3885.85293,10.93,10.93,9837.0,9837.0,,9203.63818,9203.63818,26.563,26.563,23223.0,23223.0,,9412.00602,9412.00602,26.587,26.587,23227.0,23227.0,,1409024,meta-llama/Llama-3.2-1B,256,20,2,2
3955.8464,3955.8464,10.947,10.947,9841.0,9841.0,,9316.59661,9316.59661,26.616,26.616,23231.0,23231.0,,9441.40237,9441.40237,26.605,26.605,23237.0,23237.0,,2818048,meta-llama/Llama-3.2-1B,256,20,2,4
3907.0264,3907.0264,10.807,10.807,9843.0,9843.0,,9224.94891,9224.94891,26.109,26.109,23247.0,23247.0,,9381.86371,9381.86371,26.174,26.174,23259.0,23259.0,,5636096,meta-llama/Llama-3.2-1B,256,20,2,8
3910.65431,3910.65431,10.802,10.802,9855.0,9855.0,,9245.82136,9245.82136,26.288,26.288,23277.0,23277.0,,9336.32628,9336.32628,26.365,26.365,23313.0,23313.0,,11272192,meta-llama/Llama-3.2-1B,256,20,2,16
3886.86257,3886.86257,10.783,10.783,9877.0,9877.0,,9111.89793,9111.89793,26.012,26.012,23341.0,23341.0,,9406.18853,9406.18853,26.118,26.118,23419.0,23419.0,,22544384,meta-llama/Llama-3.2-1B,256,20,2,32
3953.88786,3953.88786,10.904,10.904,9919.0,9919.0,,9208.67151,9208.67151,26.229,26.229,23467.0,23467.0,,9417.78394,9417.78394,26.378,26.378,23637.0,23637.0,,45088768,meta-llama/Llama-3.2-1B,256,20,2,64
3990.10832,3990.10832,11.066,11.066,10039.0,10039.0,,9383.94814,9383.94814,26.558,26.558,26093.0,26093.0,,9676.98846,9676.98846,26.97,26.97,26311.0,26311.0,,90177536,meta-llama/Llama-3.2-1B,256,20,2,128
4071.54652,4071.54652,11.158,11.158,10117.0,10117.0,,9652.74277,9652.74277,27.07,27.07,26379.0,26379.0,,10089.45025,10089.45025,27.463,27.463,26807.0,26807.0,,135266304,meta-llama/Llama-3.2-1B,256,20,2,192
4122.32132,4122.32132,11.226,11.226,10215.0,10215.0,,9778.9095,9778.9095,27.273,27.273,26477.0,26477.0,,10291.66278,10291.66278,27.821,27.821,26921.0,26921.0,,180355072,meta-llama/Llama-3.2-1B,256,20,2,256
4252.68473,4252.68473,11.581,11.581,10263.0,10263.0,,10225.31442,10225.31442,28.134,28.134,26632.0,26632.0,,10777.89609,10777.89609,28.801,28.801,26652.0,26652.0,,225443840,meta-llama/Llama-3.2-1B,256,20,2,320
4226.23555,4226.23555,11.662,11.662,10385.0,10385.0,,10163.29308,10163.29308,28.377,28.377,26769.0,26769.0,,10919.73039,10919.73039,29.148,29.148,26797.0,26797.0,,270532608,meta-llama/Llama-3.2-1B,256,20,2,384
4369.70225,4369.70225,11.862,11.862,10469.0,10469.0,,10572.54206,10572.54206,29.567,29.567,26935.0,26935.0,,11359.40965,11359.40965,30.482,30.482,26973.0,26973.0,,315621376,meta-llama/Llama-3.2-1B,256,20,2,448
4419.5066,4419.5066,11.959,11.959,10509.0,10509.0,,10718.41771,10718.41771,29.749,29.749,27007.0,27007.0,,11728.47222,11728.47222,30.808,30.808,27043.0,27043.0,,360710144,meta-llama/Llama-3.2-1B,256,20,2,512
1226.21097,1226.21097,3.345,3.345,3833.0,3833.0,,3493.33716,3493.33716,10.524,10.524,9795.0,9795.0,,3783.51599,3783.51599,11.528,11.528,10777.0,10777.0,,355412057,FacebookAI/roberta-large,256,20,2,-1
1233.14859,1233.14859,3.835,3.835,3805.0,3805.0,,2986.27047,2986.27047,10.54,10.54,9815.0,9815.0,,3017.24557,3017.24557,10.349,10.349,9815.0,9815.0,,196608,FacebookAI/roberta-large,256,20,2,1
1227.01077,1227.01077,3.916,3.916,3805.0,3805.0,,2996.91241,2996.91241,10.743,10.743,9817.0,9817.0,,2946.59777,2946.59777,9.336,9.336,9817.0,9817.0,,393216,FacebookAI/roberta-large,256,20,2,2
1251.11232,1251.11232,3.901,3.901,3805.0,3805.0,,3039.52657,3039.52657,10.838,10.838,9821.0,9821.0,,2974.44737,2974.44737,10.063,10.063,9821.0,9821.0,,786432,FacebookAI/roberta-large,256,20,2,4
1238.18593,1238.18593,3.867,3.867,3807.0,3807.0,,2988.77618,2988.77618,10.867,10.867,9827.0,9827.0,,3024.21443,3024.21443,10.754,10.754,9829.0,9829.0,,1572864,FacebookAI/roberta-large,256,20,2,8
1271.70553,1271.70553,3.802,3.802,3809.0,3809.0,,2992.06693,2992.06693,10.69,10.69,9841.0,9841.0,,3056.01776,3056.01776,10.774,10.774,9847.0,9847.0,,3145728,FacebookAI/roberta-large,256,20,2,16
1240.70828,1240.70828,3.861,3.861,3815.0,3815.0,,2972.05207,2972.05207,10.677,10.677,9867.0,9867.0,,3054.78935,3054.78935,10.773,10.773,9881.0,9881.0,,6291456,FacebookAI/roberta-large,256,20,2,32
1211.73279,1211.73279,3.829,3.829,3827.0,3827.0,,2982.00882,2982.00882,10.311,10.311,9923.0,9923.0,,3023.06042,3023.06042,10.3,10.3,9951.0,9951.0,,12582912,FacebookAI/roberta-large,256,20,2,64
1278.42456,1278.42456,3.974,3.974,3851.0,3851.0,,3050.5282,3050.5282,10.309,10.309,10021.0,10021.0,,3093.7903300000003,3093.7903300000003,10.043,10.043,10155.0,10155.0,,25165824,FacebookAI/roberta-large,256,20,2,128
1303.89213,1303.89213,4.026,4.026,3881.0,3881.0,,3116.20242,3116.20242,10.534,10.534,10177.0,10177.0,,3215.1906,3215.1906,10.698,10.698,10401.0,10401.0,,37748736,FacebookAI/roberta-large,256,20,2,192
1317.05353,1317.05353,4.061,4.061,3899.0,3899.0,,3196.3332,3196.3332,10.964,10.964,10247.0,10247.0,,3269.31918,3269.31918,10.618,10.618,10527.0,10527.0,,50331648,FacebookAI/roberta-large,256,20,2,256
1347.0501,1347.0501,4.089,4.089,3931.0,3931.0,,3275.019,3275.019,10.94,10.94,10447.0,10447.0,,3404.59119,3404.59119,10.762,10.762,10823.0,10823.0,,62914560,FacebookAI/roberta-large,256,20,2,320
1322.7558,1322.7558,4.135,4.135,3995.0,3995.0,,3237.27603,3237.27603,10.689,10.689,9645.0,9645.0,,3480.1202000000003,3480.1202000000003,10.924,10.924,10221.0,10221.0,,75497472,FacebookAI/roberta-large,256,20,2,384
1364.70039,1364.70039,4.247,4.247,3995.0,3995.0,,3282.98142,3282.98142,10.354,10.354,10655.0,10655.0,,3495.93513,3495.93513,10.663,10.663,11223.0,11223.0,,88080384,FacebookAI/roberta-large,256,20,2,448
1377.22824,1377.22824,4.289,4.289,3995.0,3995.0,,3336.90949,3336.90949,10.866,10.866,10677.0,10677.0,,3609.55215,3609.55215,10.946,10.946,11247.0,11247.0,,100663296,FacebookAI/roberta-large,256,20,2,512
2719.71708,2719.71708,7.29,7.29,8401.0,8401.0,,8253.44295,8253.44295,21.627,21.627,21633.0,21633.0,,9111.34557,9111.34557,25.183,25.183,23637.0,23637.0,,1235814400,meta-llama/Llama-3.2-1B,256,16,2,-1
3134.47021,3134.47021,8.929,8.929,8467.0,8467.0,,7307.87591,7307.87591,21.362,21.362,19157.0,19157.0,,7414.55789,7414.55789,21.362,21.362,19159.0,19159.0,,704512,meta-llama/Llama-3.2-1B,256,16,2,1
3179.19927,3179.19927,9.127,9.127,8467.0,8467.0,,7432.7299,7432.7299,22.093,22.093,19161.0,19161.0,,7591.7954,7591.7954,22.108,22.108,19163.0,19163.0,,1409024,meta-llama/Llama-3.2-1B,256,16,2,2
3174.70787,3174.70787,9.136,9.136,8473.0,8473.0,,7461.02131,7461.02131,22.113,22.113,19167.0,19167.0,,7566.32364,7566.32364,22.134,22.134,19173.0,19173.0,,2818048,meta-llama/Llama-3.2-1B,256,16,2,4
3136.04322,3136.04322,8.971,8.971,8475.0,8475.0,,7430.2138,7430.2138,21.717,21.717,19181.0,19181.0,,7453.27647,7453.27647,21.694,21.694,19197.0,19197.0,,5636096,meta-llama/Llama-3.2-1B,256,16,2,8
3144.95248,3144.95248,8.975,8.975,8487.0,8487.0,,7444.26521,7444.26521,21.818,21.818,19211.0,19211.0,,7509.79923,7509.79923,21.869,21.869,19251.0,19251.0,,11272192,meta-llama/Llama-3.2-1B,256,16,2,16
3143.6271500000003,3143.6271500000003,8.953,8.953,8507.0,8507.0,,7358.23802,7358.23802,21.547,21.547,19267.0,19267.0,,7478.15759,7478.15759,21.645,21.645,19359.0,19359.0,,22544384,meta-llama/Llama-3.2-1B,256,16,2,32
3170.2624,3170.2624,9.058,9.058,8551.0,8551.0,,7425.53546,7425.53546,21.688,21.688,19383.0,19383.0,,7568.68061,7568.68061,21.886,21.886,19575.0,19575.0,,45088768,meta-llama/Llama-3.2-1B,256,16,2,64
3221.16105,3221.16105,9.226,9.226,8637.0,8637.0,,7583.4502,7583.4502,22.161,22.161,21527.0,21527.0,,7805.57122,7805.57122,22.454,22.454,21633.0,21633.0,,90177536,meta-llama/Llama-3.2-1B,256,16,2,128
3243.89689,3243.89689,9.196,9.196,8767.0,8767.0,,7801.94735,7801.94735,22.502,22.502,21769.0,21769.0,,8198.62837,8198.62837,22.456,22.456,22199.0,22199.0,,135266304,meta-llama/Llama-3.2-1B,256,16,2,192
3336.37024,3336.37024,9.378,9.378,8813.0,8813.0,,7911.38437,7911.38437,22.758,22.758,21849.0,21849.0,,8322.97419,8322.97419,23.246,23.246,22297.0,22297.0,,180355072,meta-llama/Llama-3.2-1B,256,16,2,256
3410.9750400000003,3410.9750400000003,9.485,9.485,8915.0,8915.0,,8147.05423,8147.05423,23.034,23.034,21977.0,21977.0,,8699.29953,8699.29953,23.739,23.739,22001.0,22001.0,,225443840,meta-llama/Llama-3.2-1B,256,16,2,320
3425.10614,3425.10614,9.549,9.549,8993.0,8993.0,,8172.18045,8172.18045,23.287,23.287,22099.0,22099.0,,8724.91426,8724.91426,24.025,24.025,22129.0,22129.0,,270532608,meta-llama/Llama-3.2-1B,256,16,2,384
3540.20019,3540.20019,9.874,9.874,9121.0,9121.0,,8459.01308,8459.01308,24.545,24.545,22249.0,22249.0,,9237.56604,9237.56604,25.496,25.496,22287.0,22287.0,,315621376,meta-llama/Llama-3.2-1B,256,16,2,448
3581.37296,3581.37296,9.967,9.967,9113.0,9113.0,,8645.71185,8645.71185,24.753,24.753,22293.0,22293.0,,9408.27945,9408.27945,25.813,25.813,22333.0,22333.0,,360710144,meta-llama/Llama-3.2-1B,256,16,2,512
927.59086,927.59086,2.94,2.94,3319.0,3319.0,,2861.1262500000003,2861.1262500000003,9.179,9.179,8153.0,8153.0,,3001.99104,3001.99104,10.048,10.048,8939.0,8939.0,,355412057,FacebookAI/roberta-large,256,16,2,-1
1023.44195,1023.44195,3.327,3.327,3309.0,3309.0,,2556.57985,2556.57985,10.478,10.478,8101.0,8101.0,,2525.66205,2525.66205,10.59,10.59,8101.0,8101.0,,196608,FacebookAI/roberta-large,256,16,2,1
1013.97,1013.97,3.436,3.436,3309.0,3309.0,,2554.38664,2554.38664,11.001,11.001,8103.0,8103.0,,2503.72637,2503.72637,9.479,9.479,8103.0,8103.0,,393216,FacebookAI/roberta-large,256,16,2,2
1003.50399,1003.50399,3.44,3.44,3309.0,3309.0,,2549.16122,2549.16122,10.91,10.91,8105.0,8105.0,,2405.09271,2405.09271,8.746,8.746,8107.0,8107.0,,786432,FacebookAI/roberta-large,256,16,2,4
994.69351,994.69351,3.394,3.394,3311.0,3311.0,,2550.18577,2550.18577,10.597,10.597,8111.0,8110.513822688275,,2584.77883,2584.77883,10.566,10.566,8114.0,8114.0,,1572864,FacebookAI/roberta-large,256,16,2,8
1006.04227,1006.04227,3.392,3.392,3313.0,3313.0,,2552.71468,2552.71468,10.771,10.771,8123.0,8123.0,,2600.76444,2600.76444,10.685,10.685,8129.0,8129.0,,3145728,FacebookAI/roberta-large,256,16,2,16
1008.84139,1008.84139,3.381,3.381,3319.0,3319.0,,2584.8021200000003,2584.8021200000003,10.682,10.682,8147.0,8147.0,,2588.69906,2588.69906,10.498,10.498,8159.0,8159.0,,6291456,FacebookAI/roberta-large,256,16,2,32
1007.50879,1007.50879,3.423,3.423,3331.0,3331.0,,2575.76077,2575.76077,10.514,10.514,8195.0,8195.0,,2572.67491,2572.67491,10.479,10.479,8219.0,8219.0,,12582912,FacebookAI/roberta-large,256,16,2,64
1040.95409,1040.95409,3.482,3.482,3355.0,3355.0,,2456.95705,2456.95705,8.47,8.47,8291.0,8291.0,,2666.4925,2666.4925,10.538,10.538,8339.0,8339.0,,25165824,FacebookAI/roberta-large,256,16,2,128
1055.64966,1055.64966,3.547,3.547,3385.0,3385.0,,2670.37719,2670.37719,10.947,10.947,7651.0,7651.0,,2669.56251,2669.56251,10.503,10.503,7873.0,7873.0,,37748736,FacebookAI/roberta-large,256,16,2,192
1067.52067,1067.52067,3.59,3.59,3403.0,3403.0,,2626.09392,2626.09392,10.567,10.567,8475.0,8475.0,,2787.42068,2787.42068,11.019,11.019,8757.0,8757.0,,50331648,FacebookAI/roberta-large,256,16,2,256
1080.62934,1080.62934,3.607,3.607,3435.0,3435.0,,2762.89206,2762.89206,10.539,10.539,7863.0,7863.0,,2811.76645,2811.76645,10.403,10.403,8243.0,8243.0,,62914560,FacebookAI/roberta-large,256,16,2,320
1092.61275,1092.61275,3.666,3.666,3499.0,3499.0,,2658.89279,2658.89279,9.39,9.39,8037.0,8037.0,,2807.72967,2807.72967,9.409,9.409,8613.0,8613.0,,75497472,FacebookAI/roberta-large,256,16,2,384
1118.62714,1118.62714,3.773,3.773,3499.0,3499.0,,2780.58204,2780.58204,10.458,10.458,8057.0,8057.0,,2831.7558400000003,2831.7558400000003,9.067,9.067,8633.0,8633.0,,88080384,FacebookAI/roberta-large,256,16,2,448
1142.59025,1142.59025,3.812,3.812,3499.0,3499.0,,2818.86375,2818.86375,10.338,10.338,8871.0,8871.0,,2915.01751,2915.01751,10.232,10.232,9441.0,9441.0,,100663296,FacebookAI/roberta-large,256,16,2,512
2027.50317,2027.50317,5.451,5.451,7027.0,7027.0,,6218.8702,6218.8702,16.489,16.489,16959.0,16959.0,,7076.56189,7076.56189,19.989,19.989,19967.0,19967.0,,1235814400,meta-llama/Llama-3.2-1B,256,12,2,-1
2311.84589,2311.84589,6.723,6.723,7085.0,7085.0,,5340.39557,5340.39557,16.09,16.09,15103.0,15103.0,,5466.8133100000005,5466.8133100000005,16.116,16.116,15103.0,15103.0,,704512,meta-llama/Llama-3.2-1B,256,12,2,1
2359.02162,2359.02162,6.842,6.842,7087.0,7087.0,,5520.65647,5520.65647,16.643,16.643,15105.0,15105.0,,5589.67869,5589.67869,16.625,16.625,15109.0,15109.0,,1409024,meta-llama/Llama-3.2-1B,256,12,2,2
2359.23633,2359.23633,6.715,6.715,7091.0,7091.0,,5461.3668,5461.3668,16.544,16.544,15113.0,15113.0,,5552.37068,5552.37068,16.591,16.591,15119.0,15119.0,,2818048,meta-llama/Llama-3.2-1B,256,12,2,4
2328.7511,2328.7511,6.739,6.739,7093.0,7093.0,,5360.30898,5360.30898,16.436,16.436,15127.0,15127.0,,5508.38935,5508.38935,16.44,16.44,15147.0,15147.0,,5636096,meta-llama/Llama-3.2-1B,256,12,2,8
2314.1274200000003,2314.1274200000003,6.75,6.75,7105.0,7105.0,,5512.56881,5512.56881,16.535,16.535,15155.0,15155.0,,5554.52946,5554.52946,16.596,16.596,15201.0,15201.0,,11272192,meta-llama/Llama-3.2-1B,256,12,2,16
2317.73291,2317.73291,6.743,6.743,7125.0,7125.0,,5411.03172,5411.03172,16.246,16.246,15211.0,15211.0,,5491.275540000001,5491.275540000001,16.223,16.223,15309.0,15309.0,,22544384,meta-llama/Llama-3.2-1B,256,12,2,32
2359.64896,2359.64896,6.806,6.806,7169.0,7169.0,,5471.22437,5471.22437,16.4,16.4,15321.0,15321.0,,5666.60362,5666.60362,16.549,16.549,15527.0,15527.0,,45088768,meta-llama/Llama-3.2-1B,256,12,2,64
2413.98918,2413.98918,6.932,6.932,7251.0,7251.0,,5625.33664,5625.33664,16.707,16.707,16967.0,16967.0,,5817.68448,5817.68448,16.955,16.955,17081.0,17081.0,,90177536,meta-llama/Llama-3.2-1B,256,12,2,128
2422.18948,2422.18948,6.958,6.958,7385.0,7385.0,,5653.46089,5653.46089,16.735,16.735,17165.0,17165.0,,6010.65571,6010.65571,17.236,17.236,17595.0,17595.0,,135266304,meta-llama/Llama-3.2-1B,256,12,2,192
2487.15959,2487.15959,7.07,7.07,7415.0,7415.0,,5864.32864,5864.32864,17.044,17.044,17253.0,17253.0,,6210.171420000001,6210.171420000001,17.7,17.7,17701.0,17701.0,,180355072,meta-llama/Llama-3.2-1B,256,12,2,256
2545.62719,2545.62719,7.167,7.167,7521.0,7521.0,,5961.29926,5961.29926,17.441,17.441,17305.0,17305.0,,6310.7702500000005,6310.7702500000005,18.131,18.131,17331.0,17331.0,,225443840,meta-llama/Llama-3.2-1B,256,12,2,320
2543.7853800000003,2543.7853800000003,7.248,7.248,7595.0,7595.0,,6073.43116,6073.43116,17.636,17.636,17437.0,17437.0,,6582.79776,6582.79776,18.477,18.477,17469.0,17469.0,,270532608,meta-llama/Llama-3.2-1B,256,12,2,384
2617.65853,2617.65853,7.341,7.341,7727.0,7727.0,,6218.4809700000005,6218.4809700000005,18.404,18.404,17593.0,17593.0,,6882.579470000001,6882.579470000001,19.389,19.389,17633.0,17633.0,,315621376,meta-llama/Llama-3.2-1B,256,12,2,448
2643.78455,2643.78455,7.398,7.398,7755.0,7755.0,,6319.4092900000005,6319.4092900000005,18.526,18.526,17657.0,17657.0,,6989.36215,6989.36215,19.64,19.64,17699.0,17699.0,,360710144,meta-llama/Llama-3.2-1B,256,12,2,512
653.4249500000001,653.4249500000001,2.007,2.007,2781.0,2781.0,,2081.46992,2081.46992,6.603,6.603,7017.0,7017.0,,2394.36938,2394.36938,8.475999999999999,8.475999999999999,7607.0,7607.0,,355412057,FacebookAI/roberta-large,256,12,2,-1
764.08603,764.08603,2.774,2.774,2783.0,2783.0,,2031.29355,2031.29355,10.819,10.819,6447.0,6447.0,,1948.75521,1948.75521,10.393,10.393,6447.0,6447.0,,196608,FacebookAI/roberta-large,256,12,2,1
763.07336,763.07336,2.828,2.828,2783.0,2783.0,,2132.79107,2132.79107,11.332,11.332,6449.0,6449.0,,2142.83896,2142.83896,10.932,10.932,6449.0,6449.0,,393216,FacebookAI/roberta-large,256,12,2,2
762.21918,762.21918,2.8040000000000003,2.8040000000000003,2783.0,2783.0,,2108.90242,2108.90242,10.891,10.891,6451.0,6451.0,,2035.62493,2035.62493,9.698,9.698,6453.0,6453.0,,786432,FacebookAI/roberta-large,256,12,2,4
755.84572,755.84572,2.776,2.776,2785.0,2785.0,,2089.4141600000003,2089.4141600000003,10.677,10.677,6455.0,6455.0,,2091.90562,2091.90562,10.461,10.461,6459.0,6459.0,,1572864,FacebookAI/roberta-large,256,12,2,8
747.98707,747.98707,2.78,2.78,2787.0,2787.0,,2064.33553,2064.33553,10.216,10.216,6467.0,6467.0,,1995.04951,1995.04951,10.371,10.371,6473.0,6473.0,,3145728,FacebookAI/roberta-large,256,12,2,16
743.41001,743.41001,2.707,2.707,2793.0,2793.0,,1916.4155,1916.4155,8.534,8.534,6487.0,6487.0,,1972.92718,1972.92718,8.673,8.673,6501.0,6501.0,,6291456,FacebookAI/roberta-large,256,12,2,32
733.75338,733.75338,2.641,2.641,2805.0,2805.0,,2015.19034,2015.19034,9.337,9.337,6531.0,6531.0,,2096.28948,2096.28948,10.369,10.369,6561.0,6561.0,,12582912,FacebookAI/roberta-large,256,12,2,64
763.15585,763.15585,2.731,2.731,2829.0,2829.0,,2144.49081,2144.49081,10.626,10.626,6625.0,6625.0,,2092.18598,2092.18598,10.462,10.462,6687.0,6687.0,,25165824,FacebookAI/roberta-large,256,12,2,128
785.60026,785.60026,2.752,2.752,2859.0,2859.0,,2210.24143,2210.24143,11.37,11.37,6097.0,6097.0,,2174.84071,2174.84071,10.383,10.383,6321.0,6321.0,,37748736,FacebookAI/roberta-large,256,12,2,192
781.33303,781.33303,2.713,2.713,2877.0,2877.0,,2168.25167,2168.25167,10.515,10.515,6155.0,6155.0,,2240.8622800000003,2240.8622800000003,10.591,10.591,6439.0,6439.0,,50331648,FacebookAI/roberta-large,256,12,2,256
801.93937,801.93937,2.772,2.772,2909.0,2909.0,,2183.46474,2183.46474,10.732,10.732,6263.0,6263.0,,2278.24688,2278.24688,9.51,9.51,6641.0,6641.0,,62914560,FacebookAI/roberta-large,256,12,2,320
819.91938,819.91938,2.761,2.761,2973.0,2973.0,,2192.87894,2192.87894,10.533,10.533,6469.0,6469.0,,2407.86095,2407.86095,10.54,10.54,7045.0,7045.0,,75497472,FacebookAI/roberta-large,256,12,2,384
815.97439,815.97439,2.732,2.732,2973.0,2973.0,,2083.92578,2083.92578,8.199,8.199,6529.0,6529.0,,2141.79325,2141.79325,7.182,7.182,7105.0,7105.0,,88080384,FacebookAI/roberta-large,256,12,2,448
831.54978,831.54978,2.717,2.717,2973.0,2973.0,,2127.20818,2127.20818,8.561,8.561,6555.0,6555.0,,2270.9716,2270.9716,8.677,8.677,7127.0,7127.0,,100663296,FacebookAI/roberta-large,256,12,2,512
1373.40272,1373.40272,3.798,3.798,5633.0,5633.0,,4265.8329,4265.8329,11.674,11.674,13317.0,13317.0,,5115.30682,5115.30682,15.277,15.277,15321.0,15321.0,,1235814400,meta-llama/Llama-3.2-1B,256,8,2,-1
1560.30645,1560.30645,4.688,4.688,5667.0,5667.0,,3604.86128,3604.86128,11.548,11.548,11031.0,11031.0,,3701.84395,3701.84395,12.008,12.008,11033.0,11033.0,,704512,meta-llama/Llama-3.2-1B,256,8,2,1
1557.018,1557.018,4.803,4.803,5669.0,5669.0,,3672.09171,3672.09171,12.287,12.287,11033.0,11033.0,,3738.35429,3738.35429,12.308,12.308,11037.0,11037.0,,1409024,meta-llama/Llama-3.2-1B,256,8,2,2
1556.9472,1556.9472,4.807,4.807,5671.0,5671.0,,3692.56783,3692.56783,12.459,12.459,11039.0,11039.0,,3760.83517,3760.83517,12.335,12.335,11049.0,11049.0,,2818048,meta-llama/Llama-3.2-1B,256,8,2,4
1530.41908,1530.41908,4.744,4.744,5677.0,5677.0,,3654.34341,3654.34341,12.057,12.057,11053.0,11053.0,,3712.41498,3712.41498,11.977,11.977,11075.0,11075.0,,5636096,meta-llama/Llama-3.2-1B,256,8,2,8
1553.47704,1553.47704,4.756,4.756,5687.0,5687.0,,3671.3013,3671.3013,12.145,12.145,11077.0,11077.0,,3716.34742,3716.34742,12.226,12.226,11129.0,11129.0,,11272192,meta-llama/Llama-3.2-1B,256,8,2,16
1549.27845,1549.27845,4.74,4.74,5709.0,5709.0,,3629.28637,3629.28637,11.941,11.941,11127.0,11127.0,,3688.58455,3688.58455,11.974,11.974,11237.0,11237.0,,22544384,meta-llama/Llama-3.2-1B,256,8,2,32
1574.3275,1574.3275,4.795,4.795,5751.0,5751.0,,3648.4766,3648.4766,12.012,12.012,11229.0,11229.0,,3751.32454,3751.32454,12.077,12.077,11453.0,11453.0,,45088768,meta-llama/Llama-3.2-1B,256,8,2,64
1597.17075,1597.17075,4.876,4.876,5853.0,5853.0,,3716.50384,3716.50384,12.064,12.064,12329.0,12329.0,,3885.31229,3885.31229,12.422,12.422,12497.0,12497.0,,90177536,meta-llama/Llama-3.2-1B,256,8,2,128
1626.98996,1626.98996,4.914,4.914,5969.0,5969.0,,3836.60353,3836.60353,12.267,12.267,12565.0,12565.0,,4067.20088,4067.20088,12.69,12.69,12883.0,12883.0,,135266304,meta-llama/Llama-3.2-1B,256,8,2,192
1645.98622,1645.98622,4.975,4.975,6009.0,6009.0,,3886.76243,3886.76243,12.479,12.479,12639.0,12639.0,,4128.35995,4128.35995,12.965,12.965,12977.0,12977.0,,180355072,meta-llama/Llama-3.2-1B,256,8,2,256
1687.09228,1687.09228,5.06,5.06,6115.0,6115.0,,4016.42767,4016.42767,12.618,12.618,12659.0,12659.0,,4324.68977,4324.68977,12.98,12.98,12687.0,12687.0,,225443840,meta-llama/Llama-3.2-1B,256,8,2,320
1711.36332,1711.36332,5.091,5.091,6191.0,6191.0,,4078.87662,4078.87662,12.722,12.722,12771.0,12771.0,,4456.48399,4456.48399,13.501,13.501,13807.0,13807.0,,270532608,meta-llama/Llama-3.2-1B,256,8,2,384
1742.89671,1742.89671,5.252,5.252,6321.0,6321.0,,4195.65936,4195.65936,13.148,13.148,12913.0,12913.0,,4662.41135,4662.41135,14.24,14.24,13961.0,13961.0,,315621376,meta-llama/Llama-3.2-1B,256,8,2,448
1781.83798,1781.83798,5.292,5.292,6329.0,6329.0,,4261.86013,4261.86013,13.275,13.275,12953.0,12953.0,,4770.46469,4770.46469,14.512,14.512,13999.0,13999.0,,360710144,meta-llama/Llama-3.2-1B,256,8,2,512
433.37285,433.37285,1.659,1.659,2255.0,2255.0,,1641.6782,1641.6782,7.395,7.395,5055.0,5055.0,,1828.25364,1828.25364,7.846,7.846,5843.0,5843.0,,355412057,FacebookAI/roberta-large,256,8,2,-1
553.36771,553.36771,2.498,2.498,2257.0,2257.0,,1465.78018,1465.78018,8.157,8.157,4661.0,4661.0,,1543.77342,1543.77342,8.853,8.853,4661.0,4661.0,,196608,FacebookAI/roberta-large,256,8,2,1
554.92507,554.92507,2.635,2.635,2257.0,2257.0,,1500.27758,1500.27758,8.578,8.578,4661.0,4661.0,,1686.16863,1686.16863,10.709,10.709,4663.0,4663.0,,393216,FacebookAI/roberta-large,256,8,2,2
544.70937,544.70937,2.582,2.582,2257.0,2257.0,,1726.33619,1726.33619,11.257,11.257,4665.0,4665.0,,1566.76579,1566.76579,9.447,9.447,4665.0,4665.0,,786432,FacebookAI/roberta-large,256,8,2,4
549.54078,549.54078,2.569,2.569,2259.0,2259.0,,1670.33196,1670.33196,11.093,11.093,4669.0,4669.0,,1664.19233,1664.19233,10.525,10.525,4671.0,4671.0,,1572864,FacebookAI/roberta-large,256,8,2,8
552.9992500000001,552.9992500000001,2.563,2.563,2261.0,2261.0,,1679.70009,1679.70009,10.942,10.942,4677.0,4677.0,,1514.10505,1514.10505,8.581,8.581,4685.0,4685.0,,3145728,FacebookAI/roberta-large,256,8,2,16
551.50729,551.50729,2.61,2.61,2267.0,2267.0,,1483.68415,1483.68415,8.354,8.354,4695.0,4695.0,,1462.97839,1462.97839,8.697,8.697,4715.0,4715.0,,6291456,FacebookAI/roberta-large,256,8,2,32
548.08287,548.08287,2.517,2.517,2279.0,2279.0,,1699.08551,1699.08551,11.075,11.075,4731.0,4731.0,,1644.17253,1644.17253,9.901,9.901,4775.0,4775.0,,12582912,FacebookAI/roberta-large,256,8,2,64
570.50168,570.50168,2.643,2.643,2303.0,2303.0,,1704.17729,1704.17729,10.848,10.848,4803.0,4803.0,,1556.47676,1556.47676,10.415,10.415,4895.0,4895.0,,25165824,FacebookAI/roberta-large,256,8,2,128
558.63981,558.63981,2.551,2.551,2333.0,2333.0,,1722.62302,1722.62302,10.854,10.854,4901.0,4901.0,,1696.16955,1696.16955,10.372,10.372,5039.0,5039.0,,37748736,FacebookAI/roberta-large,256,8,2,192
580.39919,580.39919,2.523,2.523,2351.0,2351.0,,1791.12422,1791.12422,10.97,10.97,4947.0,4947.0,,1826.50753,1826.50753,10.393,10.393,5135.0,5135.0,,50331648,FacebookAI/roberta-large,256,8,2,256
591.00301,591.00301,2.662,2.662,2383.0,2383.0,,1896.3073,1896.3073,10.27,10.27,4693.0,4693.0,,1643.70195,1643.70195,8.517,8.517,5077.0,5077.0,,62914560,FacebookAI/roberta-large,256,8,2,320
576.96455,576.96455,2.565,2.565,2447.0,2447.0,,1782.55171,1782.55171,10.999,10.999,4833.0,4833.0,,1821.85963,1821.85963,10.561,10.561,5409.0,5409.0,,75497472,FacebookAI/roberta-large,256,8,2,384
577.42596,577.42596,2.476,2.476,2447.0,2447.0,,1816.66675,1816.66675,10.795,10.795,4841.0,4841.0,,1834.17829,1834.17829,10.269,10.269,5417.0,5417.0,,88080384,FacebookAI/roberta-large,256,8,2,448
627.39442,627.39442,2.506,2.506,2447.0,2447.0,,1803.60595,1803.60595,10.849,10.849,4849.0,4849.0,,1734.14658,1734.14658,8.257,8.257,5423.0,5423.0,,100663296,FacebookAI/roberta-large,256,8,2,512
706.26289,706.26289,2.136,2.136,4273.0,4273.0,,2479.9125200000003,2479.9125200000003,9.046,9.046,9103.0,9103.0,,3195.74627,3195.74627,11.024,11.024,13149.0,13149.0,,1235814400,meta-llama/Llama-3.2-1B,256,4,2,-1
816.2355,816.2355,2.86,2.86,4283.0,4283.0,,2217.28234,2217.28234,11.622,11.622,6981.0,6981.0,,2125.80548,2125.80548,10.316,10.316,6983.0,6983.0,,704512,meta-llama/Llama-3.2-1B,256,4,2,1
820.46506,820.46506,2.965,2.965,4287.0,4287.0,,2333.11799,2333.11799,11.995,11.995,6983.0,6983.0,,2252.26265,2252.26265,11.025,11.025,6987.0,6987.0,,1409024,meta-llama/Llama-3.2-1B,256,4,2,2
816.13714,816.13714,2.987,2.987,4289.0,4289.0,,2327.50717,2327.50717,11.985,11.985,6989.0,6989.0,,2217.25056,2217.25056,10.792,10.792,6997.0,6997.0,,2818048,meta-llama/Llama-3.2-1B,256,4,2,4
811.33852,811.33852,2.969,2.969,4293.0,4293.0,,2208.7007200000003,2208.7007200000003,11.475,11.475,7001.0,7001.0,,2177.1503,2177.1503,11.612,11.612,7023.0,7023.0,,5636096,meta-llama/Llama-3.2-1B,256,4,2,8
818.24288,818.24288,2.889,2.889,4303.0,4303.0,,2193.84826,2193.84826,11.79,11.79,7025.0,7025.0,,2227.77855,2227.77855,11.015,11.015,7077.0,7077.0,,11272192,meta-llama/Llama-3.2-1B,256,4,2,16
832.47587,832.47587,2.931,2.931,4325.0,4325.0,,2267.5554,2267.5554,11.882,11.882,7071.0,7071.0,,2269.06424,2269.06424,10.905,10.905,7185.0,7185.0,,22544384,meta-llama/Llama-3.2-1B,256,4,2,32
823.68652,823.68652,2.928,2.928,4367.0,4367.0,,2009.81505,2009.81505,8.794,8.794,7163.0,7163.0,,2256.60125,2256.60125,10.965,10.965,7401.0,7401.0,,45088768,meta-llama/Llama-3.2-1B,256,4,2,64
837.331,837.331,2.872,2.872,4457.0,4457.0,,2298.95151,2298.95151,11.575,11.575,7739.0,7739.0,,2320.73419,2320.73419,10.967,10.967,7933.0,7933.0,,90177536,meta-llama/Llama-3.2-1B,256,4,2,128
846.92321,846.92321,2.9,2.9,4569.0,4569.0,,2425.87248,2425.87248,11.681,11.681,7909.0,7909.0,,2443.75736,2443.75736,11.146,11.146,8357.0,8357.0,,135266304,meta-llama/Llama-3.2-1B,256,4,2,192
856.27696,856.27696,2.859,2.859,4633.0,4633.0,,2329.59523,2329.59523,11.467,11.467,8013.0,8013.0,,2467.13542,2467.13542,11.426,11.426,8409.0,8409.0,,180355072,meta-llama/Llama-3.2-1B,256,4,2,256
844.31005,844.31005,2.765,2.765,4731.0,4731.0,,2160.85972,2160.85972,8.977,8.977,7999.0,7999.0,,2528.52401,2528.52401,10.942,10.942,8515.0,8515.0,,225443840,meta-llama/Llama-3.2-1B,256,4,2,320
894.13489,894.13489,2.9130000000000003,2.9130000000000003,4815.0,4815.0,,2467.31361,2467.31361,11.58,11.58,8607.0,8607.0,,2685.6255300000003,2685.6255300000003,11.346,11.346,9131.0,9131.0,,270532608,meta-llama/Llama-3.2-1B,256,4,2,384
869.5764,869.5764,2.805,2.805,4937.0,4937.0,,2493.79129,2493.79129,11.745,11.745,8739.0,8739.0,,2739.61294,2739.61294,11.078,11.078,9257.0,9257.0,,315621376,meta-llama/Llama-3.2-1B,256,4,2,448
906.29771,906.29771,2.966,2.966,4961.0,4961.0,,2344.0926,2344.0926,9.512,9.512,8777.0,8777.0,,2733.96797,2733.96797,11.167,11.167,9297.0,9297.0,,360710144,meta-llama/Llama-3.2-1B,256,4,2,512
290.64995,290.64995,1.553,1.553,1733.0,1733.0,,1046.34182,1046.34182,6.536,6.536,3443.0,3443.0,,1341.34454,1341.34454,8.018,8.018,4699.0,4699.0,,355412057,FacebookAI/roberta-large,256,4,2,-1
359.83924,359.83924,2.327,2.327,1735.0,1735.0,,1214.11756,1214.11756,9.921,9.921,2761.0,2761.0,,1051.25196,1051.25196,7.999,7.999,2760.0,2760.0,,196608,FacebookAI/roberta-large,256,4,2,1
381.24281,381.24281,2.517,2.517,1735.0,1735.0,,1392.4475,1392.4475,11.254,11.254,2763.0,2763.0,,1347.8218,1347.8218,11.287,11.287,2763.0,2763.0,,393216,FacebookAI/roberta-large,256,4,2,2
375.65812,375.65812,2.443,2.443,1735.0,1735.0,,1280.15835,1280.15835,10.452,10.452,2765.0,2765.0,,1252.44454,1252.44454,10.09,10.09,2765.0,2765.0,,786432,FacebookAI/roberta-large,256,4,2,4
362.25846,362.25846,2.316,2.316,1737.0,1737.0,,1273.72425,1273.72425,10.589,10.589,2769.0,2769.0,,1362.74122,1362.74122,10.156,10.156,2771.0,2771.0,,1572864,FacebookAI/roberta-large,256,4,2,8
370.95958,370.95958,2.384,2.384,1739.0,1739.0,,1311.6703,1311.6703,10.736,10.736,2775.0,2775.0,,1330.86815,1330.86815,10.411,10.411,2781.0,2781.0,,3145728,FacebookAI/roberta-large,256,4,2,16
373.23476,373.23476,2.353,2.353,1745.0,1745.0,,1360.04353,1360.04353,11.063,11.063,2791.0,2791.0,,1297.94531,1297.94531,10.758,10.758,2803.0,2803.0,,6291456,FacebookAI/roberta-large,256,4,2,32
368.34078,368.34078,2.335,2.335,1757.0,1757.0,,1279.20012,1279.20012,10.508,10.508,2821.0,2821.0,,1293.21365,1293.21365,10.691,10.691,2845.0,2845.0,,12582912,FacebookAI/roberta-large,256,4,2,64
378.26977,378.26977,2.381,2.381,1781.0,1781.0,,1085.37757,1085.37757,8.045,8.045,2881.0,2881.0,,1182.19132,1182.19132,9.053,9.053,2929.0,2929.0,,25165824,FacebookAI/roberta-large,256,4,2,128
372.82684,372.82684,2.355,2.355,1811.0,1811.0,,1140.03406,1140.03406,8.511,8.511,2979.0,2979.0,,1397.82216,1397.82216,11.037,11.037,3035.0,3035.0,,37748736,FacebookAI/roberta-large,256,4,2,192
397.56573,397.56573,2.497,2.497,1829.0,1829.0,,1368.32219,1368.32219,10.847,10.847,3001.0,3001.0,,1380.40802,1380.40802,10.82,10.82,3099.0,3099.0,,50331648,FacebookAI/roberta-large,256,4,2,256
393.76979,393.76979,2.493,2.493,1861.0,1861.0,,1373.64051,1373.64051,10.503,10.503,3111.0,3111.0,,1430.33895,1430.33895,11.069,11.069,3271.0,3271.0,,62914560,FacebookAI/roberta-large,256,4,2,320
394.07635,394.07635,2.408,2.408,1925.0,1925.0,,1366.79295,1366.79295,10.686,10.686,3239.0,3239.0,,1339.37914,1339.37914,9.914,9.914,3577.0,3577.0,,75497472,FacebookAI/roberta-large,256,4,2,384
398.06402,398.06402,2.441,2.441,1925.0,1925.0,,1409.91041,1409.91041,10.695,10.695,3239.0,3239.0,,1357.44763,1357.44763,10.344,10.344,3577.0,3577.0,,88080384,FacebookAI/roberta-large,256,4,2,448
395.09346,395.09346,2.425,2.425,1925.0,1925.0,,1360.86517,1360.86517,10.545,10.545,3241.0,3241.0,,1319.76518,1319.76518,9.182,9.182,3577.0,3577.0,,100663296,FacebookAI/roberta-large,256,4,2,512
3308.55449,3308.55449,8.724,8.724,9781.0,9781.0,,9930.68067,9930.68067,25.956,25.956,23819.0,23819.0,,10815.04255,10815.04255,29.558,29.558,26327.0,26327.0,,1235814400,meta-llama/Llama-3.2-1B,256,20,3,-1
3907.10939,3907.10939,10.774,10.774,9835.0,9835.0,,9125.30746,9125.30746,25.833,25.833,23219.0,23219.0,,9208.93985,9208.93985,25.873,25.873,23221.0,23221.0,,704512,meta-llama/Llama-3.2-1B,256,20,3,1
3936.13356,3936.13356,10.936,10.936,9837.0,9837.0,,9297.0232,9297.0232,26.596,26.596,23223.0,23223.0,,9415.29207,9415.29207,26.616,26.616,23227.0,23227.0,,1409024,meta-llama/Llama-3.2-1B,256,20,3,2
3911.90463,3911.90463,10.926,10.926,9841.0,9841.0,,9279.13208,9279.13208,26.613,26.613,23231.0,23231.0,,9364.22008,9364.22008,26.647,26.647,23237.0,23237.0,,2818048,meta-llama/Llama-3.2-1B,256,20,3,4
3856.84381,3856.84381,10.795,10.795,9843.0,9843.0,,9174.92086,9174.92086,26.1,26.1,23247.0,23247.0,,9292.87832,9292.87832,26.234,26.234,23259.0,23259.0,,5636096,meta-llama/Llama-3.2-1B,256,20,3,8
3892.95857,3892.95857,10.791,10.791,9855.0,9855.0,,9169.29996,9169.29996,26.286,26.286,23277.0,23277.0,,9324.99428,9324.99428,26.357,26.357,23313.0,23313.0,,11272192,meta-llama/Llama-3.2-1B,256,20,3,16
3915.8611,3915.8611,10.787,10.787,9877.0,9877.0,,9197.42051,9197.42051,26.024,26.024,23341.0,23341.0,,9233.57309,9233.57309,26.064,26.064,23419.0,23419.0,,22544384,meta-llama/Llama-3.2-1B,256,20,3,32
3913.90619,3913.90619,10.901,10.901,9919.0,9919.0,,9288.48206,9288.48206,26.179,26.179,23467.0,23467.0,,9436.16358,9436.16358,26.363,26.363,23637.0,23637.0,,45088768,meta-llama/Llama-3.2-1B,256,20,3,64
4013.78982,4013.78982,11.071,11.071,10039.0,10039.0,,9448.16619,9448.16619,26.661,26.661,26093.0,26093.0,,9728.78114,9728.78114,27.008,27.008,26311.0,26311.0,,90177536,meta-llama/Llama-3.2-1B,256,20,3,128
4064.60541,4064.60541,11.166,11.166,10157.0,10157.0,,9672.84674,9672.84674,27.088,27.088,26389.0,26389.0,,10100.82798,10100.82798,27.52,27.52,26817.0,26817.0,,135266304,meta-llama/Llama-3.2-1B,256,20,3,192
4102.68378,4102.68378,11.221,11.221,10215.0,10215.0,,9764.72581,9764.72581,27.309,27.309,26477.0,26477.0,,10269.10556,10269.10556,27.839,27.839,26921.0,26921.0,,180355072,meta-llama/Llama-3.2-1B,256,20,3,256
4269.90322,4269.90322,11.604,11.604,10263.0,10263.0,,10213.67099,10213.67099,28.153,28.153,26633.0,26633.0,,10804.3562,10804.3562,28.834,28.834,26653.0,26653.0,,225443840,meta-llama/Llama-3.2-1B,256,20,3,320
4263.11555,4263.11555,11.665,11.665,10385.0,10385.0,,10143.13612,10143.13612,28.352,28.352,26769.0,26769.0,,10919.23197,10919.23197,29.099,29.099,26797.0,26797.0,,270532608,meta-llama/Llama-3.2-1B,256,20,3,384
4293.3455,4293.3455,11.603,11.603,10469.0,10469.0,,10576.59426,10576.59426,29.567,29.567,26935.0,26935.0,,11360.39196,11360.39196,30.473,30.473,26973.0,26973.0,,315621376,meta-llama/Llama-3.2-1B,256,20,3,448
4434.41738,4434.41738,11.964,11.964,10509.0,10509.0,,10707.95167,10707.95167,29.77,29.77,27007.0,27007.0,,11644.24869,11644.24869,30.831,30.831,27043.0,27043.0,,360710144,meta-llama/Llama-3.2-1B,256,20,3,512
1133.07681,1133.07681,3.351,3.351,3833.0,3833.0,,3494.57781,3494.57781,10.536,10.536,9795.0,9795.0,,3740.89926,3740.89926,11.53,11.53,10777.0,10777.0,,355412057,FacebookAI/roberta-large,256,20,3,-1
1241.79351,1241.79351,3.827,3.827,3805.0,3805.0,,3015.17643,3015.17643,10.995,10.995,9815.0,9815.0,,2884.43161,2884.43161,9.509,9.509,9815.0,9815.0,,196608,FacebookAI/roberta-large,256,20,3,1
1242.42033,1242.42033,3.908,3.908,3805.0,3805.0,,3022.51532,3022.51532,10.694,10.694,9817.0,9817.0,,3021.81934,3021.81934,10.735,10.735,9817.0,9817.0,,393216,FacebookAI/roberta-large,256,20,3,2
1242.0669,1242.0669,3.904,3.904,3805.0,3805.0,,2996.4413,2996.4413,10.712,10.712,9821.0,9821.0,,3047.3142000000003,3047.3142000000003,10.883,10.883,9821.0,9821.0,,786432,FacebookAI/roberta-large,256,20,3,4
1235.81121,1235.81121,3.879,3.879,3807.0,3807.0,,2976.80887,2976.80887,10.382,10.382,9827.0,9827.0,,3001.81416,3001.81416,10.469,10.469,9829.0,9829.0,,1572864,FacebookAI/roberta-large,256,20,3,8
1239.72202,1239.72202,3.87,3.87,3809.0,3809.0,,3062.15624,3062.15624,10.674,10.674,9841.0,9841.0,,2901.69165,2901.69165,9.188,9.188,9847.0,9847.0,,3145728,FacebookAI/roberta-large,256,20,3,16
1250.1411,1250.1411,3.784,3.784,3815.0,3815.0,,2991.1482,2991.1482,10.533,10.533,9867.0,9867.0,,2881.28306,2881.28306,9.154,9.154,9881.0,9881.0,,6291456,FacebookAI/roberta-large,256,20,3,32
1253.57175,1253.57175,3.904,3.904,3827.0,3827.0,,2899.79703,2899.79703,9.868,9.868,9923.0,9922.86963036963,,3012.32909,3012.32909,9.96,9.96,9950.0,9950.0,,12582912,FacebookAI/roberta-large,256,20,3,64
1264.55454,1264.55454,3.989,3.989,3851.0,3851.0,,3110.03082,3110.03082,10.899,10.899,10021.0,10021.0,,3105.47763,3105.47763,10.484,10.484,10155.0,10155.0,,25165824,FacebookAI/roberta-large,256,20,3,128
1285.86927,1285.86927,4.018,4.018,3881.0,3881.0,,3143.02668,3143.02668,10.532,10.532,10177.0,10177.0,,3153.42728,3153.42728,9.521,9.521,10401.0,10401.0,,37748736,FacebookAI/roberta-large,256,20,3,192
1314.63153,1314.63153,4.054,4.054,3899.0,3899.0,,3126.74078,3126.74078,10.591,10.591,10247.0,10247.0,,3250.02261,3250.02261,10.7,10.7,10527.0,10527.0,,50331648,FacebookAI/roberta-large,256,20,3,256
1334.19779,1334.19779,4.218,4.218,3931.0,3931.0,,3227.969,3227.969,10.71,10.71,10447.0,10447.0,,3401.80261,3401.80261,10.8,10.8,10823.0,10823.0,,62914560,FacebookAI/roberta-large,256,20,3,320
1349.77916,1349.77916,4.231,4.231,3995.0,3995.0,,3270.15897,3270.15897,10.812,10.812,9645.0,9645.0,,3442.27459,3442.27459,10.859,10.859,10221.0,10221.0,,75497472,FacebookAI/roberta-large,256,20,3,384
1371.43408,1371.43408,4.248,4.248,3995.0,3995.0,,3304.5083,3304.5083,10.733,10.733,10655.0,10655.0,,3485.9011800000003,3485.9011800000003,10.779,10.779,11223.0,11223.0,,88080384,FacebookAI/roberta-large,256,20,3,448
1382.33891,1382.33891,4.27,4.27,3995.0,3995.0,,3381.9209,3381.9209,10.692,10.692,10677.0,10677.0,,3614.35117,3614.35117,11.126,11.126,11247.0,11247.0,,100663296,FacebookAI/roberta-large,256,20,3,512
2728.0647400000003,2728.0647400000003,7.276,7.276,8401.0,8401.0,,8256.11125,8256.11125,21.605,21.605,21633.0,21633.0,,9099.98024,9099.98024,25.175,25.175,23637.0,23637.0,,1235814400,meta-llama/Llama-3.2-1B,256,16,3,-1
3139.4483,3139.4483,8.932,8.932,8467.0,8467.0,,7311.83336,7311.83336,21.331,21.331,19157.0,19157.0,,7376.77659,7376.77659,21.339,21.339,19159.0,19159.0,,704512,meta-llama/Llama-3.2-1B,256,16,3,1
3167.6597300000003,3167.6597300000003,9.075,9.075,8467.0,8467.0,,7458.82696,7458.82696,21.906,21.906,19161.0,19161.0,,7579.7893,7579.7893,22.082,22.082,19163.0,19163.0,,1409024,meta-llama/Llama-3.2-1B,256,16,3,2
3164.2015300000003,3164.2015300000003,9.128,9.128,8473.0,8473.0,,7491.205550000001,7491.205550000001,22.037,22.037,19167.0,19167.0,,7501.56323,7501.56323,22.145,22.145,19173.0,19173.0,,2818048,meta-llama/Llama-3.2-1B,256,16,3,4
3151.15965,3151.15965,8.977,8.977,8475.0,8475.0,,7318.70006,7318.70006,21.715,21.715,19181.0,19181.0,,7541.5408,7541.5408,21.789,21.789,19197.0,19197.0,,5636096,meta-llama/Llama-3.2-1B,256,16,3,8
3147.32197,3147.32197,8.965,8.965,8487.0,8487.0,,7359.80978,7359.80978,21.705,21.705,19211.0,19211.0,,7479.14103,7479.14103,21.754,21.754,19251.0,19251.0,,11272192,meta-llama/Llama-3.2-1B,256,16,3,16
3144.35052,3144.35052,8.96,8.96,8507.0,8507.0,,7368.94866,7368.94866,21.576,21.576,19267.0,19267.0,,7503.30601,7503.30601,21.663,21.663,19359.0,19359.0,,22544384,meta-llama/Llama-3.2-1B,256,16,3,32
3173.56218,3173.56218,9.05,9.05,8551.0,8551.0,,7432.55082,7432.55082,21.772,21.772,19383.0,19383.0,,7593.005990000001,7593.005990000001,21.89,21.89,19575.0,19575.0,,45088768,meta-llama/Llama-3.2-1B,256,16,3,64
3229.90408,3229.90408,9.212,9.212,8637.0,8637.0,,7574.67102,7574.67102,22.126,22.126,21527.0,21527.0,,7843.45949,7843.45949,22.417,22.417,21633.0,21633.0,,90177536,meta-llama/Llama-3.2-1B,256,16,3,128
3290.88328,3290.88328,9.32,9.32,8767.0,8767.0,,7796.71201,7796.71201,22.485,22.485,21769.0,21769.0,,8143.51511,8143.51511,22.923,22.923,22199.0,22199.0,,135266304,meta-llama/Llama-3.2-1B,256,16,3,192
3333.78741,3333.78741,9.376,9.376,8813.0,8813.0,,7930.46395,7930.46395,22.739,22.739,21849.0,21849.0,,8331.99242,8331.99242,23.286,23.286,22297.0,22297.0,,180355072,meta-llama/Llama-3.2-1B,256,16,3,256
3388.61242,3388.61242,9.479,9.479,8915.0,8915.0,,8083.05258,8083.05258,22.984,22.984,21977.0,21977.0,,8610.00259,8610.00259,23.694,23.694,22001.0,22001.0,,225443840,meta-llama/Llama-3.2-1B,256,16,3,320
3454.71288,3454.71288,9.531,9.531,8993.0,8993.0,,8186.47155,8186.47155,23.256,23.256,22099.0,22099.0,,8869.85598,8869.85598,24.057,24.057,22129.0,22129.0,,270532608,meta-llama/Llama-3.2-1B,256,16,3,384
3508.19899,3508.19899,9.874,9.874,9121.0,9121.0,,8523.20649,8523.20649,24.536,24.536,22249.0,22249.0,,9155.1908,9155.1908,25.483,25.483,22287.0,22287.0,,315621376,meta-llama/Llama-3.2-1B,256,16,3,448
3571.06229,3571.06229,9.952,9.952,9113.0,9113.0,,8651.93809,8651.93809,24.754,24.754,22293.0,22293.0,,9390.26843,9390.26843,25.811,25.811,22333.0,22333.0,,360710144,meta-llama/Llama-3.2-1B,256,16,3,512
914.94747,914.94747,2.912,2.912,3319.0,3319.0,,2862.37685,2862.37685,9.002,9.002,8153.0,8153.0,,2889.44183,2889.44183,10.066,10.066,8939.0,8939.0,,355412057,FacebookAI/roberta-large,256,16,3,-1
1014.00858,1014.00858,3.321,3.321,3309.0,3309.0,,2456.89663,2456.89663,10.09,10.09,8101.0,8101.0,,2532.17931,2532.17931,9.741,9.741,8101.0,8101.0,,196608,FacebookAI/roberta-large,256,16,3,1
1014.22495,1014.22495,3.434,3.434,3309.0,3309.0,,2438.609,2438.609,8.961,8.961,8103.0,8103.0,,2565.81569,2565.81569,10.522,10.522,8103.0,8103.0,,393216,FacebookAI/roberta-large,256,16,3,2
1013.09334,1013.09334,3.396,3.396,3309.0,3309.0,,2444.59575,2444.59575,9.04,9.04,8105.0,8105.0,,2585.22612,2585.22612,9.946,9.946,8107.0,8107.0,,786432,FacebookAI/roberta-large,256,16,3,4
1002.72355,1002.72355,3.377,3.377,3311.0,3311.0,,2566.61871,2566.61871,10.66,10.66,8111.0,8111.0,,2599.48655,2599.48655,10.534,10.534,8115.0,8115.0,,1572864,FacebookAI/roberta-large,256,16,3,8
989.76802,989.76802,3.389,3.389,3313.0,3313.0,,2439.13188,2439.13188,8.883,8.883,8123.0,8123.0,,2446.99384,2446.99384,8.686,8.686,8129.0,8129.0,,3145728,FacebookAI/roberta-large,256,16,3,16
1006.7334,1006.7334,3.393,3.393,3319.0,3319.0,,2406.41378,2406.41378,8.866,8.866,8147.0,8147.0,,2589.42463,2589.42463,10.654,10.654,8159.0,8159.0,,6291456,FacebookAI/roberta-large,256,16,3,32
1032.74229,1032.74229,3.433,3.433,3331.0,3331.0,,2414.09104,2414.09104,8.988,8.988,8195.0,8195.0,,2563.86379,2563.86379,10.585,10.585,8219.0,8219.0,,12582912,FacebookAI/roberta-large,256,16,3,64
1045.76189,1045.76189,3.492,3.492,3355.0,3355.0,,2579.60577,2579.60577,10.861,10.861,8291.0,8291.0,,2617.10065,2617.10065,10.39,10.39,8339.0,8339.0,,25165824,FacebookAI/roberta-large,256,16,3,128
1046.25986,1046.25986,3.566,3.566,3385.0,3385.0,,2449.8297,2449.8297,8.206,8.206,7651.0,7651.0,,2728.13098,2728.13098,10.881,10.881,7873.0,7873.0,,37748736,FacebookAI/roberta-large,256,16,3,192
1061.25671,1061.25671,3.579,3.579,3403.0,3403.0,,2665.1111100000003,2665.1111100000003,10.602,10.602,8475.0,8475.0,,2752.97537,2752.97537,10.315,10.315,8757.0,8757.0,,50331648,FacebookAI/roberta-large,256,16,3,256
1084.19587,1084.19587,3.608,3.608,3435.0,3435.0,,2723.35447,2723.35447,10.565,10.565,7863.0,7863.0,,2691.12608,2691.12608,10.214,10.214,8243.0,8243.0,,62914560,FacebookAI/roberta-large,256,16,3,320
1086.9025,1086.9025,3.648,3.648,3499.0,3499.0,,2733.65078,2733.65078,10.177,10.177,8037.0,8037.0,,2873.38671,2873.38671,10.167,10.167,8613.0,8613.0,,75497472,FacebookAI/roberta-large,256,16,3,384
1126.36256,1126.36256,3.777,3.777,3499.0,3499.0,,2748.59445,2748.59445,10.467,10.467,8057.0,8057.0,,2940.5484,2940.5484,10.225,10.225,8633.0,8633.0,,88080384,FacebookAI/roberta-large,256,16,3,448
1135.06193,1135.06193,3.79,3.79,3499.0,3499.0,,2793.76822,2793.76822,10.492,10.492,8871.0,8871.0,,3001.84099,3001.84099,10.517,10.517,9441.0,9441.0,,100663296,FacebookAI/roberta-large,256,16,3,512
2043.46702,2043.46702,5.451,5.451,7027.0,7027.0,,6234.38333,6234.38333,16.46,16.46,16959.0,16959.0,,7130.25944,7130.25944,19.987,19.987,19967.0,19967.0,,1235814400,meta-llama/Llama-3.2-1B,256,12,3,-1
2320.6181,2320.6181,6.721,6.721,7085.0,7085.0,,5384.9953000000005,5384.9953000000005,16.106,16.106,15103.0,15103.0,,5463.40615,5463.40615,16.145,16.145,15103.0,15102.480826942314,,704512,meta-llama/Llama-3.2-1B,256,12,3,1
2399.70184,2399.70184,6.831,6.831,7087.0,7087.0,,5494.21235,5494.21235,16.521,16.521,15105.0,15105.0,,5637.39935,5637.39935,16.711,16.711,15109.0,15109.0,,1409024,meta-llama/Llama-3.2-1B,256,12,3,2
2356.00667,2356.00667,6.827,6.827,7091.0,7091.0,,5491.85763,5491.85763,16.613,16.613,15113.0,15113.0,,5519.93299,5519.93299,16.62,16.62,15119.0,15119.0,,2818048,meta-llama/Llama-3.2-1B,256,12,3,4
2358.59786,2358.59786,6.756,6.756,7093.0,7093.0,,5486.57816,5486.57816,16.498,16.498,15127.0,15127.0,,5564.66797,5564.66797,16.494,16.494,15147.0,15147.0,,5636096,meta-llama/Llama-3.2-1B,256,12,3,8
2343.33119,2343.33119,6.76,6.76,7105.0,7105.0,,5463.16953,5463.16953,16.549,16.549,15155.0,15155.0,,5564.2983300000005,5564.2983300000005,16.602,16.602,15201.0,15201.0,,11272192,meta-llama/Llama-3.2-1B,256,12,3,16
2316.164,2316.164,6.747,6.747,7125.0,7125.0,,5423.35403,5423.35403,16.289,16.289,15211.0,15211.0,,5541.87315,5541.87315,16.357,16.357,15309.0,15309.0,,22544384,meta-llama/Llama-3.2-1B,256,12,3,32
2347.1245400000003,2347.1245400000003,6.821,6.821,7169.0,7169.0,,5452.41349,5452.41349,16.456,16.456,15321.0,15321.0,,5614.76794,5614.76794,16.6,16.6,15527.0,15527.0,,45088768,meta-llama/Llama-3.2-1B,256,12,3,64
2416.6442500000003,2416.6442500000003,6.943,6.943,7251.0,7251.0,,5643.13407,5643.13407,16.661,16.661,16967.0,16967.0,,5832.66704,5832.66704,16.962,16.962,17081.0,17081.0,,90177536,meta-llama/Llama-3.2-1B,256,12,3,128
2452.46077,2452.46077,6.863,6.863,7385.0,7385.0,,5718.50393,5718.50393,16.868,16.868,17165.0,17165.0,,6016.34065,6016.34065,17.286,17.286,17595.0,17595.0,,135266304,meta-llama/Llama-3.2-1B,256,12,3,192
2477.73388,2477.73388,7.068,7.068,7415.0,7415.0,,5798.65789,5798.65789,17.125,17.125,17253.0,17253.0,,6233.23447,6233.23447,17.691,17.691,17701.0,17701.0,,180355072,meta-llama/Llama-3.2-1B,256,12,3,256
2546.63531,2546.63531,7.185,7.185,7521.0,7521.0,,6055.431970000001,6055.431970000001,17.428,17.428,17305.0,17305.0,,6490.81077,6490.81077,18.152,18.152,17331.0,17331.0,,225443840,meta-llama/Llama-3.2-1B,256,12,3,320
2574.2084,2574.2084,7.146,7.146,7595.0,7595.0,,5990.72084,5990.72084,17.623,17.623,17437.0,17437.0,,6576.10979,6576.10979,18.452,18.452,17469.0,17469.0,,270532608,meta-llama/Llama-3.2-1B,256,12,3,384
2619.21269,2619.21269,7.334,7.334,7727.0,7727.0,,6277.06267,6277.06267,18.327,18.327,17593.0,17593.0,,6841.5665,6841.5665,19.368,19.368,17633.0,17633.0,,315621376,meta-llama/Llama-3.2-1B,256,12,3,448
2647.54707,2647.54707,7.371,7.371,7755.0,7755.0,,6356.90276,6356.90276,18.553,18.553,17657.0,17657.0,,7011.71185,7011.71185,19.651,19.651,17699.0,17699.0,,360710144,meta-llama/Llama-3.2-1B,256,12,3,512
638.88572,638.88572,1.998,1.998,2781.0,2781.0,,2083.5993,2083.5993,6.625,6.625,7017.0,7017.0,,2392.33293,2392.33293,8.002,8.002,7607.0,7607.0,,355412057,FacebookAI/roberta-large,256,12,3,-1
753.06028,753.06028,2.797,2.797,2783.0,2783.0,,2048.6672200000003,2048.6672200000003,10.409,10.409,6447.0,6447.0,,2067.73551,2067.73551,10.327,10.327,6447.0,6447.0,,196608,FacebookAI/roberta-large,256,12,3,1
761.52576,761.52576,2.833,2.833,2783.0,2783.0,,1925.72626,1925.72626,8.791,8.791,6449.0,6449.0,,2118.01382,2118.01382,10.697,10.697,6449.0,6449.0,,393216,FacebookAI/roberta-large,256,12,3,2
778.6562,778.6562,2.872,2.872,2783.0,2783.0,,2125.47859,2125.47859,10.907,10.907,6451.0,6451.0,,2149.21976,2149.21976,10.706,10.706,6453.0,6453.0,,786432,FacebookAI/roberta-large,256,12,3,4
774.78625,774.78625,2.6870000000000003,2.6870000000000003,2785.0,2785.0,,2103.25636,2103.25636,11.193,11.193,6455.0,6455.0,,2007.46008,2007.46008,9.976,9.976,6459.0,6459.0,,1572864,FacebookAI/roberta-large,256,12,3,8
760.15051,760.15051,2.761,2.761,2787.0,2787.0,,2094.1017500000003,2094.1017500000003,10.679,10.679,6467.0,6467.0,,2047.17781,2047.17781,10.339,10.339,6473.0,6473.0,,3145728,FacebookAI/roberta-large,256,12,3,16
760.3163000000001,760.3163000000001,2.759,2.759,2793.0,2793.0,,2099.06478,2099.06478,10.722,10.722,6487.0,6487.0,,2017.43625,2017.43625,10.065,10.065,6501.0,6501.0,,6291456,FacebookAI/roberta-large,256,12,3,32
762.4311,762.4311,2.771,2.771,2805.0,2805.0,,2089.77554,2089.77554,10.755,10.755,6531.0,6531.0,,1844.15169,1844.15169,7.014,7.014,6561.0,6561.0,,12582912,FacebookAI/roberta-large,256,12,3,64
774.2873900000001,774.2873900000001,2.728,2.728,2829.0,2829.0,,2145.59747,2145.59747,10.591,10.591,6625.0,6625.0,,2177.13077,2177.13077,10.5,10.5,6687.0,6687.0,,25165824,FacebookAI/roberta-large,256,12,3,128
792.32326,792.32326,2.781,2.781,2859.0,2859.0,,1993.26298,1993.26298,8.431,8.431,6097.0,6097.0,,1835.04844,1835.04844,10.028,10.028,6321.0,6321.0,,37748736,FacebookAI/roberta-large,256,12,3,192
791.88964,791.88964,2.782,2.782,2877.0,2877.0,,2235.73497,2235.73497,10.532,10.532,6155.0,6155.0,,2220.99831,2220.99831,10.192,10.192,6439.0,6439.0,,50331648,FacebookAI/roberta-large,256,12,3,256
799.62744,799.62744,2.71,2.71,2909.0,2909.0,,2189.92299,2189.92299,10.484,10.484,6263.0,6263.0,,2208.81699,2208.81699,10.194,10.194,6641.0,6641.0,,62914560,FacebookAI/roberta-large,256,12,3,320
818.1881500000001,818.1881500000001,2.819,2.819,2973.0,2973.0,,2248.97008,2248.97008,10.682,10.682,6469.0,6469.0,,2266.3739,2266.3739,10.043,10.043,7045.0,7045.0,,75497472,FacebookAI/roberta-large,256,12,3,384
820.96534,820.96534,2.8040000000000003,2.8040000000000003,2973.0,2973.0,,2230.19033,2230.19033,9.783,9.783,6529.0,6529.0,,2421.92579,2421.92579,11.16,11.16,7105.0,7105.0,,88080384,FacebookAI/roberta-large,256,12,3,448
831.1074600000001,831.1074600000001,2.722,2.722,2973.0,2973.0,,2241.17115,2241.17115,9.699,9.699,6555.0,6555.0,,2239.03822,2239.03822,8.592,8.592,7127.0,7127.0,,100663296,FacebookAI/roberta-large,256,12,3,512
1382.80535,1382.80535,3.775,3.775,5633.0,5633.0,,4268.6156,4268.6156,11.754,11.754,13317.0,13317.0,,5113.01152,5113.01152,15.281,15.281,15321.0,15321.0,,1235814400,meta-llama/Llama-3.2-1B,256,8,3,-1
1560.80822,1560.80822,4.699,4.699,5667.0,5667.0,,3615.50096,3615.50096,11.908,11.908,11031.0,11031.0,,3679.20938,3679.20938,11.771,11.771,11033.0,11033.0,,704512,meta-llama/Llama-3.2-1B,256,8,3,1
1550.54918,1550.54918,4.789,4.789,5669.0,5669.0,,3705.57668,3705.57668,12.314,12.314,11033.0,11033.0,,3727.0573,3727.0573,12.298,12.298,11037.0,11037.0,,1409024,meta-llama/Llama-3.2-1B,256,8,3,2
1539.9108,1539.9108,4.792,4.792,5671.0,5671.0,,3668.74674,3668.74674,12.322,12.322,11039.0,11039.0,,3732.65904,3732.65904,12.232,12.232,11049.0,11049.0,,2818048,meta-llama/Llama-3.2-1B,256,8,3,4
1540.70372,1540.70372,4.75,4.75,5677.0,5677.0,,3636.72073,3636.72073,12.059,12.059,11053.0,11053.0,,3703.35397,3703.35397,11.981,11.981,11075.0,11075.0,,5636096,meta-llama/Llama-3.2-1B,256,8,3,8
1540.58606,1540.58606,4.758,4.758,5687.0,5687.0,,3652.59917,3652.59917,12.227,12.227,11077.0,11077.0,,3696.85915,3696.85915,12.127,12.127,11129.0,11129.0,,11272192,meta-llama/Llama-3.2-1B,256,8,3,16
1552.09307,1552.09307,4.759,4.759,5709.0,5709.0,,3653.83547,3653.83547,11.932,11.932,11127.0,11127.0,,3696.32123,3696.32123,12.06,12.06,11237.0,11237.0,,22544384,meta-llama/Llama-3.2-1B,256,8,3,32
1572.99731,1572.99731,4.786,4.786,5751.0,5751.0,,3686.91269,3686.91269,12.126,12.126,11229.0,11229.0,,3731.36227,3731.36227,12.082,12.082,11453.0,11453.0,,45088768,meta-llama/Llama-3.2-1B,256,8,3,64
1606.15078,1606.15078,4.86,4.86,5853.0,5853.0,,3737.06091,3737.06091,12.157,12.157,12329.0,12329.0,,3911.69112,3911.69112,12.409,12.409,12497.0,12497.0,,90177536,meta-llama/Llama-3.2-1B,256,8,3,128
1628.12939,1628.12939,4.927,4.927,5969.0,5969.0,,3851.3414,3851.3414,12.326,12.326,12565.0,12565.0,,4077.67609,4077.67609,12.657,12.657,12883.0,12883.0,,135266304,meta-llama/Llama-3.2-1B,256,8,3,192
1666.24474,1666.24474,4.978,4.978,6009.0,6009.0,,3936.73845,3936.73845,12.448,12.448,12639.0,12639.0,,4153.3223800000005,4153.3223800000005,12.955,12.955,12977.0,12977.0,,180355072,meta-llama/Llama-3.2-1B,256,8,3,256
1724.7835300000002,1724.7835300000002,5.065,5.065,6115.0,6115.0,,4041.1701,4041.1701,12.619,12.619,12659.0,12659.0,,4369.84032,4369.84032,13.194,13.194,12687.0,12687.0,,225443840,meta-llama/Llama-3.2-1B,256,8,3,320
1731.99398,1731.99398,5.034,5.034,6191.0,6191.0,,4055.25787,4055.25787,12.448,12.448,12771.0,12771.0,,4466.79479,4466.79479,13.468,13.468,13807.0,13807.0,,270532608,meta-llama/Llama-3.2-1B,256,8,3,384
1737.97365,1737.97365,5.248,5.248,6321.0,6321.0,,4235.94629,4235.94629,13.367,13.367,12913.0,12913.0,,4625.12609,4625.12609,14.216,14.216,13960.0,13960.0,,315621376,meta-llama/Llama-3.2-1B,256,8,3,448
1767.117,1767.117,5.286,5.286,6329.0,6329.0,,4225.11143,4225.11143,13.243,13.243,12953.0,12953.0,,4703.17607,4703.17607,14.482,14.482,13999.0,13999.0,,360710144,meta-llama/Llama-3.2-1B,256,8,3,512
455.64367,455.64367,1.696,1.696,2255.0,2255.0,,1617.14339,1617.14339,6.984,6.984,5055.0,5055.0,,1713.04913,1713.04913,6.471,6.471,5843.0,5843.0,,355412057,FacebookAI/roberta-large,256,8,3,-1
551.57946,551.57946,2.585,2.585,2257.0,2257.0,,1587.79834,1587.79834,9.429,9.429,4661.0,4661.0,,1438.30187,1438.30187,7.803,7.803,4661.0,4661.0,,196608,FacebookAI/roberta-large,256,8,3,1
554.32444,554.32444,2.645,2.645,2257.0,2257.0,,1718.51028,1718.51028,11.254,11.254,4661.0,4661.0,,1758.10673,1758.10673,11.337,11.337,4663.0,4663.0,,393216,FacebookAI/roberta-large,256,8,3,2
553.50252,553.50252,2.568,2.568,2257.0,2257.0,,1362.65493,1362.65493,6.855,6.855,4665.0,4665.0,,1574.55273,1574.55273,9.389,9.389,4665.0,4665.0,,786432,FacebookAI/roberta-large,256,8,3,4
554.11721,554.11721,2.553,2.553,2259.0,2259.0,,1440.66898,1440.66898,7.664,7.664,4669.0,4669.0,,1661.9516,1661.9516,10.436,10.436,4671.0,4671.0,,1572864,FacebookAI/roberta-large,256,8,3,8
549.49671,549.49671,2.605,2.605,2261.0,2261.0,,1413.27302,1413.27302,7.646,7.646,4677.0,4677.0,,1493.09601,1493.09601,8.493,8.493,4685.0,4685.0,,3145728,FacebookAI/roberta-large,256,8,3,16
548.65511,548.65511,2.617,2.617,2267.0,2267.0,,1704.82821,1704.82821,11.2,11.2,4695.0,4695.0,,1742.24326,1742.24326,11.049,11.049,4715.0,4715.0,,6291456,FacebookAI/roberta-large,256,8,3,32
554.29383,554.29383,2.5540000000000003,2.5540000000000003,2279.0,2279.0,,1722.8565,1722.8565,11.26,11.26,4731.0,4731.0,,1666.55993,1666.55993,10.548,10.548,4775.0,4775.0,,12582912,FacebookAI/roberta-large,256,8,3,64
545.31596,545.31596,2.526,2.526,2303.0,2303.0,,1698.07983,1698.07983,10.771,10.771,4803.0,4803.0,,1668.2846,1668.2846,10.103,10.103,4895.0,4895.0,,25165824,FacebookAI/roberta-large,256,8,3,128
573.81763,573.81763,2.566,2.566,2333.0,2333.0,,1550.20037,1550.20037,8.531,8.531,4901.0,4901.0,,1781.92728,1781.92728,10.8,10.8,5039.0,5039.0,,37748736,FacebookAI/roberta-large,256,8,3,192
570.21473,570.21473,2.531,2.531,2351.0,2351.0,,1759.16976,1759.16976,10.913,10.913,4947.0,4947.0,,1868.73633,1868.73633,10.222,10.222,5135.0,5135.0,,50331648,FacebookAI/roberta-large,256,8,3,256
576.57045,576.57045,2.563,2.563,2383.0,2383.0,,1656.53013,1656.53013,9.877,9.877,4693.0,4693.0,,1664.46728,1664.46728,8.596,8.596,5077.0,5077.0,,62914560,FacebookAI/roberta-large,256,8,3,320
585.0210000000001,585.0210000000001,2.555,2.555,2447.0,2447.0,,1818.03959,1818.03959,10.82,10.82,4833.0,4833.0,,1964.952,1964.952,10.306,10.306,5409.0,5409.0,,75497472,FacebookAI/roberta-large,256,8,3,384
589.34453,589.34453,2.541,2.541,2447.0,2447.0,,1569.89284,1569.89284,8.074,8.074,4841.0,4841.0,,1835.48571,1835.48571,10.454,10.454,5417.0,5417.0,,88080384,FacebookAI/roberta-large,256,8,3,448
595.73467,595.73467,2.53,2.53,2447.0,2447.0,,1778.14278,1778.14278,9.916,9.916,4849.0,4849.0,,1646.34255,1646.34255,10.152,10.152,5423.0,5423.0,,100663296,FacebookAI/roberta-large,256,8,3,512
710.07948,710.07948,2.123,2.123,4273.0,4273.0,,2489.80305,2489.80305,9.142,9.142,9103.0,9103.0,,3205.78752,3205.78752,11.436,11.436,13149.0,13149.0,,1235814400,meta-llama/Llama-3.2-1B,256,4,3,-1
826.53234,826.53234,2.883,2.883,4283.0,4283.0,,2284.10799,2284.10799,11.741,11.741,6981.0,6981.0,,2204.91404,2204.91404,10.861,10.861,6983.0,6983.0,,704512,meta-llama/Llama-3.2-1B,256,4,3,1
813.8466500000001,813.8466500000001,3.0,3.0,4287.0,4287.0,,2242.41701,2242.41701,11.784,11.784,6983.0,6983.0,,2309.20028,2309.20028,10.63,10.63,6987.0,6987.0,,1409024,meta-llama/Llama-3.2-1B,256,4,3,2
825.98965,825.98965,2.972,2.972,4289.0,4289.0,,2299.30406,2299.30406,11.572,11.572,6989.0,6989.0,,2236.694,2236.694,11.205,11.205,6997.0,6997.0,,2818048,meta-llama/Llama-3.2-1B,256,4,3,4
815.10571,815.10571,2.968,2.968,4293.0,4293.0,,2187.13315,2187.13315,10.863,10.863,7001.0,7001.0,,2193.9003,2193.9003,10.68,10.68,7023.0,7023.0,,5636096,meta-llama/Llama-3.2-1B,256,4,3,8
820.87366,820.87366,2.916,2.916,4303.0,4303.0,,2230.10061,2230.10061,11.894,11.894,7025.0,7025.0,,2224.63395,2224.63395,10.872,10.872,7077.0,7077.0,,11272192,meta-llama/Llama-3.2-1B,256,4,3,16
837.7846900000001,837.7846900000001,3.006,3.006,4325.0,4325.0,,2222.71936,2222.71936,11.775,11.775,7071.0,7071.0,,2220.68116,2220.68116,10.679,10.679,7185.0,7185.0,,22544384,meta-llama/Llama-3.2-1B,256,4,3,32
824.59002,824.59002,2.967,2.967,4367.0,4367.0,,2262.64954,2262.64954,11.127,11.127,7163.0,7163.0,,2294.71992,2294.71992,11.077,11.077,7401.0,7401.0,,45088768,meta-llama/Llama-3.2-1B,256,4,3,64
830.43471,830.43471,2.829,2.829,4457.0,4457.0,,2319.43638,2319.43638,11.648,11.648,7739.0,7739.0,,2108.9221,2108.9221,8.897,8.897,7933.0,7933.0,,90177536,meta-llama/Llama-3.2-1B,256,4,3,128
843.51784,843.51784,2.876,2.876,4569.0,4569.0,,2268.40264,2268.40264,10.579,10.579,7909.0,7909.0,,2358.5442000000003,2358.5442000000003,10.624,10.624,8357.0,8357.0,,135266304,meta-llama/Llama-3.2-1B,256,4,3,192
850.83511,850.83511,2.842,2.842,4633.0,4633.0,,2299.47776,2299.47776,11.565,11.565,8013.0,8013.0,,2456.5232,2456.5232,10.912,10.912,8409.0,8409.0,,180355072,meta-llama/Llama-3.2-1B,256,4,3,256
878.02878,878.02878,2.907,2.907,4731.0,4731.0,,2464.92283,2464.92283,11.536,11.536,7999.0,7999.0,,2667.11899,2667.11899,11.663,11.663,8515.0,8515.0,,225443840,meta-llama/Llama-3.2-1B,256,4,3,320
890.96394,890.96394,2.927,2.927,4815.0,4815.0,,2469.37475,2469.37475,11.541,11.541,8607.0,8607.0,,2736.94607,2736.94607,11.689,11.689,9131.0,9131.0,,270532608,meta-llama/Llama-3.2-1B,256,4,3,384
899.9942100000001,899.9942100000001,2.896,2.896,4937.0,4937.0,,2574.63716,2574.63716,11.767,11.767,8739.0,8739.0,,2587.9503,2587.9503,9.154,9.154,9257.0,9257.0,,315621376,meta-llama/Llama-3.2-1B,256,4,3,448
911.58755,911.58755,2.959,2.959,4961.0,4961.0,,2517.92755,2517.92755,11.661,11.661,8777.0,8777.0,,2741.10606,2741.10606,10.824,10.824,9297.0,9297.0,,360710144,meta-llama/Llama-3.2-1B,256,4,3,512
276.69295,276.69295,1.452,1.452,1733.0,1733.0,,1119.65668,1119.65668,7.491,7.491,3443.0,3443.0,,1292.09016,1292.09016,8.005,8.005,4699.0,4699.0,,355412057,FacebookAI/roberta-large,256,4,3,-1
367.11946,367.11946,2.339,2.339,1735.0,1735.0,,942.18137,942.18137,6.534,6.534,2761.0,2761.0,,1233.78052,1233.78052,10.161,10.161,2761.0,2761.0,,196608,FacebookAI/roberta-large,256,4,3,1
377.79431,377.79431,2.45,2.45,1735.0,1735.0,,1296.77751,1296.77751,10.739,10.739,2763.0,2763.0,,1068.65306,1068.65306,8.148,8.148,2763.0,2763.0,,393216,FacebookAI/roberta-large,256,4,3,2
353.12043,353.12043,2.33,2.33,1735.0,1735.0,,1120.5902,1120.5902,8.751,8.751,2765.0,2765.0,,1313.62214,1313.62214,11.015,11.015,2765.0,2765.0,,786432,FacebookAI/roberta-large,256,4,3,4
355.08381,355.08381,2.273,2.273,1737.0,1737.0,,1219.39174,1219.39174,10.422,10.422,2769.0,2769.0,,1193.92101,1193.92101,10.494,10.494,2771.0,2771.0,,1572864,FacebookAI/roberta-large,256,4,3,8
354.36584,354.36584,2.278,2.278,1739.0,1739.0,,1205.1578,1205.1578,10.246,10.246,2775.0,2775.0,,1327.067,1327.067,11.382,11.382,2781.0,2781.0,,3145728,FacebookAI/roberta-large,256,4,3,16
363.68041,363.68041,2.273,2.273,1745.0,1745.0,,1299.0693,1299.0693,10.957,10.957,2791.0,2791.0,,1040.97465,1040.97465,7.684,7.684,2803.0,2803.0,,6291456,FacebookAI/roberta-large,256,4,3,32
349.61361,349.61361,2.166,2.166,1757.0,1757.0,,1041.21105,1041.21105,7.882,7.882,2821.0,2821.0,,1069.42591,1069.42591,8.091,8.091,2845.0,2845.0,,12582912,FacebookAI/roberta-large,256,4,3,64
351.59879,351.59879,2.129,2.129,1781.0,1781.0,,1271.79908,1271.79908,10.454,10.454,2881.0,2881.0,,1244.81885,1244.81885,10.194,10.194,2929.0,2929.0,,25165824,FacebookAI/roberta-large,256,4,3,128
355.75581,355.75581,2.224,2.224,1811.0,1811.0,,1280.48354,1280.48354,10.627,10.627,2979.0,2979.0,,1096.15751,1096.15751,7.843,7.843,3035.0,3035.0,,37748736,FacebookAI/roberta-large,256,4,3,192
364.41648,364.41648,2.189,2.189,1829.0,1829.0,,1318.45897,1318.45897,10.51,10.51,3001.0,3001.0,,1325.10057,1325.10057,10.232,10.232,3099.0,3099.0,,50331648,FacebookAI/roberta-large,256,4,3,256
372.77395,372.77395,2.184,2.184,1861.0,1861.0,,1287.86705,1287.86705,10.505,10.505,3111.0,3111.0,,1316.46463,1316.46463,10.222,10.222,3271.0,3271.0,,62914560,FacebookAI/roberta-large,256,4,3,320
371.46237,371.46237,2.187,2.187,1925.0,1925.0,,1172.23437,1172.23437,8.622,8.622,3239.0,3239.0,,1390.4631,1390.4631,10.652,10.652,3577.0,3577.0,,75497472,FacebookAI/roberta-large,256,4,3,384
373.15628,373.15628,2.194,2.194,1925.0,1925.0,,1213.78141,1213.78141,8.849,8.849,3239.0,3239.0,,1350.66971,1350.66971,9.921,9.921,3577.0,3577.0,,88080384,FacebookAI/roberta-large,256,4,3,448
384.26293,384.26293,2.221,2.221,1925.0,1925.0,,1233.97397,1233.97397,9.113,9.113,3241.0,3241.0,,1494.55886,1494.55886,10.162,10.162,3577.0,3577.0,,100663296,FacebookAI/roberta-large,256,4,3,512
3292.69806,3292.69806,8.725999999999999,8.725999999999999,9781.0,9781.0,,9952.12559,9952.12559,25.988,25.988,23819.0,23818.984957020057,,10844.31502,10844.31502,29.563,29.563,26327.0,26327.0,,1235814400,meta-llama/Llama-3.2-1B,256,20,4,-1
3899.33052,3899.33052,10.767,10.767,9835.0,9835.0,,9158.91921,9158.91921,25.817,25.817,23219.0,23219.0,,9253.48098,9253.48098,25.701,25.701,23221.0,23221.0,,704512,meta-llama/Llama-3.2-1B,256,20,4,1
3933.85962,3933.85962,10.928,10.928,9837.0,9837.0,,9272.78148,9272.78148,26.637,26.637,23223.0,23223.0,,9416.50232,9416.50232,26.648,26.648,23227.0,23227.0,,1409024,meta-llama/Llama-3.2-1B,256,20,4,2
3920.30915,3920.30915,10.95,10.95,9841.0,9841.0,,9329.47946,9329.47946,26.513,26.513,23231.0,23231.0,,9473.13669,9473.13669,26.687,26.687,23237.0,23237.0,,2818048,meta-llama/Llama-3.2-1B,256,20,4,4
3910.63867,3910.63867,10.795,10.795,9843.0,9843.0,,9190.31662,9190.31662,26.143,26.143,23247.0,23247.0,,9354.4655,9354.4655,26.217,26.217,23259.0,23259.0,,5636096,meta-llama/Llama-3.2-1B,256,20,4,8
3901.98512,3901.98512,10.781,10.781,9855.0,9855.0,,9254.39716,9254.39716,26.253,26.253,23277.0,23277.0,,9338.18192,9338.18192,26.296,26.296,23313.0,23313.0,,11272192,meta-llama/Llama-3.2-1B,256,20,4,16
3898.97134,3898.97134,10.813,10.813,9877.0,9877.0,,9175.26128,9175.26128,26.038,26.038,23341.0,23341.0,,9325.36994,9325.36994,26.13,26.13,23419.0,23419.0,,22544384,meta-llama/Llama-3.2-1B,256,20,4,32
3927.79077,3927.79077,10.902,10.902,9919.0,9919.0,,9275.89428,9275.89428,26.192,26.192,23467.0,23467.0,,9384.9791,9384.9791,26.366,26.366,23637.0,23637.0,,45088768,meta-llama/Llama-3.2-1B,256,20,4,64
4028.45344,4028.45344,11.104,11.104,10039.0,10039.0,,9465.36369,9465.36369,26.744,26.744,26093.0,26093.0,,9718.14638,9718.14638,27.035,27.035,26311.0,26311.0,,90177536,meta-llama/Llama-3.2-1B,256,20,4,128
4087.38686,4087.38686,11.166,11.166,10117.0,10117.0,,9699.66449,9699.66449,27.086,27.086,26379.0,26379.0,,10121.1383,10121.1383,27.402,27.402,26807.0,26807.0,,135266304,meta-llama/Llama-3.2-1B,256,20,4,192
4108.92127,4108.92127,11.24,11.24,10215.0,10215.0,,9864.24801,9864.24801,27.282,27.282,26477.0,26477.0,,10288.86549,10288.86549,27.825,27.825,26921.0,26921.0,,180355072,meta-llama/Llama-3.2-1B,256,20,4,256
4277.1592900000005,4277.1592900000005,11.604,11.604,10263.0,10263.0,,10210.43718,10210.43718,28.136,28.136,26633.0,26633.0,,10752.84862,10752.84862,28.83,28.83,26653.0,26653.0,,225443840,meta-llama/Llama-3.2-1B,256,20,4,320
4266.52598,4266.52598,11.676,11.676,10385.0,10385.0,,10218.45671,10218.45671,28.372,28.372,26769.0,26769.0,,10938.99018,10938.99018,29.163,29.163,26797.0,26797.0,,270532608,meta-llama/Llama-3.2-1B,256,20,4,384
4383.94455,4383.94455,11.863,11.863,10469.0,10469.0,,10610.26226,10610.26226,29.582,29.582,26935.0,26935.0,,11335.85459,11335.85459,30.477,30.477,26973.0,26973.0,,315621376,meta-llama/Llama-3.2-1B,256,20,4,448
4426.72065,4426.72065,11.971,11.971,10509.0,10509.0,,10663.99182,10663.99182,29.784,29.784,27007.0,27007.0,,11673.09539,11673.09539,30.793,30.793,27043.0,27043.0,,360710144,meta-llama/Llama-3.2-1B,256,20,4,512
1207.92436,1207.92436,3.333,3.333,3833.0,3833.0,,3554.82099,3554.82099,10.536,10.536,9795.0,9795.0,,3775.96461,3775.96461,11.498,11.498,10777.0,10777.0,,355412057,FacebookAI/roberta-large,256,20,4,-1
1241.61272,1241.61272,3.826,3.826,3805.0,3805.0,,2829.79856,2829.79856,8.808,8.808,9815.0,9815.0,,2945.75842,2945.75842,9.975,9.975,9815.0,9815.0,,196608,FacebookAI/roberta-large,256,20,4,1
1259.51007,1259.51007,3.902,3.902,3805.0,3805.0,,3013.87883,3013.87883,10.669,10.669,9817.0,9817.0,,3034.7184,3034.7184,10.482,10.482,9817.0,9817.0,,393216,FacebookAI/roberta-large,256,20,4,2
1243.39805,1243.39805,3.902,3.902,3805.0,3805.0,,3013.27791,3013.27791,11.238,11.238,9821.0,9821.0,,3047.93259,3047.93259,10.867,10.867,9821.0,9821.0,,786432,FacebookAI/roberta-large,256,20,4,4
1241.86541,1241.86541,3.87,3.87,3807.0,3807.0,,3006.24276,3006.24276,10.521,10.521,9827.0,9827.0,,2917.78993,2917.78993,9.054,9.054,9829.0,9829.0,,1572864,FacebookAI/roberta-large,256,20,4,8
1233.1224,1233.1224,3.868,3.868,3809.0,3809.0,,2967.17841,2967.17841,10.545,10.545,9841.0,9841.0,,2984.11411,2984.11411,10.073,10.073,9847.0,9847.0,,3145728,FacebookAI/roberta-large,256,20,4,16
1237.76531,1237.76531,3.871,3.871,3815.0,3815.0,,3000.6186,3000.6186,10.653,10.653,9867.0,9867.0,,2966.10033,2966.10033,9.097,9.097,9881.0,9881.0,,6291456,FacebookAI/roberta-large,256,20,4,32
1246.51193,1246.51193,3.898,3.898,3827.0,3827.0,,3002.5676200000003,3002.5676200000003,10.573,10.573,9923.0,9923.0,,3008.80192,3008.80192,9.541,9.541,9951.0,9951.0,,12582912,FacebookAI/roberta-large,256,20,4,64
1275.47529,1275.47529,3.969,3.969,3851.0,3851.0,,2966.67228,2966.67228,9.193,9.193,10021.0,10021.0,,3142.31257,3142.31257,10.257,10.257,10155.0,10155.0,,25165824,FacebookAI/roberta-large,256,20,4,128
1275.79503,1275.79503,4.021,4.021,3881.0,3881.0,,3154.05326,3154.05326,10.634,10.634,10177.0,10177.0,,3199.38917,3199.38917,9.794,9.794,10401.0,10401.0,,37748736,FacebookAI/roberta-large,256,20,4,192
1306.7865,1306.7865,4.06,4.06,3899.0,3899.0,,3151.52203,3151.52203,10.617,10.617,10247.0,10247.0,,3270.10426,3270.10426,10.693,10.693,10527.0,10527.0,,50331648,FacebookAI/roberta-large,256,20,4,256
1337.02966,1337.02966,4.219,4.219,3931.0,3931.0,,3254.36923,3254.36923,10.793,10.793,10447.0,10447.0,,3369.41267,3369.41267,10.597,10.597,10823.0,10823.0,,62914560,FacebookAI/roberta-large,256,20,4,320
1357.49731,1357.49731,4.231,4.231,3995.0,3995.0,,3248.40591,3248.40591,10.799,10.799,9645.0,9645.0,,3402.09866,3402.09866,10.133,10.133,10221.0,10221.0,,75497472,FacebookAI/roberta-large,256,20,4,384
1373.92152,1373.92152,4.243,4.243,3995.0,3995.0,,3342.28868,3342.28868,11.0,11.0,10655.0,10655.0,,3579.69854,3579.69854,11.111,11.111,11223.0,11223.0,,88080384,FacebookAI/roberta-large,256,20,4,448
1391.46766,1391.46766,4.2780000000000005,4.2780000000000005,3995.0,3995.0,,3345.76011,3345.76011,10.897,10.897,10677.0,10677.0,,3636.08747,3636.08747,11.162,11.162,11247.0,11247.0,,100663296,FacebookAI/roberta-large,256,20,4,512
2717.7342200000003,2717.7342200000003,7.283,7.283,8401.0,8401.0,,8282.95918,8282.95918,21.627,21.627,21633.0,21633.0,,9192.98016,9192.98016,25.195,25.195,23637.0,23637.0,,1235814400,meta-llama/Llama-3.2-1B,256,16,4,-1
3163.1082,3163.1082,8.932,8.932,8467.0,8467.0,,7339.12287,7339.12287,21.369,21.369,19157.0,19157.0,,7474.03916,7474.03916,21.357,21.357,19159.0,19159.0,,704512,meta-llama/Llama-3.2-1B,256,16,4,1
3179.36412,3179.36412,9.115,9.115,8467.0,8467.0,,7498.50349,7498.50349,22.07,22.07,19161.0,19161.0,,7568.3687,7568.3687,22.078,22.078,19163.0,19163.0,,1409024,meta-llama/Llama-3.2-1B,256,16,4,2
3180.64739,3180.64739,9.124,9.124,8473.0,8473.0,,7500.2285,7500.2285,22.048,22.048,19167.0,19167.0,,7558.30882,7558.30882,22.096,22.096,19173.0,19173.0,,2818048,meta-llama/Llama-3.2-1B,256,16,4,4
3137.64241,3137.64241,8.951,8.951,8475.0,8475.0,,7392.3233,7392.3233,21.597,21.597,19181.0,19181.0,,7474.51588,7474.51588,21.747,21.747,19197.0,19197.0,,5636096,meta-llama/Llama-3.2-1B,256,16,4,8
3136.73663,3136.73663,8.952,8.952,8487.0,8487.0,,7427.3525,7427.3525,21.716,21.716,19211.0,19211.0,,7580.07192,7580.07192,21.802,21.802,19251.0,19251.0,,11272192,meta-llama/Llama-3.2-1B,256,16,4,16
3143.51144,3143.51144,8.969,8.969,8507.0,8507.0,,7387.04378,7387.04378,21.601,21.601,19267.0,19267.0,,7513.49855,7513.49855,21.672,21.672,19359.0,19358.988053217487,,22544384,meta-llama/Llama-3.2-1B,256,16,4,32
3187.69603,3187.69603,9.045,9.045,8551.0,8551.0,,7460.17661,7460.17661,21.753,21.753,19383.0,19383.0,,7669.60762,7669.60762,21.794,21.794,19575.0,19575.0,,45088768,meta-llama/Llama-3.2-1B,256,16,4,64
3255.24261,3255.24261,9.208,9.208,8637.0,8637.0,,7598.18087,7598.18087,22.17,22.17,21527.0,21527.0,,7824.66354,7824.66354,22.453,22.453,21633.0,21633.0,,90177536,meta-llama/Llama-3.2-1B,256,16,4,128
3290.12325,3290.12325,9.307,9.307,8767.0,8767.0,,7767.33782,7767.33782,22.498,22.498,21769.0,21769.0,,8174.8172,8174.8172,22.921,22.921,22199.0,22199.0,,135266304,meta-llama/Llama-3.2-1B,256,16,4,192
3346.54587,3346.54587,9.368,9.368,8813.0,8813.0,,7884.80772,7884.80772,22.729,22.729,21849.0,21849.0,,8357.33478,8357.33478,23.191,23.191,22297.0,22297.0,,180355072,meta-llama/Llama-3.2-1B,256,16,4,256
3399.74258,3399.74258,9.48,9.48,8915.0,8915.0,,8076.936830000001,8076.936830000001,23.01,23.01,21977.0,21977.0,,8705.92667,8705.92667,23.698,23.698,22001.0,22001.0,,225443840,meta-llama/Llama-3.2-1B,256,16,4,320
3425.98119,3425.98119,9.557,9.557,8993.0,8993.0,,8235.30902,8235.30902,23.276,23.276,22099.0,22099.0,,8846.42172,8846.42172,24.083,24.083,22129.0,22129.0,,270532608,meta-llama/Llama-3.2-1B,256,16,4,384
3516.85275,3516.85275,9.869,9.869,9121.0,9121.0,,8545.72538,8545.72538,24.514,24.514,22249.0,22249.0,,9260.72153,9260.72153,25.493,25.493,22287.0,22287.0,,315621376,meta-llama/Llama-3.2-1B,256,16,4,448
3604.64735,3604.64735,9.945,9.945,9113.0,9113.0,,8610.05206,8610.05206,24.699,24.699,22293.0,22293.0,,9429.18636,9429.18636,25.821,25.821,22333.0,22333.0,,360710144,meta-llama/Llama-3.2-1B,256,16,4,512
931.13337,931.13337,2.9370000000000003,2.9370000000000003,3319.0,3319.0,,2815.4542300000003,2815.4542300000003,9.125,9.125,8153.0,8153.0,,2861.96591,2861.96591,10.051,10.051,8939.0,8939.0,,355412057,FacebookAI/roberta-large,256,16,4,-1
1009.91094,1009.91094,3.323,3.323,3309.0,3309.0,,2465.6134,2465.6134,10.491,10.491,8101.0,8101.0,,2517.59717,2517.59717,10.077,10.077,8101.0,8101.0,,196608,FacebookAI/roberta-large,256,16,4,1
1009.15874,1009.15874,3.421,3.421,3309.0,3309.0,,2607.78424,2607.78424,11.109,11.109,8103.0,8103.0,,2584.17091,2584.17091,10.594,10.594,8103.0,8103.0,,393216,FacebookAI/roberta-large,256,16,4,2
1020.29569,1020.29569,3.441,3.441,3309.0,3309.0,,2551.90334,2551.90334,10.777,10.777,8105.0,8105.0,,2433.57362,2433.57362,8.729,8.729,8107.0,8107.0,,786432,FacebookAI/roberta-large,256,16,4,4
1002.23313,1002.23313,3.384,3.384,3311.0,3311.0,,2362.22224,2362.22224,8.096,8.096,8111.0,8111.0,,2552.0427600000003,2552.0427600000003,9.802,9.802,8115.0,8115.0,,1572864,FacebookAI/roberta-large,256,16,4,8
1018.18101,1018.18101,3.377,3.377,3313.0,3313.0,,2403.20416,2403.20416,9.049,9.049,8123.0,8123.0,,2375.08529,2375.08529,7.971999999999999,7.971999999999999,8129.0,8129.0,,3145728,FacebookAI/roberta-large,256,16,4,16
1025.8485,1025.8485,3.388,3.388,3319.0,3319.0,,2577.36417,2577.36417,11.013,11.013,8147.0,8147.0,,2571.19625,2571.19625,10.451,10.451,8159.0,8159.0,,6291456,FacebookAI/roberta-large,256,16,4,32
1007.52722,1007.52722,3.421,3.421,3331.0,3331.0,,2534.97597,2534.97597,10.749,10.749,8195.0,8195.0,,2586.82445,2586.82445,10.648,10.648,8219.0,8219.0,,12582912,FacebookAI/roberta-large,256,16,4,64
1023.93554,1023.93554,3.487,3.487,3355.0,3355.0,,2628.41314,2628.41314,10.687,10.687,8291.0,8291.0,,2647.58977,2647.58977,10.286,10.286,8339.0,8339.0,,25165824,FacebookAI/roberta-large,256,16,4,128
1034.47202,1034.47202,3.551,3.551,3385.0,3385.0,,2651.8074,2651.8074,10.639,10.639,7651.0,7651.0,,2710.9909700000003,2710.9909700000003,10.507,10.507,7873.0,7873.0,,37748736,FacebookAI/roberta-large,256,16,4,192
1068.41889,1068.41889,3.576,3.576,3403.0,3403.0,,2711.81746,2711.81746,10.773,10.773,8475.0,8475.0,,2612.76857,2612.76857,8.461,8.461,8757.0,8757.0,,50331648,FacebookAI/roberta-large,256,16,4,256
1086.79909,1086.79909,3.608,3.608,3435.0,3435.0,,2765.1,2765.1,10.729,10.729,7863.0,7863.0,,2687.19912,2687.19912,8.583,8.583,8243.0,8243.0,,62914560,FacebookAI/roberta-large,256,16,4,320
1102.84977,1102.84977,3.645,3.645,3499.0,3499.0,,2787.96437,2787.96437,10.98,10.98,8037.0,8037.0,,2836.97696,2836.97696,9.682,9.682,8613.0,8613.0,,75497472,FacebookAI/roberta-large,256,16,4,384
1123.95048,1123.95048,3.751,3.751,3499.0,3499.0,,2813.0717600000003,2813.0717600000003,10.712,10.712,8057.0,8057.0,,2965.70818,2965.70818,10.526,10.526,8633.0,8633.0,,88080384,FacebookAI/roberta-large,256,16,4,448
1132.71674,1132.71674,3.797,3.797,3499.0,3499.0,,2802.17539,2802.17539,10.512,10.512,8871.0,8871.0,,2965.97056,2965.97056,10.302,10.302,9441.0,9441.0,,100663296,FacebookAI/roberta-large,256,16,4,512
2031.61906,2031.61906,5.455,5.455,7027.0,7027.0,,6239.72665,6239.72665,16.453,16.453,16959.0,16959.0,,7122.78845,7122.78845,19.973,19.973,19967.0,19967.0,,1235814400,meta-llama/Llama-3.2-1B,256,12,4,-1
2325.34634,2325.34634,6.723,6.723,7085.0,7085.0,,5403.81251,5403.81251,16.104,16.104,15103.0,15103.0,,5456.90167,5456.90167,16.17,16.17,15103.0,15103.0,,704512,meta-llama/Llama-3.2-1B,256,12,4,1
2327.08038,2327.08038,6.755,6.755,7087.0,7087.0,,5448.41566,5448.41566,16.654,16.654,15105.0,15105.0,,5622.19584,5622.19584,16.62,16.62,15109.0,15109.0,,1409024,meta-llama/Llama-3.2-1B,256,12,4,2
2378.5663,2378.5663,6.828,6.828,7091.0,7091.0,,5505.05968,5505.05968,16.646,16.646,15113.0,15113.0,,5607.05455,5607.05455,16.688,16.688,15119.0,15119.0,,2818048,meta-llama/Llama-3.2-1B,256,12,4,4
2350.42958,2350.42958,6.744,6.744,7093.0,7093.0,,5439.39294,5439.39294,16.484,16.484,15127.0,15127.0,,5559.98278,5559.98278,16.486,16.486,15147.0,15147.0,,5636096,meta-llama/Llama-3.2-1B,256,12,4,8
2356.62063,2356.62063,6.751,6.751,7105.0,7105.0,,5517.14811,5517.14811,16.549,16.549,15155.0,15155.0,,5611.2351,5611.2351,16.463,16.463,15201.0,15201.0,,11272192,meta-llama/Llama-3.2-1B,256,12,4,16
2342.71493,2342.71493,6.755,6.755,7125.0,7125.0,,5433.88361,5433.88361,16.262,16.262,15211.0,15211.0,,5537.11656,5537.11656,16.38,16.38,15309.0,15309.0,,22544384,meta-llama/Llama-3.2-1B,256,12,4,32
2352.11972,2352.11972,6.807,6.807,7169.0,7169.0,,5448.52677,5448.52677,16.41,16.41,15321.0,15321.0,,5594.5387200000005,5594.5387200000005,16.517,16.517,15527.0,15527.0,,45088768,meta-llama/Llama-3.2-1B,256,12,4,64
2386.4844900000003,2386.4844900000003,6.863,6.863,7251.0,7251.0,,5578.50485,5578.50485,16.557,16.557,16967.0,16967.0,,5877.5726,5877.5726,16.949,16.949,17081.0,17081.0,,90177536,meta-llama/Llama-3.2-1B,256,12,4,128
2448.39439,2448.39439,6.945,6.945,7385.0,7385.0,,5707.37752,5707.37752,16.716,16.716,17165.0,17165.0,,6081.44883,6081.44883,17.186,17.186,17595.0,17595.0,,135266304,meta-llama/Llama-3.2-1B,256,12,4,192
2498.59493,2498.59493,7.06,7.06,7415.0,7415.0,,5799.0730300000005,5799.0730300000005,17.092,17.092,17253.0,17253.0,,6203.79561,6203.79561,17.651,17.651,17701.0,17701.0,,180355072,meta-llama/Llama-3.2-1B,256,12,4,256
2531.23396,2531.23396,7.179,7.179,7521.0,7521.0,,6032.20426,6032.20426,17.454,17.454,17305.0,17305.0,,6421.05601,6421.05601,18.13,18.13,17331.0,17331.0,,225443840,meta-llama/Llama-3.2-1B,256,12,4,320
2579.11465,2579.11465,7.231,7.231,7595.0,7595.0,,6093.02041,6093.02041,17.571,17.571,17437.0,17437.0,,6559.14634,6559.14634,18.318,18.318,17469.0,17469.0,,270532608,meta-llama/Llama-3.2-1B,256,12,4,384
2627.78845,2627.78845,7.336,7.336,7727.0,7727.0,,6231.10732,6231.10732,18.41,18.41,17593.0,17593.0,,6858.15095,6858.15095,19.388,19.388,17633.0,17633.0,,315621376,meta-llama/Llama-3.2-1B,256,12,4,448
2665.62121,2665.62121,7.408,7.408,7755.0,7755.0,,6340.60289,6340.60289,18.527,18.527,17657.0,17657.0,,6963.29965,6963.29965,19.604,19.604,17699.0,17699.0,,360710144,meta-llama/Llama-3.2-1B,256,12,4,512
667.1206500000001,667.1206500000001,1.978,1.978,2781.0,2781.0,,2159.85908,2159.85908,7.342,7.342,7017.0,7017.0,,2428.00883,2428.00883,7.896,7.896,7607.0,7607.0,,355412057,FacebookAI/roberta-large,256,12,4,-1
749.0330299999999,749.0330299999999,2.585,2.585,2783.0,2783.0,,1995.74428,1995.74428,9.286,9.286,6447.0,6447.0,,1817.98784,1817.98784,7.421,7.421,6447.0,6447.0,,196608,FacebookAI/roberta-large,256,12,4,1
758.75287,758.75287,2.677,2.677,2783.0,2783.0,,2166.52262,2166.52262,11.151,11.151,6449.0,6449.0,,2109.09431,2109.09431,10.999,10.999,6449.0,6449.0,,393216,FacebookAI/roberta-large,256,12,4,2
755.7395300000001,755.7395300000001,2.691,2.691,2783.0,2783.0,,1880.49119,1880.49119,8.127,8.127,6451.0,6451.0,,1949.83453,1949.83453,8.126,8.126,6453.0,6453.0,,786432,FacebookAI/roberta-large,256,12,4,4
754.97803,754.97803,2.593,2.593,2785.0,2785.0,,2084.27178,2084.27178,11.101,11.101,6455.0,6455.0,,1934.07109,1934.07109,9.764,9.764,6459.0,6459.0,,1572864,FacebookAI/roberta-large,256,12,4,8
735.5913400000001,735.5913400000001,2.58,2.58,2787.0,2787.0,,2026.59121,2026.59121,10.681,10.681,6467.0,6467.0,,2072.6343,2072.6343,10.542,10.542,6473.0,6473.0,,3145728,FacebookAI/roberta-large,256,12,4,16
740.3887000000001,740.3887000000001,2.577,2.577,2793.0,2793.0,,2116.95855,2116.95855,10.747,10.747,6487.0,6487.0,,2014.97238,2014.97238,9.976,9.976,6501.0,6501.0,,6291456,FacebookAI/roberta-large,256,12,4,32
743.24985,743.24985,2.604,2.604,2805.0,2805.0,,1803.43634,1803.43634,6.952,6.952,6531.0,6531.0,,1995.4732,1995.4732,9.993,9.993,6561.0,6561.0,,12582912,FacebookAI/roberta-large,256,12,4,64
741.88436,741.88436,2.571,2.571,2829.0,2829.0,,1967.24889,1967.24889,8.491,8.491,6623.0,6623.0,,2159.89907,2159.89907,10.053,10.053,6687.0,6687.0,,25165824,FacebookAI/roberta-large,256,12,4,128
766.37524,766.37524,2.605,2.605,2859.0,2859.0,,1956.47951,1956.47951,8.052,8.052,6097.0,6097.0,,2189.36033,2189.36033,10.299,10.299,6321.0,6321.0,,37748736,FacebookAI/roberta-large,256,12,4,192
780.9517500000001,780.9517500000001,2.582,2.582,2877.0,2877.0,,2132.41874,2132.41874,9.867,9.867,6155.0,6155.0,,2274.09237,2274.09237,10.287,10.287,6439.0,6439.0,,50331648,FacebookAI/roberta-large,256,12,4,256
776.1846,776.1846,2.576,2.576,2909.0,2909.0,,2073.21909,2073.21909,8.343,8.343,6263.0,6263.0,,2146.74294,2146.74294,8.407,8.407,6641.0,6641.0,,62914560,FacebookAI/roberta-large,256,12,4,320
796.69018,796.69018,2.587,2.587,2973.0,2973.0,,2241.88749,2241.88749,10.74,10.74,6469.0,6469.0,,1860.15222,1860.15222,9.976,9.976,7045.0,7045.0,,75497472,FacebookAI/roberta-large,256,12,4,384
809.08246,809.08246,2.581,2.581,2973.0,2973.0,,2252.84336,2252.84336,10.503,10.503,6529.0,6529.0,,2147.42835,2147.42835,9.996,9.996,7105.0,7105.0,,88080384,FacebookAI/roberta-large,256,12,4,448
814.24917,814.24917,2.574,2.574,2973.0,2973.0,,2263.91312,2263.91312,10.556,10.556,6555.0,6555.0,,2316.95745,2316.95745,9.585,9.585,7127.0,7127.0,,100663296,FacebookAI/roberta-large,256,12,4,512
1370.19618,1370.19618,3.781,3.781,5633.0,5633.0,,4248.22356,4248.22356,11.728,11.728,13317.0,13317.0,,5117.77024,5117.77024,15.254,15.254,15321.0,15321.0,,1235814400,meta-llama/Llama-3.2-1B,256,8,4,-1
1569.68131,1569.68131,4.672,4.672,5667.0,5667.0,,3652.11183,3652.11183,11.768,11.768,11031.0,11031.0,,3723.91223,3723.91223,11.725,11.725,11033.0,11033.0,,704512,meta-llama/Llama-3.2-1B,256,8,4,1
1576.94303,1576.94303,4.783,4.783,5669.0,5669.0,,3691.09469,3691.09469,11.57,11.57,11033.0,11033.0,,3730.77537,3730.77537,12.206,12.206,11037.0,11037.0,,1409024,meta-llama/Llama-3.2-1B,256,8,4,2
1583.88734,1583.88734,4.781,4.781,5671.0,5671.0,,3704.28729,3704.28729,12.21,12.21,11039.0,11039.0,,3738.92518,3738.92518,11.979,11.979,11049.0,11049.0,,2818048,meta-llama/Llama-3.2-1B,256,8,4,4
1558.955,1558.955,4.729,4.729,5677.0,5677.0,,3665.99364,3665.99364,11.616,11.616,11053.0,11053.0,,3737.24139,3737.24139,11.982,11.982,11075.0,11075.0,,5636096,meta-llama/Llama-3.2-1B,256,8,4,8
1568.53983,1568.53983,4.725,4.725,5687.0,5687.0,,3655.618,3655.618,11.816,11.816,11077.0,11077.0,,3748.08106,3748.08106,12.044,12.044,11129.0,11129.0,,11272192,meta-llama/Llama-3.2-1B,256,8,4,16
1566.97195,1566.97195,4.739,4.739,5709.0,5709.0,,3674.91121,3674.91121,11.963,11.963,11127.0,11127.0,,3721.04462,3721.04462,11.978,11.978,11237.0,11237.0,,22544384,meta-llama/Llama-3.2-1B,256,8,4,32
1583.68213,1583.68213,4.76,4.76,5751.0,5751.0,,3648.99104,3648.99104,11.798,11.798,11229.0,11229.0,,3749.04682,3749.04682,11.598,11.598,11453.0,11453.0,,45088768,meta-llama/Llama-3.2-1B,256,8,4,64
1606.27843,1606.27843,4.85,4.85,5853.0,5853.0,,3778.16994,3778.16994,12.118,12.118,12329.0,12329.0,,3896.61978,3896.61978,12.305,12.305,12497.0,12497.0,,90177536,meta-llama/Llama-3.2-1B,256,8,4,128
1657.23818,1657.23818,4.901,4.901,5969.0,5969.0,,3817.4441,3817.4441,11.894,11.894,12565.0,12565.0,,4057.39444,4057.39444,12.662,12.662,12883.0,12883.0,,135266304,meta-llama/Llama-3.2-1B,256,8,4,192
1677.04993,1677.04993,4.957,4.957,6009.0,6009.0,,3949.14848,3949.14848,12.38,12.38,12639.0,12639.0,,4193.85592,4193.85592,12.874,12.874,12977.0,12977.0,,180355072,meta-llama/Llama-3.2-1B,256,8,4,256
1679.1201,1679.1201,5.034,5.034,6115.0,6115.0,,4075.50736,4075.50736,12.565,12.565,12659.0,12659.0,,4355.44023,4355.44023,13.194,13.194,12687.0,12687.0,,225443840,meta-llama/Llama-3.2-1B,256,8,4,320
1737.24333,1737.24333,5.073,5.073,6191.0,6191.0,,4081.59684,4081.59684,12.597,12.597,12771.0,12771.0,,4454.47139,4454.47139,13.455,13.455,13807.0,13807.0,,270532608,meta-llama/Llama-3.2-1B,256,8,4,384
1753.61422,1753.61422,5.241,5.241,6321.0,6321.0,,4197.0046,4197.0046,13.293,13.293,12913.0,12913.0,,4640.35855,4640.35855,14.244,14.244,13961.0,13961.0,,315621376,meta-llama/Llama-3.2-1B,256,8,4,448
1793.41275,1793.41275,5.178,5.178,6329.0,6329.0,,4243.1072,4243.1072,13.4,13.4,12953.0,12953.0,,4739.49848,4739.49848,14.485,14.485,13999.0,13999.0,,360710144,meta-llama/Llama-3.2-1B,256,8,4,512
453.58165,453.58165,1.618,1.618,2255.0,2255.0,,1667.05834,1667.05834,8.165,8.165,5055.0,5055.0,,1731.95309,1731.95309,6.711,6.711,5843.0,5843.0,,355412057,FacebookAI/roberta-large,256,8,4,-1
547.7056,547.7056,2.288,2.288,2257.0,2257.0,,1681.14427,1681.14427,10.516,10.516,4661.0,4661.0,,1575.35439,1575.35439,10.226,10.226,4661.0,4661.0,,196608,FacebookAI/roberta-large,256,8,4,1
540.14522,540.14522,2.426,2.426,2257.0,2257.0,,1580.38498,1580.38498,9.418,9.418,4661.0,4661.0,,1489.02547,1489.02547,8.161,8.161,4663.0,4663.0,,393216,FacebookAI/roberta-large,256,8,4,2
535.43483,535.43483,2.431,2.431,2257.0,2257.0,,1522.78462,1522.78462,8.603,8.603,4665.0,4665.0,,1662.72608,1662.72608,10.683,10.683,4665.0,4665.0,,786432,FacebookAI/roberta-large,256,8,4,4
526.04479,526.04479,2.351,2.351,2259.0,2259.0,,1363.88463,1363.88463,6.772,6.772,4669.0,4669.0,,1456.72275,1456.72275,7.915,7.915,4671.0,4671.0,,1572864,FacebookAI/roberta-large,256,8,4,8
274.46069,274.46069,1.357,1.357,2373.0,2373.0,,732.69099,732.69099,3.548,3.548,4789.0,4789.0,,760.0712500000001,760.0712500000001,3.734,3.734,4797.0,4797.0,,3145728,FacebookAI/roberta-large,256,8,4,16
250.5769,250.5769,1.223,1.223,2379.0,2379.0,,732.15184,732.15184,3.499,3.499,4807.0,4807.0,,640.37534,640.37534,2.967,2.967,4827.0,4827.0,,6291456,FacebookAI/roberta-large,256,8,4,32
257.85979000000003,257.85979000000003,1.303,1.303,2391.0,2391.0,,732.73798,732.73798,3.521,3.521,4843.0,4843.0,,747.99399,747.99399,3.773,3.773,4887.0,4887.0,,12582912,FacebookAI/roberta-large,256,8,4,64
466.40183,466.40183,2.263,2.263,2415.0,2415.0,,706.69096,706.69096,3.349,3.349,4915.0,4915.0,,744.73687,744.73687,3.533,3.533,5007.0,5007.0,,25165824,FacebookAI/roberta-large,256,8,4,128
244.75895,244.75895,1.18,1.18,2445.0,2445.0,,810.62899,810.62899,3.721,3.721,5015.0,5015.0,,890.19865,890.19865,4.126,4.126,5151.0,5151.0,,37748736,FacebookAI/roberta-large,256,8,4,192
260.54399,260.54399,1.243,1.243,2463.0,2463.0,,815.64746,815.64746,3.679,3.679,5059.0,5059.0,,868.8812800000001,868.8812800000001,3.837,3.837,5247.0,5247.0,,50331648,FacebookAI/roberta-large,256,8,4,256
278.10106,278.10106,1.271,1.271,2495.0,2495.0,,780.7782100000001,780.7782100000001,3.4,3.4,4805.0,4805.0,,889.73568,889.73568,3.925,3.925,5189.0,5189.0,,62914560,FacebookAI/roberta-large,256,8,4,320
315.75139,315.75139,1.445,1.445,2559.0,2559.0,,799.53729,799.53729,3.55,3.55,4945.0,4945.0,,935.56053,935.56053,3.978,3.978,5521.0,5521.0,,75497472,FacebookAI/roberta-large,256,8,4,384
157.32484,157.32484,0.711,0.711,2559.0,2559.0,,354.60127,354.60127,1.597,1.597,4953.0,4953.0,,689.53408,689.53408,2.86,2.86,5529.0,5529.0,,88080384,FacebookAI/roberta-large,256,8,4,448
270.74254,270.74254,1.197,1.197,2559.0,2559.0,,811.17956,811.17956,3.443,3.443,4961.0,4961.0,,873.85316,873.85316,3.387,3.387,5535.0,5535.0,,100663296,FacebookAI/roberta-large,256,8,4,512
289.47303,289.47303,0.89,0.89,4385.0,4385.0,,1322.97324,1322.97324,3.942,3.942,9215.0,9215.0,,2317.03029,2317.03029,7.689999999999999,7.689999999999999,13261.0,13261.0,,1235814400,meta-llama/Llama-3.2-1B,256,4,4,-1
364.21646,364.21646,1.308,1.308,4395.0,4395.0,,566.09684,566.09684,2.326,2.326,7093.0,7093.0,,1159.52106,1159.52106,4.859,4.859,7095.0,7095.0,,704512,meta-llama/Llama-3.2-1B,256,4,4,1
410.77749,410.77749,1.482,1.482,4399.0,4399.0,,1253.59869,1253.59869,5.139,5.139,7095.0,7095.0,,1320.12836,1320.12836,5.337,5.337,7099.0,7099.0,,1409024,meta-llama/Llama-3.2-1B,256,4,4,2
319.15678,319.15678,1.16,1.16,4401.0,4401.0,,1359.8534,1359.8534,5.554,5.554,7101.0,7101.0,,1327.34124,1327.34124,5.422,5.422,7109.0,7109.0,,2818048,meta-llama/Llama-3.2-1B,256,4,4,4
685.74274,685.74274,2.521,2.521,4405.0,4405.0,,1261.35759,1261.35759,5.134,5.134,7113.0,7113.0,,1286.37294,1286.37294,5.393,5.393,7135.0,7135.0,,5636096,meta-llama/Llama-3.2-1B,256,4,4,8
312.54378,312.54378,1.151,1.151,4415.0,4415.0,,1213.15039,1213.15039,4.886,4.886,7137.0,7137.0,,1269.62973,1269.62973,4.936,4.936,7189.0,7189.0,,11272192,meta-llama/Llama-3.2-1B,256,4,4,16
356.17361,356.17361,1.242,1.242,4437.0,4437.0,,1265.23947,1265.23947,5.104,5.104,7183.0,7183.0,,1332.17657,1332.17657,5.254,5.254,7297.0,7297.0,,22544384,meta-llama/Llama-3.2-1B,256,4,4,32
422.58715,422.58715,1.468,1.468,4479.0,4479.0,,1283.24447,1283.24447,5.119,5.119,7275.0,7275.0,,1302.73672,1302.73672,5.333,5.333,7513.0,7513.0,,45088768,meta-llama/Llama-3.2-1B,256,4,4,64
418.51222,418.51222,1.43,1.43,4569.0,4569.0,,1336.48491,1336.48491,5.114,5.114,7851.0,7851.0,,1448.3403,1448.3403,5.493,5.493,8045.0,8045.0,,90177536,meta-llama/Llama-3.2-1B,256,4,4,128
428.1545,428.1545,1.442,1.442,4681.0,4681.0,,829.20904,829.20904,3.159,3.159,8021.0,8021.0,,742.04327,742.04327,2.727,2.727,8469.0,8469.0,,135266304,meta-llama/Llama-3.2-1B,256,4,4,192
418.76364,418.76364,1.398,1.398,4745.0,4745.0,,1340.3253,1340.3253,5.079,5.079,8125.0,8125.0,,1490.62234,1490.62234,5.411,5.411,8521.0,8521.0,,180355072,meta-llama/Llama-3.2-1B,256,4,4,256
406.88263,406.88263,1.316,1.316,4843.0,4843.0,,1400.87027,1400.87027,5.071,5.071,8111.0,8111.0,,1353.94883,1353.94883,4.608,4.608,8627.0,8627.0,,225443840,meta-llama/Llama-3.2-1B,256,4,4,320
406.44991,406.44991,1.332,1.332,4927.0,4927.0,,1474.52007,1474.52007,5.221,5.221,8719.0,8719.0,,1638.13673,1638.13673,5.598,5.598,9243.0,9243.0,,270532608,meta-llama/Llama-3.2-1B,256,4,4,384
482.2181,482.2181,1.553,1.553,5049.0,5049.0,,1421.8594,1421.8594,4.939,4.939,8851.0,8851.0,,1762.94687,1762.94687,6.033,6.033,9369.0,9369.0,,315621376,meta-llama/Llama-3.2-1B,256,4,4,448
444.09174,444.09174,1.428,1.428,5073.0,5073.0,,1414.2349,1414.2349,4.952,4.952,8889.0,8889.0,,1287.37845,1287.37845,4.335,4.335,9409.0,9409.0,,360710144,meta-llama/Llama-3.2-1B,256,4,4,512
193.43486,193.43486,1.071,1.071,1845.0,1845.0,,646.67142,646.67142,3.134,3.134,3555.0,3555.0,,460.22224,460.22224,2.097,2.097,4811.0,4811.0,,355412057,FacebookAI/roberta-large,256,4,4,-1
130.00034,130.00034,0.902,0.902,1847.0,1847.0,,222.55405,222.55405,1.546,1.546,2873.0,2873.0,,475.01843,475.01843,3.286,3.286,2873.0,2873.0,,196608,FacebookAI/roberta-large,256,4,4,1
190.67357,190.67357,1.512,1.512,1847.0,1847.0,,498.93694,498.93694,3.47,3.47,2875.0,2875.0,,504.48951,504.48951,3.405,3.405,2875.0,2875.0,,393216,FacebookAI/roberta-large,256,4,4,2
183.42415,183.42415,1.254,1.254,1847.0,1847.0,,518.40079,518.40079,3.55,3.55,2877.0,2877.0,,539.29192,539.29192,3.649,3.649,2877.0,2877.0,,786432,FacebookAI/roberta-large,256,4,4,4
190.81898,190.81898,1.309,1.309,1849.0,1849.0,,509.47916,509.47916,3.55,3.55,2881.0,2881.0,,529.93701,529.93701,3.662,3.662,2883.0,2883.0,,1572864,FacebookAI/roberta-large,256,4,4,8
179.06089,179.06089,1.225,1.225,1851.0,1851.0,,445.56603,445.56603,3.024,3.024,2887.0,2887.0,,520.84666,520.84666,3.611,3.611,2893.0,2893.0,,3145728,FacebookAI/roberta-large,256,4,4,16
162.77982,162.77982,1.143,1.143,1857.0,1857.0,,481.34386,481.34386,3.254,3.254,2903.0,2903.0,,504.42751,504.42751,3.388,3.388,2915.0,2915.0,,6291456,FacebookAI/roberta-large,256,4,4,32
178.7161,178.7161,1.174,1.174,1869.0,1869.0,,442.29717,442.29717,3.031,3.031,2933.0,2933.0,,469.98502,469.98502,3.215,3.215,2957.0,2957.0,,12582912,FacebookAI/roberta-large,256,4,4,64
130.11747,130.11747,0.876,0.876,1893.0,1893.0,,388.07027,388.07027,2.587,2.587,2993.0,2993.0,,435.37614,435.37614,2.738,2.738,3041.0,3041.0,,25165824,FacebookAI/roberta-large,256,4,4,128
162.82504,162.82504,1.101,1.101,1923.0,1923.0,,499.51899,499.51899,3.368,3.368,3091.0,3091.0,,594.83991,594.83991,4.017,4.017,3147.0,3147.0,,37748736,FacebookAI/roberta-large,256,4,4,192
186.15126,186.15126,1.302,1.302,1941.0,1941.0,,517.29578,517.29578,3.428,3.428,3113.0,3113.0,,565.0394200000001,565.0394200000001,3.64,3.64,3211.0,3211.0,,50331648,FacebookAI/roberta-large,256,4,4,256
169.19894000000002,169.19894000000002,1.174,1.174,1973.0,1973.0,,289.87939,289.87939,1.914,1.914,3223.0,3223.0,,610.85628,610.85628,3.835,3.835,3383.0,3383.0,,62914560,FacebookAI/roberta-large,256,4,4,320
155.523,155.523,1.007,1.007,2037.0,2037.0,,573.31589,573.31589,3.613,3.613,3351.0,3351.0,,325.73351,325.73351,1.948,1.948,3689.0,3689.0,,75497472,FacebookAI/roberta-large,256,4,4,384
187.21124,187.21124,1.219,1.219,2037.0,2037.0,,549.00558,549.00558,3.394,3.394,3351.0,3351.0,,545.224,545.224,3.251,3.251,3689.0,3689.0,,88080384,FacebookAI/roberta-large,256,4,4,448
190.49489,190.49489,1.213,1.213,2037.0,2037.0,,491.58207,491.58207,3.135,3.135,3353.0,3353.0,,469.1008,469.1008,2.657,2.657,3689.0,3689.0,,100663296,FacebookAI/roberta-large,256,4,4,512
2176.71674,2176.71674,5.674,5.674,9893.0,9893.0,,8852.0592,8852.0592,23.106,23.106,23931.0,23931.0,,9679.65013,9679.65013,26.469,26.469,26439.0,26439.0,,1235814400,meta-llama/Llama-3.2-1B,256,20,5,-1
3893.51827,3893.51827,10.774,10.774,9947.0,9947.0,,9152.45783,9152.45783,25.803,25.803,23331.0,23331.0,,9300.95814,9300.95814,25.806,25.806,23333.0,23333.0,,704512,meta-llama/Llama-3.2-1B,256,20,5,1
3941.53269,3941.53269,10.958,10.958,9949.0,9949.0,,9279.12721,9279.12721,26.59,26.59,23335.0,23335.0,,9441.39261,9441.39261,26.59,26.59,23339.0,23339.0,,1409024,meta-llama/Llama-3.2-1B,256,20,5,2
3951.13365,3951.13365,10.965,10.965,9953.0,9953.0,,9279.09779,9279.09779,26.611,26.611,23343.0,23343.0,,9475.65147,9475.65147,26.601,26.601,23349.0,23349.0,,2818048,meta-llama/Llama-3.2-1B,256,20,5,4
3928.04037,3928.04037,10.811,10.811,9955.0,9955.0,,9259.99106,9259.99106,26.128,26.128,23359.0,23359.0,,9414.88045,9414.88045,26.172,26.172,23371.0,23371.0,,5636096,meta-llama/Llama-3.2-1B,256,20,5,8
3933.00239,3933.00239,10.806,10.806,9967.0,9967.0,,9221.71015,9221.71015,26.234,26.234,23389.0,23389.0,,9385.33596,9385.33596,26.283,26.283,23425.0,23425.0,,11272192,meta-llama/Llama-3.2-1B,256,20,5,16
3924.30631,3924.30631,10.811,10.811,9989.0,9989.0,,9207.64176,9207.64176,25.985,25.985,23453.0,23453.0,,9446.82792,9446.82792,26.049,26.049,23531.0,23531.0,,22544384,meta-llama/Llama-3.2-1B,256,20,5,32
3970.12203,3970.12203,10.909,10.909,10031.0,10031.0,,9226.86261,9226.86261,26.209,26.209,23579.0,23579.0,,9458.14463,9458.14463,26.316,26.316,23749.0,23749.0,,45088768,meta-llama/Llama-3.2-1B,256,20,5,64
4045.09912,4045.09912,11.106,11.106,10151.0,10151.0,,9454.98571,9454.98571,26.703,26.703,26205.0,26205.0,,9742.38648,9742.38648,26.933,26.933,26423.0,26423.0,,90177536,meta-llama/Llama-3.2-1B,256,20,5,128
4101.4974,4101.4974,11.179,11.179,10229.0,10229.0,,9700.36834,9700.36834,27.072,27.072,26491.0,26491.0,,10229.28506,10229.28506,27.449,27.449,26919.0,26919.0,,135266304,meta-llama/Llama-3.2-1B,256,20,5,192
4125.85599,4125.85599,11.243,11.243,10327.0,10327.0,,9816.41609,9816.41609,27.263,27.263,26589.0,26589.0,,10325.01039,10325.01039,27.784,27.784,27033.0,27033.0,,180355072,meta-llama/Llama-3.2-1B,256,20,5,256
4266.50558,4266.50558,11.629,11.629,10375.0,10375.0,,10273.878,10273.878,28.142,28.142,26745.0,26745.0,,11008.89772,11008.89772,28.814,28.814,26765.0,26765.0,,225443840,meta-llama/Llama-3.2-1B,256,20,5,320
4386.41008,4386.41008,11.694,11.694,10497.0,10497.0,,10450.92679,10450.92679,28.355,28.355,26881.0,26881.0,,11182.51214,11182.51214,29.164,29.164,26909.0,26909.0,,270532608,meta-llama/Llama-3.2-1B,256,20,5,384
4432.98513,4432.98513,11.88,11.88,10581.0,10581.0,,10865.5778,10865.5778,29.585,29.585,27047.0,27047.0,,11621.50447,11621.50447,30.526,30.526,27085.0,27085.0,,315621376,meta-llama/Llama-3.2-1B,256,20,5,448
4503.40938,4503.40938,11.981,11.981,10621.0,10621.0,,10955.50991,10955.50991,29.762,29.762,27119.0,27119.0,,11827.41038,11827.41038,30.857,30.857,27155.0,27155.0,,360710144,meta-llama/Llama-3.2-1B,256,20,5,512
2807.94304,2807.94304,7.308,7.308,8513.0,8513.0,,8315.63413,8315.63413,21.654,21.654,21745.0,21745.0,,9461.61239,9461.61239,25.243,25.243,23749.0,23749.0,,1235814400,meta-llama/Llama-3.2-1B,256,16,5,-1
3213.86096,3213.86096,8.945,8.945,8579.0,8579.0,,7517.85101,7517.85101,21.326,21.326,19269.0,19269.0,,7605.46436,7605.46436,21.297,21.297,19271.0,19271.0,,704512,meta-llama/Llama-3.2-1B,256,16,5,1
3221.84189,3221.84189,9.131,9.131,8579.0,8579.0,,7558.06989,7558.06989,22.04,22.04,19273.0,19273.0,,7729.67665,7729.67665,22.032,22.032,19275.0,19275.0,,1409024,meta-llama/Llama-3.2-1B,256,16,5,2
3231.20296,3231.20296,9.142,9.142,8585.0,8585.0,,7573.23411,7573.23411,22.068,22.068,19279.0,19279.0,,7720.54464,7720.54464,22.058,22.058,19285.0,19285.0,,2818048,meta-llama/Llama-3.2-1B,256,16,5,4
3202.3757100000003,3202.3757100000003,8.979,8.979,8587.0,8587.0,,7535.14844,7535.14844,21.654,21.654,19293.0,19293.0,,7663.39662,7663.39662,21.688,21.688,19309.0,19309.0,,5636096,meta-llama/Llama-3.2-1B,256,16,5,8
3170.6959500000003,3170.6959500000003,8.982,8.982,8599.0,8599.0,,7541.00907,7541.00907,21.74,21.74,19323.0,19323.0,,7629.764090000001,7629.764090000001,21.767,21.767,19363.0,19363.0,,11272192,meta-llama/Llama-3.2-1B,256,16,5,16
3203.42969,3203.42969,8.975999999999999,8.975999999999999,8619.0,8619.0,,7510.31499,7510.31499,21.509,21.509,19379.0,19379.0,,7639.81308,7639.81308,21.571,21.571,19471.0,19471.0,,22544384,meta-llama/Llama-3.2-1B,256,16,5,32
3228.2234900000003,3228.2234900000003,9.06,9.06,8663.0,8663.0,,7608.00378,7608.00378,21.683,21.683,19495.0,19495.0,,7746.0264,7746.0264,21.801,21.801,19687.0,19687.0,,45088768,meta-llama/Llama-3.2-1B,256,16,5,64
3299.2846600000003,3299.2846600000003,9.234,9.234,8749.0,8749.0,,7714.67427,7714.67427,22.11,22.11,21639.0,21639.0,,7997.82085,7997.82085,22.353,22.353,21745.0,21745.0,,90177536,meta-llama/Llama-3.2-1B,256,16,5,128
3334.5471,3334.5471,9.328,9.328,8879.0,8879.0,,7911.297860000001,7911.297860000001,22.447,22.447,21881.0,21881.0,,8234.36158,8234.36158,22.835,22.835,22311.0,22311.0,,135266304,meta-llama/Llama-3.2-1B,256,16,5,192
3363.2122,3363.2122,9.39,9.39,8925.0,8925.0,,7978.423940000001,7978.423940000001,22.703,22.703,21961.0,21961.0,,8461.03542,8461.03542,23.214,23.214,22409.0,22409.0,,180355072,meta-llama/Llama-3.2-1B,256,16,5,256
3458.10957,3458.10957,9.506,9.506,9027.0,9027.0,,8248.16235,8248.16235,23.007,23.007,22089.0,22089.0,,8746.89479,8746.89479,23.65,23.65,22113.0,22113.0,,225443840,meta-llama/Llama-3.2-1B,256,16,5,320
3489.68058,3489.68058,9.572,9.572,9105.0,9105.0,,8384.1955,8384.1955,23.245,23.245,22211.0,22211.0,,8955.10916,8955.10916,24.015,24.015,22241.0,22241.0,,270532608,meta-llama/Llama-3.2-1B,256,16,5,384
3614.16285,3614.16285,9.903,9.903,9233.0,9233.0,,8731.04965,8731.04965,24.544,24.544,22361.0,22361.0,,9364.91201,9364.91201,25.466,25.466,22399.0,22399.0,,315621376,meta-llama/Llama-3.2-1B,256,16,5,448
3442.5045,3442.5045,9.93,9.93,9225.0,9225.0,,8353.35352,8353.35352,24.637,24.637,22405.0,22405.0,,9164.0769,9164.0769,25.684,25.684,22445.0,22445.0,,360710144,meta-llama/Llama-3.2-1B,256,16,5,512
2011.01754,2011.01754,5.438,5.438,7139.0,7139.0,,6156.5894100000005,6156.5894100000005,16.379,16.379,17071.0,17071.0,,7014.1001400000005,7014.1001400000005,19.925,19.925,20079.0,20079.0,,1235814400,meta-llama/Llama-3.2-1B,256,12,5,-1
2319.1680300000003,2319.1680300000003,6.721,6.721,7197.0,7197.0,,5301.86026,5301.86026,16.006,16.006,15215.0,15215.0,,5326.11567,5326.11567,15.977,15.977,15215.0,15215.0,,704512,meta-llama/Llama-3.2-1B,256,12,5,1
2308.69987,2308.69987,6.827,6.827,7199.0,7199.0,,5371.47465,5371.47465,16.467,16.467,15217.0,15217.0,,5413.48956,5413.48956,16.47,16.47,15221.0,15221.0,,1409024,meta-llama/Llama-3.2-1B,256,12,5,2
2308.48189,2308.48189,6.823,6.823,7203.0,7203.0,,5358.49393,5358.49393,16.473,16.473,15225.0,15225.0,,5405.55828,5405.55828,16.496,16.496,15231.0,15231.0,,2818048,meta-llama/Llama-3.2-1B,256,12,5,4
2273.57159,2273.57159,6.739,6.739,7205.0,7205.0,,5333.08474,5333.08474,16.301,16.301,15239.0,15239.0,,5418.7914200000005,5418.7914200000005,16.311,16.311,15259.0,15259.0,,5636096,meta-llama/Llama-3.2-1B,256,12,5,8
2286.80237,2286.80237,6.746,6.746,7217.0,7217.0,,5351.56801,5351.56801,16.401,16.401,15267.0,15267.0,,5454.25998,5454.25998,16.439,16.439,15313.0,15313.0,,11272192,meta-llama/Llama-3.2-1B,256,12,5,16
2253.62386,2253.62386,6.744,6.744,7237.0,7237.0,,5261.27939,5261.27939,16.141,16.141,15323.0,15323.0,,5358.4113,5358.4113,16.241,16.241,15421.0,15421.0,,22544384,meta-llama/Llama-3.2-1B,256,12,5,32
2313.92336,2313.92336,6.813,6.813,7281.0,7281.0,,5337.2938300000005,5337.2938300000005,16.315,16.315,15433.0,15433.0,,5458.18758,5458.18758,16.444,16.444,15639.0,15639.0,,45088768,meta-llama/Llama-3.2-1B,256,12,5,64
2367.88064,2367.88064,6.93,6.93,7363.0,7363.0,,5479.8228500000005,5479.8228500000005,16.574,16.574,17079.0,17079.0,,5690.96234,5690.96234,16.82,16.82,17193.0,17193.0,,90177536,meta-llama/Llama-3.2-1B,256,12,5,128
2400.80575,2400.80575,6.951,6.951,7497.0,7497.0,,5612.74577,5612.74577,16.703,16.703,17277.0,17277.0,,5901.7690600000005,5901.7690600000005,17.172,17.172,17707.0,17707.0,,135266304,meta-llama/Llama-3.2-1B,256,12,5,192
2441.77592,2441.77592,7.059,7.059,7527.0,7527.0,,5697.917820000001,5697.917820000001,16.99,16.99,17365.0,17365.0,,6024.02962,6024.02962,17.512,17.512,17813.0,17813.0,,180355072,meta-llama/Llama-3.2-1B,256,12,5,256
2486.71917,2486.71917,7.171,7.171,7633.0,7633.0,,5844.71219,5844.71219,17.319,17.319,17417.0,17417.0,,6274.28018,6274.28018,17.97,17.97,17443.0,17443.0,,225443840,meta-llama/Llama-3.2-1B,256,12,5,320
2502.59844,2502.59844,7.231,7.231,7707.0,7707.0,,5914.2599,5914.2599,17.493,17.493,17549.0,17549.0,,6390.40294,6390.40294,18.305,18.305,17581.0,17581.0,,270532608,meta-llama/Llama-3.2-1B,256,12,5,384
2573.24404,2573.24404,7.325,7.325,7839.0,7839.0,,6123.8161900000005,6123.8161900000005,18.261,18.261,17705.0,17705.0,,6670.99525,6670.99525,19.208,19.208,17745.0,17745.0,,315621376,meta-llama/Llama-3.2-1B,256,12,5,448
2600.88512,2600.88512,7.379,7.379,7867.0,7867.0,,6194.9127,6194.9127,18.367,18.367,17769.0,17769.0,,6809.13208,6809.13208,19.452,19.452,17811.0,17811.0,,360710144,meta-llama/Llama-3.2-1B,256,12,5,512
1342.90409,1342.90409,3.789,3.789,5745.0,5745.0,,4158.64177,4158.64177,11.659,11.659,13429.0,13429.0,,5008.32179,5008.32179,15.232,15.232,15433.0,15433.0,,1235814400,meta-llama/Llama-3.2-1B,256,8,5,-1
1531.93562,1531.93562,4.688,4.688,5779.0,5779.0,,3522.80488,3522.80488,11.233,11.233,11143.0,11143.0,,3563.14286,3563.14286,11.218,11.218,11145.0,11145.0,,704512,meta-llama/Llama-3.2-1B,256,8,5,1
1510.50315,1510.50315,4.79,4.79,5781.0,5781.0,,3549.00949,3549.00949,11.652,11.652,11145.0,11145.0,,3604.85152,3604.85152,11.646,11.646,11149.0,11149.0,,1409024,meta-llama/Llama-3.2-1B,256,8,5,2
1517.86035,1517.86035,4.791,4.791,5783.0,5783.0,,3562.12386,3562.12386,11.664,11.664,11151.0,11151.0,,3609.58037,3609.58037,11.667,11.667,11161.0,11161.0,,2818048,meta-llama/Llama-3.2-1B,256,8,5,4
1513.60849,1513.60849,4.737,4.737,5789.0,5789.0,,3541.31102,3541.31102,11.444,11.444,11165.0,11165.0,,3584.41118,3584.41118,11.485,11.485,11187.0,11187.0,,5636096,meta-llama/Llama-3.2-1B,256,8,5,8
1516.03575,1516.03575,4.741,4.741,5799.0,5799.0,,3547.42525,3547.42525,11.546,11.546,11189.0,11189.0,,3599.04829,3599.04829,11.602,11.602,11241.0,11241.0,,11272192,meta-llama/Llama-3.2-1B,256,8,5,16
1523.91865,1523.91865,4.75,4.75,5821.0,5821.0,,3530.03724,3530.03724,11.389,11.389,11239.0,11239.0,,3593.62743,3593.62743,11.458,11.458,11349.0,11349.0,,22544384,meta-llama/Llama-3.2-1B,256,8,5,32
1507.88259,1507.88259,4.781,4.781,5863.0,5863.0,,3572.77752,3572.77752,11.481,11.481,11341.0,11341.0,,3610.6898,3610.6898,11.592,11.592,11565.0,11565.0,,45088768,meta-llama/Llama-3.2-1B,256,8,5,64
1560.68493,1560.68493,4.872,4.872,5965.0,5965.0,,3648.6753,3648.6753,11.703,11.703,12441.0,12441.0,,3804.99654,3804.99654,11.983,11.983,12609.0,12609.0,,90177536,meta-llama/Llama-3.2-1B,256,8,5,128
1598.34355,1598.34355,4.9190000000000005,4.9190000000000005,6081.0,6081.0,,3758.17225,3758.17225,11.905,11.905,12677.0,12677.0,,3953.3057,3953.3057,12.292,12.292,12995.0,12995.0,,135266304,meta-llama/Llama-3.2-1B,256,8,5,192
1616.40864,1616.40864,4.967,4.967,6121.0,6121.0,,3784.40641,3784.40641,12.091,12.091,12751.0,12751.0,,4060.86417,4060.86417,12.619,12.619,13089.0,13089.0,,180355072,meta-llama/Llama-3.2-1B,256,8,5,256
1643.86403,1643.86403,5.052,5.052,6227.0,6227.0,,3941.03533,3941.03533,12.268,12.268,12771.0,12771.0,,4242.26274,4242.26274,12.932,12.932,12799.0,12799.0,,225443840,meta-llama/Llama-3.2-1B,256,8,5,320
1660.47114,1660.47114,5.093,5.093,6303.0,6303.0,,4000.20219,4000.20219,12.427,12.427,12883.0,12883.0,,4376.51401,4376.51401,13.226,13.226,13919.0,13919.0,,270532608,meta-llama/Llama-3.2-1B,256,8,5,384
1719.30497,1719.30497,5.242,5.242,6433.0,6433.0,,4144.14253,4144.14253,13.129,13.129,13025.0,13025.0,,4444.73963,4444.73963,14.063,14.063,14073.0,14073.0,,315621376,meta-llama/Llama-3.2-1B,256,8,5,448
1738.60441,1738.60441,5.297,5.297,6441.0,6441.0,,4154.88011,4154.88011,13.222,13.222,13065.0,13065.0,,4658.48453,4658.48453,14.281,14.281,14111.0,14111.0,,360710144,meta-llama/Llama-3.2-1B,256,8,5,512
689.92189,689.92189,2.115,2.115,4385.0,4385.0,,2213.00769,2213.00769,6.684,6.684,9215.0,9215.0,,3085.9191100000003,3085.9191100000003,10.267,10.267,13261.0,13261.0,,1235814400,meta-llama/Llama-3.2-1B,256,4,5,-1
781.17881,781.17881,2.731,2.731,4395.0,4395.0,,1874.64264,1874.64264,7.535,7.535,7093.0,7093.0,,1822.1016,1822.1016,6.844,6.844,7095.0,7095.0,,704512,meta-llama/Llama-3.2-1B,256,4,5,1
794.35244,794.35244,2.958,2.958,4399.0,4399.0,,1916.71462,1916.71462,7.883,7.883,7095.0,7095.0,,1958.13829,1958.13829,7.951,7.951,7099.0,7099.0,,1409024,meta-llama/Llama-3.2-1B,256,4,5,2
787.68299,787.68299,2.879,2.879,4401.0,4401.0,,1865.81068,1865.81068,7.714,7.714,7101.0,7101.0,,1896.41048,1896.41048,7.839,7.839,7109.0,7109.0,,2818048,meta-llama/Llama-3.2-1B,256,4,5,4
765.2195,765.2195,2.706,2.706,4405.0,4405.0,,1879.20143,1879.20143,7.445,7.445,7113.0,7113.0,,1873.41693,1873.41693,7.591,7.591,7135.0,7135.0,,5636096,meta-llama/Llama-3.2-1B,256,4,5,8
779.27509,779.27509,2.803,2.803,4415.0,4415.0,,1862.57226,1862.57226,7.66,7.66,7137.0,7137.0,,1890.69857,1890.69857,7.71,7.71,7189.0,7189.0,,11272192,meta-llama/Llama-3.2-1B,256,4,5,16
783.246,783.246,2.783,2.783,4437.0,4437.0,,1882.58299,1882.58299,7.535,7.535,7183.0,7183.0,,1892.0757,1892.0757,7.641,7.641,7297.0,7297.0,,22544384,meta-llama/Llama-3.2-1B,256,4,5,32
790.49333,790.49333,2.766,2.766,4479.0,4479.0,,1839.37789,1839.37789,7.497,7.497,7275.0,7275.0,,1884.7867,1884.7867,7.049,7.049,7513.0,7513.0,,45088768,meta-llama/Llama-3.2-1B,256,4,5,64
796.55062,796.55062,2.755,2.755,4569.0,4569.0,,1913.18631,1913.18631,7.382,7.382,7851.0,7851.0,,1979.3994,1979.3994,7.518,7.518,8045.0,8045.0,,90177536,meta-llama/Llama-3.2-1B,256,4,5,128
811.52071,811.52071,2.768,2.768,4681.0,4681.0,,1939.02282,1939.02282,7.322,7.322,8021.0,8021.0,,2057.999,2057.999,7.338,7.338,8469.0,8469.0,,135266304,meta-llama/Llama-3.2-1B,256,4,5,192
807.03329,807.03329,2.8,2.8,4745.0,4745.0,,1950.51967,1950.51967,7.282,7.282,8125.0,8125.0,,2138.69399,2138.69399,7.736,7.736,8521.0,8521.0,,180355072,meta-llama/Llama-3.2-1B,256,4,5,256
839.74969,839.74969,2.844,2.844,4843.0,4843.0,,2020.7223,2020.7223,7.335,7.335,8111.0,8111.0,,2256.5162,2256.5162,7.915,7.915,8627.0,8627.0,,225443840,meta-llama/Llama-3.2-1B,256,4,5,320
858.24387,858.24387,2.889,2.889,4927.0,4927.0,,2054.3549900000003,2054.3549900000003,7.309,7.309,8719.0,8719.0,,2314.43232,2314.43232,8.081,8.081,9243.0,9243.0,,270532608,meta-llama/Llama-3.2-1B,256,4,5,384
865.70428,865.70428,2.907,2.907,5049.0,5049.0,,2133.42587,2133.42587,8.005,8.005,8851.0,8851.0,,2417.96294,2417.96294,8.589,8.589,9369.0,9369.0,,315621376,meta-llama/Llama-3.2-1B,256,4,5,448
879.48653,879.48653,2.9290000000000003,2.9290000000000003,5073.0,5073.0,,2134.00623,2134.00623,7.719,7.719,8889.0,8889.0,,2498.82913,2498.82913,8.653,8.653,9409.0,9409.0,,360710144,meta-llama/Llama-3.2-1B,256,4,5,512
3286.53379,3286.53379,8.71,8.71,9893.0,9893.0,,9862.49602,9862.49602,25.869,25.869,23931.0,23931.0,,10769.04179,10769.04179,29.431,29.431,26439.0,26439.0,,1235814400,meta-llama/Llama-3.2-1B,256,20,6,-1
3814.72676,3814.72676,10.746,10.746,9947.0,9947.0,,8918.14658,8918.14658,25.735,25.735,23331.0,23331.0,,9066.15003,9066.15003,25.74,25.74,23333.0,23333.0,,704512,meta-llama/Llama-3.2-1B,256,20,6,1
3842.82066,3842.82066,10.911,10.911,9949.0,9949.0,,9052.97651,9052.97651,26.492,26.492,23335.0,23335.0,,9155.52128,9155.52128,26.474,26.474,23339.0,23339.0,,1409024,meta-llama/Llama-3.2-1B,256,20,6,2
3855.49083,3855.49083,10.925,10.925,9953.0,9953.0,,9074.64446,9074.64446,26.516,26.516,23343.0,23343.0,,9178.19567,9178.19567,26.52,26.52,23349.0,23349.0,,2818048,meta-llama/Llama-3.2-1B,256,20,6,4
3825.1979,3825.1979,10.772,10.772,9955.0,9955.0,,9034.90144,9034.90144,26.055,26.055,23359.0,23359.0,,9091.90625,9091.90625,26.089,26.089,23371.0,23371.0,,5636096,meta-llama/Llama-3.2-1B,256,20,6,8
3822.21452,3822.21452,10.773,10.773,9967.0,9967.0,,9015.93618,9015.93618,26.134,26.134,23389.0,23389.0,,9121.17808,9121.17808,26.209,26.209,23425.0,23425.0,,11272192,meta-llama/Llama-3.2-1B,256,20,6,16
3825.58193,3825.58193,10.775,10.775,9989.0,9989.0,,8971.36667,8971.36667,25.933,25.933,23453.0,23453.0,,9110.87645,9110.87645,25.991,25.991,23531.0,23531.0,,22544384,meta-llama/Llama-3.2-1B,256,20,6,32
3830.76282,3830.76282,10.876,10.876,10031.0,10031.0,,8931.92337,8931.92337,26.122,26.122,23579.0,23579.0,,9145.18676,9145.18676,26.257,26.257,23749.0,23749.0,,45088768,meta-llama/Llama-3.2-1B,256,20,6,64
3895.78687,3895.78687,11.081,11.081,10151.0,10151.0,,9194.09543,9194.09543,26.618,26.618,26205.0,26205.0,,9546.55126,9546.55126,26.879,26.879,26423.0,26423.0,,90177536,meta-llama/Llama-3.2-1B,256,20,6,128
4001.61227,4001.61227,11.149,11.149,10229.0,10229.0,,9431.97315,9431.97315,26.991,26.991,26491.0,26491.0,,9842.88844,9842.88844,27.381,27.381,26919.0,26919.0,,135266304,meta-llama/Llama-3.2-1B,256,20,6,192
4045.47016,4045.47016,11.219,11.219,10327.0,10327.0,,9587.93485,9587.93485,27.2,27.2,26589.0,26589.0,,10076.28537,10076.28537,27.717,27.717,27033.0,27033.0,,180355072,meta-llama/Llama-3.2-1B,256,20,6,256
4175.0170100000005,4175.0170100000005,11.578,11.578,10375.0,10375.0,,9892.58266,9892.58266,28.065,28.065,26745.0,26745.0,,10521.70336,10521.70336,28.724,28.724,26765.0,26765.0,,225443840,meta-llama/Llama-3.2-1B,256,20,6,320
4190.13144,4190.13144,11.636,11.636,10497.0,10497.0,,9947.77801,9947.77801,28.256,28.256,26881.0,26881.0,,10644.38961,10644.38961,29.032,29.032,26909.0,26909.0,,270532608,meta-llama/Llama-3.2-1B,256,20,6,384
4302.48715,4302.48715,11.859,11.859,10549.0,10549.0,,10421.0827,10421.0827,29.535,29.535,27015.0,27015.0,,11249.12456,11249.12456,30.46,30.46,27053.0,27053.0,,315621376,meta-llama/Llama-3.2-1B,256,20,6,448
4367.6308,4367.6308,11.959,11.959,10589.0,10589.0,,10551.88641,10551.88641,29.72,29.72,27087.0,27087.0,,11525.65618,11525.65618,30.805,30.805,27123.0,27123.0,,360710144,meta-llama/Llama-3.2-1B,256,20,6,512
2698.46529,2698.46529,7.299,7.299,8481.0,8481.0,,8181.64243,8181.64243,21.609,21.609,21713.0,21713.0,,9246.70191,9246.70191,25.164,25.164,23717.0,23717.0,,1235814400,meta-llama/Llama-3.2-1B,256,16,6,-1
3128.47047,3128.47047,8.933,8.933,8547.0,8547.0,,7259.73417,7259.73417,21.264,21.264,19237.0,19237.0,,7392.94022,7392.94022,21.246,21.246,19239.0,19239.0,,704512,meta-llama/Llama-3.2-1B,256,16,6,1
3140.79323,3140.79323,9.12,9.12,8547.0,8547.0,,7401.57589,7401.57589,21.986,21.986,19241.0,19241.0,,7542.41496,7542.41496,21.975,21.975,19243.0,19243.0,,1409024,meta-llama/Llama-3.2-1B,256,16,6,2
3166.5157400000003,3166.5157400000003,9.122,9.122,8553.0,8553.0,,7386.86058,7386.86058,22.021,22.021,19247.0,19247.0,,7503.38418,7503.38418,22.023,22.023,19253.0,19253.0,,2818048,meta-llama/Llama-3.2-1B,256,16,6,4
3112.2188,3112.2188,8.961,8.961,8555.0,8555.0,,7320.54229,7320.54229,21.611,21.611,19261.0,19261.0,,7466.97422,7466.97422,21.633,21.633,19277.0,19277.0,,5636096,meta-llama/Llama-3.2-1B,256,16,6,8
3108.7197100000003,3108.7197100000003,8.967,8.967,8567.0,8567.0,,7333.46577,7333.46577,21.715,21.715,19291.0,19291.0,,7419.98937,7419.98937,21.749,21.749,19331.0,19331.0,,11272192,meta-llama/Llama-3.2-1B,256,16,6,16
3126.32809,3126.32809,8.964,8.964,8587.0,8587.0,,7284.09993,7284.09993,21.479,21.479,19347.0,19347.0,,7402.85225,7402.85225,21.56,21.56,19439.0,19439.0,,22544384,meta-llama/Llama-3.2-1B,256,16,6,32
3166.86559,3166.86559,9.041,9.041,8631.0,8631.0,,7365.84087,7365.84087,21.657,21.657,19463.0,19463.0,,7564.95875,7564.95875,21.766,21.766,19655.0,19655.0,,45088768,meta-llama/Llama-3.2-1B,256,16,6,64
3218.13047,3218.13047,9.224,9.224,8717.0,8717.0,,7558.83024,7558.83024,22.096,22.096,21607.0,21607.0,,7727.28792,7727.28792,22.362,22.362,21713.0,21713.0,,90177536,meta-llama/Llama-3.2-1B,256,16,6,128
3276.7003,3276.7003,9.323,9.323,8847.0,8847.0,,7746.35326,7746.35326,22.298,22.298,21849.0,21849.0,,8099.86084,8099.86084,22.808,22.808,22279.0,22279.0,,135266304,meta-llama/Llama-3.2-1B,256,16,6,192
3290.43458,3290.43458,9.384,9.384,8893.0,8893.0,,7781.08441,7781.08441,22.67,22.67,21929.0,21929.0,,8301.46111,8301.46111,23.181,23.181,22377.0,22377.0,,180355072,meta-llama/Llama-3.2-1B,256,16,6,256
3394.5249900000003,3394.5249900000003,9.492,9.492,8995.0,8995.0,,8070.86209,8070.86209,22.975,22.975,22057.0,22057.0,,8575.48555,8575.48555,23.624,23.624,22081.0,22081.0,,225443840,meta-llama/Llama-3.2-1B,256,16,6,320
3416.56532,3416.56532,9.564,9.564,9073.0,9073.0,,8150.53069,8150.53069,23.219,23.219,22179.0,22179.0,,8763.9673,8763.9673,23.991,23.991,22209.0,22209.0,,270532608,meta-llama/Llama-3.2-1B,256,16,6,384
2714.86782,2714.86782,10.928,10.928,9121.0,9121.0,,6674.43881,6674.43881,26.978,26.978,22249.0,22249.0,,7054.6613800000005,7054.6613800000005,28.469,28.469,22287.0,22287.0,,315621376,meta-llama/Llama-3.2-1B,256,16,6,448
2781.46507,2781.46507,11.23,11.23,9113.0,9113.0,,6827.39433,6827.39433,27.526,27.526,22293.0,22293.0,,7217.10236,7217.10236,29.05,29.05,22333.0,22333.0,,360710144,meta-llama/Llama-3.2-1B,256,16,6,512
1567.4665,1567.4665,6.279,6.279,7027.0,7027.0,,4669.86254,4669.86254,18.923000000000002,18.923000000000002,16959.0,16959.0,,5504.7968200000005,5504.7968200000005,22.379,22.379,19967.0,19967.0,,1235814400,meta-llama/Llama-3.2-1B,256,12,6,-1
1862.86071,1862.86071,7.527,7.527,7085.0,7085.0,,4365.4928,4365.4928,17.654,17.654,15103.0,15103.0,,4380.28673,4380.28673,17.697,17.697,15103.0,15103.0,,704512,meta-llama/Llama-3.2-1B,256,12,6,1
1886.45041,1886.45041,7.623,7.623,7087.0,7087.0,,4461.17888,4461.17888,18.119,18.119,15105.0,15105.0,,4477.11702,4477.11702,18.216,18.216,15109.0,15109.0,,1409024,meta-llama/Llama-3.2-1B,256,12,6,2
1884.1992,1884.1992,7.627,7.627,7091.0,7091.0,,4495.73306,4495.73306,18.144,18.144,15113.0,15113.0,,4465.01561,4465.01561,18.229,18.229,15119.0,15119.0,,2818048,meta-llama/Llama-3.2-1B,256,12,6,4
1868.46869,1868.46869,7.545,7.545,7093.0,7093.0,,4439.41428,4439.41428,17.93,17.93,15127.0,15127.0,,4465.31037,4465.31037,18.006,18.006,15147.0,15147.0,,5636096,meta-llama/Llama-3.2-1B,256,12,6,8
1860.51625,1860.51625,7.5120000000000005,7.5120000000000005,7105.0,7105.0,,4437.52592,4437.52592,18.007,18.007,15155.0,15155.0,,4499.39574,4499.39574,18.172,18.172,15201.0,15201.0,,11272192,meta-llama/Llama-3.2-1B,256,12,6,16
1859.66356,1859.66356,7.556,7.556,7125.0,7125.0,,4405.00335,4405.00335,17.78,17.78,15211.0,15211.0,,4460.80984,4460.80984,17.96,17.96,15309.0,15309.0,,22544384,meta-llama/Llama-3.2-1B,256,12,6,32
1869.27146,1869.27146,7.615,7.615,7169.0,7169.0,,4427.85541,4427.85541,17.944,17.944,15321.0,15321.0,,4470.96046,4470.96046,18.143,18.143,15527.0,15527.0,,45088768,meta-llama/Llama-3.2-1B,256,12,6,64
1910.68657,1910.68657,7.741,7.741,7251.0,7251.0,,4472.86376,4472.86376,18.244,18.244,16967.0,16967.0,,4637.61764,4637.61764,18.543,18.543,17081.0,17081.0,,90177536,meta-llama/Llama-3.2-1B,256,12,6,128
1923.48091,1923.48091,7.769,7.769,7385.0,7385.0,,4601.89243,4601.89243,18.41,18.41,17165.0,17165.0,,4748.91797,4748.91797,19.059,19.059,17595.0,17595.0,,135266304,meta-llama/Llama-3.2-1B,256,12,6,192
1978.6704300000001,1978.6704300000001,7.963,7.963,7415.0,7415.0,,4690.15307,4690.15307,18.911,18.911,17253.0,17253.0,,4885.93208,4885.93208,19.656,19.656,17701.0,17701.0,,180355072,meta-llama/Llama-3.2-1B,256,12,6,256
1947.87857,1947.87857,8.176,8.176,7521.0,7521.0,,4808.7079,4808.7079,19.361,19.361,17305.0,17305.0,,5043.88778,5043.88778,20.272,20.272,17331.0,17331.0,,225443840,meta-llama/Llama-3.2-1B,256,12,6,320
2043.83986,2043.83986,8.153,8.153,7595.0,7595.0,,4846.2018,4846.2018,19.531,19.531,17437.0,17437.0,,5142.60619,5142.60619,20.59,20.59,17469.0,17469.0,,270532608,meta-llama/Llama-3.2-1B,256,12,6,384
2044.04862,2044.04862,8.247,8.247,7727.0,7727.0,,4879.06123,4879.06123,20.398,20.398,17593.0,17593.0,,5366.69623,5366.69623,21.589,21.589,17633.0,17633.0,,315621376,meta-llama/Llama-3.2-1B,256,12,6,448
2082.09659,2082.09659,8.342,8.342,7755.0,7755.0,,5117.73468,5117.73468,20.43,20.43,17657.0,17657.0,,5432.40642,5432.40642,21.896,21.896,17699.0,17699.0,,360710144,meta-llama/Llama-3.2-1B,256,12,6,512
1071.7449,1071.7449,4.318,4.318,5633.0,5633.0,,3283.07819,3283.07819,13.283,13.283,13317.0,13317.0,,4100.10946,4100.10946,16.695,16.695,15321.0,15321.0,,1235814400,meta-llama/Llama-3.2-1B,256,8,6,-1
1285.30055,1285.30055,5.193,5.193,5667.0,5667.0,,2995.34024,2995.34024,12.29,12.29,11031.0,11031.0,,3033.84908,3033.84908,12.301,12.301,11033.0,11033.0,,704512,meta-llama/Llama-3.2-1B,256,8,6,1
1301.08984,1301.08984,5.283,5.283,5669.0,5669.0,,3121.92641,3121.92641,12.68,12.68,11033.0,11033.0,,3141.62732,3141.62732,12.722,12.722,11037.0,11037.0,,1409024,meta-llama/Llama-3.2-1B,256,8,6,2
1289.99181,1289.99181,5.2620000000000005,5.2620000000000005,5671.0,5671.0,,3116.96967,3116.96967,12.679,12.679,11039.0,11039.0,,3140.91945,3140.91945,12.747,12.747,11049.0,11049.0,,2818048,meta-llama/Llama-3.2-1B,256,8,6,4
1280.3873,1280.3873,5.216,5.216,5677.0,5677.0,,3085.79784,3085.79784,12.473,12.473,11053.0,11053.0,,3085.00333,3085.00333,12.576,12.576,11075.0,11075.0,,5636096,meta-llama/Llama-3.2-1B,256,8,6,8
1288.82892,1288.82892,5.244,5.244,5687.0,5687.0,,3104.14687,3104.14687,12.575,12.575,11077.0,11077.0,,3119.6098,3119.6098,12.654,12.654,11129.0,11129.0,,11272192,meta-llama/Llama-3.2-1B,256,8,6,16
1291.22749,1291.22749,5.249,5.249,5709.0,5709.0,,3073.27761,3073.27761,12.456,12.456,11127.0,11127.0,,3101.04995,3101.04995,12.621,12.621,11237.0,11237.0,,22544384,meta-llama/Llama-3.2-1B,256,8,6,32
1295.16525,1295.16525,5.279,5.279,5751.0,5751.0,,3083.45016,3083.45016,12.503,12.503,11229.0,11229.0,,3113.43601,3113.43601,12.671,12.671,11453.0,11453.0,,45088768,meta-llama/Llama-3.2-1B,256,8,6,64
1323.98665,1323.98665,5.377,5.377,5853.0,5853.0,,3157.29866,3157.29866,12.8,12.8,12329.0,12329.0,,3228.79957,3228.79957,13.064,13.064,12497.0,12497.0,,90177536,meta-llama/Llama-3.2-1B,256,8,6,128
1341.31615,1341.31615,5.462,5.462,5969.0,5969.0,,3224.4905,3224.4905,13.076,13.076,12565.0,12565.0,,3342.63976,3342.63976,13.577,13.577,12883.0,12883.0,,135266304,meta-llama/Llama-3.2-1B,256,8,6,192
1355.81629,1355.81629,5.511,5.511,6009.0,6009.0,,3259.09867,3259.09867,13.249,13.249,12639.0,12639.0,,3429.54763,3429.54763,13.902,13.902,12977.0,12977.0,,180355072,meta-llama/Llama-3.2-1B,256,8,6,256
1386.94797,1386.94797,5.633,5.633,6115.0,6115.0,,3336.89038,3336.89038,13.573,13.573,12659.0,12659.0,,3580.64052,3580.64052,14.394,14.394,12687.0,12687.0,,225443840,meta-llama/Llama-3.2-1B,256,8,6,320
1498.39178,1498.39178,6.4719999999999995,6.4719999999999995,6191.0,6050.808429118774,,3683.39766,3683.39766,15.16,15.16,12771.0,12700.090240914658,,3984.93885,3984.93885,16.134,16.134,13807.0,13789.815420560748,,270532608,meta-llama/Llama-3.2-1B,256,8,6,384
1435.6116,1435.6116,5.828,5.828,6321.0,6321.0,,3579.88608,3579.88608,14.326,14.326,12913.0,12913.0,,3823.99617,3823.99617,15.513,15.513,13961.0,13961.0,,315621376,meta-llama/Llama-3.2-1B,256,8,6,448
1448.4568100000001,1448.4568100000001,5.874,5.874,6329.0,6329.0,,3590.12149,3590.12149,14.509,14.509,12953.0,12953.0,,3913.41907,3913.41907,15.793,15.793,13999.0,13999.0,,360710144,meta-llama/Llama-3.2-1B,256,8,6,512
580.64949,580.64949,2.349,2.349,4273.0,4273.0,,1835.6004599999999,1835.6004599999999,7.466,7.466,9103.0,9103.0,,2675.06524,2675.06524,10.918,10.918,13149.0,13149.0,,1235814400,meta-llama/Llama-3.2-1B,256,4,6,-1
690.54871,690.54871,2.806,2.806,4283.0,4283.0,,1623.34865,1623.34865,6.634,6.634,6981.0,6981.0,,1626.16117,1626.16117,6.63,6.63,6983.0,6983.0,,704512,meta-llama/Llama-3.2-1B,256,4,6,1
729.75044,729.75044,2.895,2.895,4287.0,4287.0,,1730.35658,1730.35658,7.106,7.106,6983.0,6983.0,,1738.69486,1738.69486,7.115,7.115,6987.0,6987.0,,1409024,meta-llama/Llama-3.2-1B,256,4,6,2
715.57857,715.57857,2.867,2.867,4289.0,4289.0,,1705.66361,1705.66361,6.979,6.979,6989.0,6989.0,,1717.66364,1717.66364,7.017,7.017,6997.0,6997.0,,2818048,meta-llama/Llama-3.2-1B,256,4,6,4
706.72984,706.72984,2.862,2.862,4293.0,4293.0,,1686.176,1686.176,6.916,6.916,7001.0,7001.0,,1710.8312700000001,1710.8312700000001,6.985,6.985,7023.0,7023.0,,5636096,meta-llama/Llama-3.2-1B,256,4,6,8
702.16104,702.16104,2.8449999999999998,2.8449999999999998,4303.0,4303.0,,1719.63138,1719.63138,7.073,7.073,7025.0,7025.0,,1701.94625,1701.94625,7.024,7.024,7077.0,7077.0,,11272192,meta-llama/Llama-3.2-1B,256,4,6,16
703.22258,703.22258,2.841,2.841,4325.0,4325.0,,1673.88974,1673.88974,6.819,6.819,7071.0,7071.0,,1702.05232,1702.05232,6.96,6.96,7185.0,7185.0,,22544384,meta-llama/Llama-3.2-1B,256,4,6,32
713.15998,713.15998,2.872,2.872,4367.0,4367.0,,1704.86146,1704.86146,6.97,6.97,7163.0,7163.0,,1721.7801,1721.7801,7.028,7.028,7401.0,7401.0,,45088768,meta-llama/Llama-3.2-1B,256,4,6,64
728.08737,728.08737,2.939,2.939,4457.0,4457.0,,1712.10789,1712.10789,6.992,6.992,7739.0,7739.0,,1802.87456,1802.87456,7.303,7.303,7933.0,7933.0,,90177536,meta-llama/Llama-3.2-1B,256,4,6,128
731.85182,731.85182,2.953,2.953,4569.0,4569.0,,1739.82252,1739.82252,7.124,7.124,7909.0,7909.0,,1853.57293,1853.57293,7.543,7.543,8357.0,8357.0,,135266304,meta-llama/Llama-3.2-1B,256,4,6,192
740.80278,740.80278,3.008,3.008,4633.0,4633.0,,1772.14723,1772.14723,7.247,7.247,8013.0,8013.0,,1924.32569,1924.32569,7.829,7.829,8409.0,8409.0,,180355072,meta-llama/Llama-3.2-1B,256,4,6,256
756.4704,756.4704,3.057,3.057,4731.0,4731.0,,1835.68606,1835.68606,7.484,7.484,7999.0,7999.0,,2016.12075,2016.12075,8.163,8.163,8515.0,8515.0,,225443840,meta-llama/Llama-3.2-1B,256,4,6,320
768.11717,768.11717,3.108,3.108,4815.0,4815.0,,1849.23636,1849.23636,7.525,7.525,8607.0,8607.0,,2073.11881,2073.11881,8.384,8.384,9131.0,9131.0,,270532608,meta-llama/Llama-3.2-1B,256,4,6,384
779.88034,779.88034,3.146,3.146,4937.0,4937.0,,1955.6270200000001,1955.6270200000001,7.962,7.962,8739.0,8739.0,,2182.88336,2182.88336,8.876,8.876,9257.0,9257.0,,315621376,meta-llama/Llama-3.2-1B,256,4,6,448
791.32248,791.32248,3.183,3.183,4961.0,4961.0,,1954.1745,1954.1745,7.976,7.976,8777.0,8777.0,,2244.38294,2244.38294,9.136,9.136,9297.0,9297.0,,360710144,meta-llama/Llama-3.2-1B,256,4,6,512
2520.6043,2520.6043,10.152,10.152,9781.0,9781.0,,7397.09463,7397.09463,30.106,30.106,23819.0,23819.0,,8291.99375,8291.99375,33.668,33.668,26327.0,26327.0,,1235814400,meta-llama/Llama-3.2-1B,256,20,7,-1
3009.31726,3009.31726,12.18,12.18,9835.0,9835.0,,7111.06119,7111.06119,28.558,28.558,23219.0,23219.0,,7120.63012,7120.63012,28.648,28.648,23221.0,23221.0,,704512,meta-llama/Llama-3.2-1B,256,20,7,1
3053.80993,3053.80993,12.287,12.287,9837.0,9837.0,,7281.32977,7281.32977,29.352,29.352,23223.0,23223.0,,7301.62814,7301.62814,29.482,29.482,23227.0,23227.0,,1409024,meta-llama/Llama-3.2-1B,256,20,7,2
3018.60628,3018.60628,12.258,12.258,9841.0,9841.0,,7266.87222,7266.87222,29.238,29.238,23231.0,23231.0,,7292.69699,7292.69699,29.402,29.402,23237.0,23237.0,,2818048,meta-llama/Llama-3.2-1B,256,20,7,4
3001.2079400000002,3001.2079400000002,12.107,12.107,9843.0,9843.0,,7120.60857,7120.60857,28.746,28.746,23247.0,23247.0,,7197.99262,7197.99262,28.919,28.919,23259.0,23259.0,,5636096,meta-llama/Llama-3.2-1B,256,20,7,8
2992.07599,2992.07599,12.134,12.134,9855.0,9855.0,,7171.75546,7171.75546,28.895,28.895,23277.0,23277.0,,7191.60997,7191.60997,29.032,29.032,23313.0,23313.0,,11272192,meta-llama/Llama-3.2-1B,256,20,7,16
2991.04435,2991.04435,12.118,12.118,9877.0,9877.0,,7112.18766,7112.18766,28.619,28.619,23341.0,23340.709914611005,,7160.28323,7160.28323,28.848,28.848,23418.0,23418.0,,22544384,meta-llama/Llama-3.2-1B,256,20,7,32
3053.37834,3053.37834,12.242,12.242,9919.0,9919.0,,7146.86927,7146.86927,28.881,28.881,23467.0,23467.0,,7247.39843,7247.39843,29.147,29.147,23637.0,23637.0,,45088768,meta-llama/Llama-3.2-1B,256,20,7,64
3095.43563,3095.43563,12.47,12.47,10039.0,10039.0,,7309.12342,7309.12342,29.428,29.428,26093.0,26093.0,,7432.85484,7432.85484,29.926,29.926,26311.0,26311.0,,90177536,meta-llama/Llama-3.2-1B,256,20,7,128
3129.86517,3129.86517,12.592,12.592,10157.0,10157.0,,7457.14382,7457.14382,30.09,30.09,26389.0,26389.0,,7631.56825,7631.56825,30.741,30.741,26817.0,26817.0,,135266304,meta-llama/Llama-3.2-1B,256,20,7,192
3136.54358,3136.54358,12.719,12.719,10215.0,10215.0,,7530.79099,7530.79099,30.346,30.346,26477.0,26477.0,,7733.83315,7733.83315,31.176,31.176,26921.0,26921.0,,180355072,meta-llama/Llama-3.2-1B,256,20,7,256
3241.29629,3241.29629,13.116,13.116,10263.0,10263.0,,7799.17215,7799.17215,31.386,31.386,26633.0,26633.0,,8025.38876,8025.38876,32.419,32.419,26653.0,26653.0,,225443840,meta-llama/Llama-3.2-1B,256,20,7,320
3274.16086,3274.16086,13.243,13.243,10385.0,10385.0,,7857.40148,7857.40148,31.709,31.709,26769.0,26769.0,,8127.45405,8127.45405,32.862,32.862,26797.0,26797.0,,270532608,meta-llama/Llama-3.2-1B,256,20,7,384
3344.8601,3344.8601,13.453,13.453,10469.0,10469.0,,8179.1379,8179.1379,32.977,32.977,26935.0,26935.0,,8515.45535,8515.45535,34.374,34.374,26973.0,26973.0,,315621376,meta-llama/Llama-3.2-1B,256,20,7,448
3323.82017,3323.82017,13.579,13.579,10509.0,10509.0,,8221.19453,8221.19453,33.242,33.242,27007.0,27007.0,,8624.30558,8624.30558,34.865,34.865,27043.0,27043.0,,360710144,meta-llama/Llama-3.2-1B,256,20,7,512
2070.22331,2070.22331,8.348,8.348,8401.0,8401.0,,6124.21231,6124.21231,24.84,24.84,21633.0,21633.0,,6979.29385,6979.29385,28.32,28.32,23637.0,23637.0,,1235814400,meta-llama/Llama-3.2-1B,256,16,7,-1
2457.52519,2457.52519,9.991,9.991,8467.0,8467.0,,5811.69655,5811.69655,23.415,23.415,19157.0,19157.0,,5846.87499,5846.87499,23.522,23.522,19159.0,19159.0,,704512,meta-llama/Llama-3.2-1B,256,16,7,1
2455.93864,2455.93864,10.196,10.196,8467.0,8467.0,,5980.7321600000005,5980.7321600000005,24.132,24.132,19161.0,19161.0,,6009.5571,6009.5571,24.214,24.214,19163.0,19163.0,,1409024,meta-llama/Llama-3.2-1B,256,16,7,2
2483.31839,2483.31839,10.167,10.167,8473.0,8473.0,,5975.25332,5975.25332,24.168,24.168,19167.0,19167.0,,6027.30884,6027.30884,24.324,24.324,19173.0,19173.0,,2818048,meta-llama/Llama-3.2-1B,256,16,7,4
2473.4011,2473.4011,10.027,10.027,8475.0,8475.0,,5912.95459,5912.95459,23.804,23.804,19181.0,19181.0,,5960.73613,5960.73613,23.951999999999998,23.951999999999998,19197.0,19197.0,,5636096,meta-llama/Llama-3.2-1B,256,16,7,8
2496.51255,2496.51255,10.011,10.011,8487.0,8487.0,,5918.84136,5918.84136,23.897,23.897,19211.0,19211.0,,5956.82538,5956.82538,24.047,24.047,19251.0,19251.0,,11272192,meta-llama/Llama-3.2-1B,256,16,7,16
2487.17962,2487.17962,10.015,10.015,8507.0,8507.0,,5844.0688900000005,5844.0688900000005,23.601,23.601,19267.0,19267.0,,5905.72089,5905.72089,23.779,23.779,19359.0,19359.0,,22544384,meta-llama/Llama-3.2-1B,256,16,7,32
2503.3222,2503.3222,10.141,10.141,8551.0,8551.0,,5943.1387,5943.1387,23.843,23.843,19383.0,19383.0,,5980.4496,5980.4496,24.094,24.094,19575.0,19575.0,,45088768,meta-llama/Llama-3.2-1B,256,16,7,64
2558.22324,2558.22324,10.296,10.296,8637.0,8637.0,,6016.57027,6016.57027,24.351,24.351,21527.0,21527.0,,6147.47955,6147.47955,24.816,24.816,21633.0,21633.0,,90177536,meta-llama/Llama-3.2-1B,256,16,7,128
2581.24224,2581.24224,10.462,10.462,8767.0,8767.0,,6152.19233,6152.19233,24.851,24.851,21769.0,21769.0,,6420.07618,6420.07618,25.485,25.485,22199.0,22199.0,,135266304,meta-llama/Llama-3.2-1B,256,16,7,192
2631.19067,2631.19067,10.544,10.544,8813.0,8813.0,,6211.8546,6211.8546,25.127,25.127,21849.0,21849.0,,6423.31117,6423.31117,25.903,25.903,22297.0,22297.0,,180355072,meta-llama/Llama-3.2-1B,256,16,7,256
2647.40297,2647.40297,10.69,10.69,8915.0,8915.0,,6344.18512,6344.18512,25.66,25.66,21977.0,21977.0,,6625.55921,6625.55921,26.654,26.654,22001.0,22001.0,,225443840,meta-llama/Llama-3.2-1B,256,16,7,320
2684.36772,2684.36772,10.805,10.805,8993.0,8993.0,,6431.60236,6431.60236,25.948,25.948,22099.0,22099.0,,6731.9564900000005,6731.9564900000005,27.086,27.086,22129.0,22129.0,,270532608,meta-llama/Llama-3.2-1B,256,16,7,384
2749.75803,2749.75803,11.168,11.168,9121.0,9121.0,,6780.30465,6780.30465,27.308,27.308,22249.0,22249.0,,7127.16752,7127.16752,28.615,28.615,22287.0,22287.0,,315621376,meta-llama/Llama-3.2-1B,256,16,7,448
2786.55958,2786.55958,11.208,11.208,9113.0,9113.0,,6795.48192,6795.48192,27.421,27.421,22293.0,22293.0,,7185.92517,7185.92517,28.913,28.913,22333.0,22333.0,,360710144,meta-llama/Llama-3.2-1B,256,16,7,512
1561.5958600000001,1561.5958600000001,6.254,6.254,7027.0,7027.0,,4658.36221,4658.36221,18.845,18.845,16959.0,16959.0,,5483.72294,5483.72294,22.305,22.305,19967.0,19967.0,,1235814400,meta-llama/Llama-3.2-1B,256,12,7,-1
1856.67194,1856.67194,7.495,7.495,7085.0,7085.0,,4362.80303,4362.80303,17.583,17.583,15103.0,15103.0,,4367.85851,4367.85851,17.648,17.648,15103.0,15103.0,,704512,meta-llama/Llama-3.2-1B,256,12,7,1
1869.08716,1869.08716,7.58,7.58,7087.0,7087.0,,4440.20912,4440.20912,18.044,18.044,15105.0,15105.0,,4495.1729,4495.1729,18.148,18.148,15109.0,15109.0,,1409024,meta-llama/Llama-3.2-1B,256,12,7,2
1892.4217800000001,1892.4217800000001,7.602,7.602,7091.0,7091.0,,4457.78969,4457.78969,18.132,18.132,15113.0,15113.0,,4517.54328,4517.54328,18.261,18.261,15119.0,15119.0,,2818048,meta-llama/Llama-3.2-1B,256,12,7,4
1860.03392,1860.03392,7.514,7.514,7093.0,7093.0,,4392.70255,4392.70255,17.89,17.89,15127.0,15127.0,,4464.28497,4464.28497,17.993,17.993,15147.0,15147.0,,5636096,meta-llama/Llama-3.2-1B,256,12,7,8
1853.9288,1853.9288,7.533,7.533,7105.0,7105.0,,4460.98134,4460.98134,18.013,18.013,15155.0,15155.0,,4482.42329,4482.42329,18.138,18.138,15201.0,15201.0,,11272192,meta-llama/Llama-3.2-1B,256,12,7,16
1856.27642,1856.27642,7.5120000000000005,7.5120000000000005,7125.0,7125.0,,4387.19928,4387.19928,17.696,17.696,15211.0,15211.0,,4456.9914499999995,4456.9914499999995,17.862,17.862,15309.0,15309.0,,22544384,meta-llama/Llama-3.2-1B,256,12,7,32
1901.7803900000001,1901.7803900000001,7.621,7.621,7169.0,7169.0,,4442.26045,4442.26045,17.963,17.963,15321.0,15321.0,,4480.67849,4480.67849,18.228,18.228,15527.0,15527.0,,45088768,meta-llama/Llama-3.2-1B,256,12,7,64
1922.16562,1922.16562,7.779,7.779,7251.0,7251.0,,4450.58037,4450.58037,18.37,18.37,16967.0,16967.0,,4664.85155,4664.85155,18.67,18.67,17081.0,17081.0,,90177536,meta-llama/Llama-3.2-1B,256,12,7,128
1945.36545,1945.36545,7.844,7.844,7385.0,7385.0,,4622.10191,4622.10191,18.56,18.56,17165.0,17165.0,,4766.93466,4766.93466,19.169,19.169,17595.0,17595.0,,135266304,meta-llama/Llama-3.2-1B,256,12,7,192
1959.47203,1959.47203,7.936,7.936,7415.0,7415.0,,4693.1332,4693.1332,18.852,18.852,17253.0,17253.0,,4880.71377,4880.71377,19.614,19.614,17701.0,17701.0,,180355072,meta-llama/Llama-3.2-1B,256,12,7,256
1997.75058,1997.75058,8.134,8.134,7521.0,7521.0,,4815.35805,4815.35805,19.341,19.341,17305.0,17305.0,,5019.4011,5019.4011,20.244,20.244,17331.0,17331.0,,225443840,meta-llama/Llama-3.2-1B,256,12,7,320
2043.37799,2043.37799,8.126,8.126,7595.0,7595.0,,4835.38585,4835.38585,19.512,19.512,17437.0,17437.0,,5141.29351,5141.29351,20.574,20.574,17469.0,17469.0,,270532608,meta-llama/Llama-3.2-1B,256,12,7,384
2051.50801,2051.50801,8.252,8.252,7727.0,7727.0,,5003.58941,5003.58941,20.339,20.339,17593.0,17593.0,,5339.85641,5339.85641,21.529,21.529,17633.0,17633.0,,315621376,meta-llama/Llama-3.2-1B,256,12,7,448
2060.94305,2060.94305,8.306,8.306,7755.0,7755.0,,5074.025,5074.025,20.437,20.437,17657.0,17657.0,,5411.64076,5411.64076,21.842,21.842,17699.0,17699.0,,360710144,meta-llama/Llama-3.2-1B,256,12,7,512
1065.94018,1065.94018,4.252,4.252,5633.0,5633.0,,3250.655,3250.655,13.238,13.238,13317.0,13317.0,,4097.07388,4097.07388,16.671,16.671,15321.0,15321.0,,1235814400,meta-llama/Llama-3.2-1B,256,8,7,-1
1275.78728,1275.78728,5.149,5.149,5667.0,5667.0,,2977.30801,2977.30801,12.21,12.21,11031.0,11031.0,,2999.46812,2999.46812,12.237,12.237,11033.0,11033.0,,704512,meta-llama/Llama-3.2-1B,256,8,7,1
1290.80154,1290.80154,5.231,5.231,5669.0,5669.0,,3103.04454,3103.04454,12.587,12.587,11033.0,11033.0,,3130.85258,3130.85258,12.65,12.65,11037.0,11037.0,,1409024,meta-llama/Llama-3.2-1B,256,8,7,2
1293.38878,1293.38878,5.243,5.243,5671.0,5671.0,,3113.68662,3113.68662,12.639,12.639,11039.0,11039.0,,3125.69055,3125.69055,12.693999999999999,12.693999999999999,11049.0,11049.0,,2818048,meta-llama/Llama-3.2-1B,256,8,7,4
1286.71578,1286.71578,5.186,5.186,5677.0,5677.0,,3076.0424,3076.0424,12.376,12.376,11053.0,11053.0,,3081.48859,3081.48859,12.475,12.475,11075.0,11075.0,,5636096,meta-llama/Llama-3.2-1B,256,8,7,8
1271.45945,1271.45945,5.197,5.197,5687.0,5687.0,,3080.53744,3080.53744,12.48,12.48,11077.0,11077.0,,3109.22113,3109.22113,12.581,12.581,11129.0,11129.0,,11272192,meta-llama/Llama-3.2-1B,256,8,7,16
1272.25177,1272.25177,5.177,5.177,5709.0,5709.0,,3033.64713,3033.64713,12.324,12.324,11127.0,11127.0,,3090.03041,3090.03041,12.485,12.485,11237.0,11237.0,,22544384,meta-llama/Llama-3.2-1B,256,8,7,32
1288.40296,1288.40296,5.227,5.227,5751.0,5751.0,,3071.07142,3071.07142,12.409,12.409,11229.0,11229.0,,3119.69485,3119.69485,12.635,12.635,11453.0,11453.0,,45088768,meta-llama/Llama-3.2-1B,256,8,7,64
1311.06141,1311.06141,5.328,5.328,5853.0,5853.0,,3139.5488100000002,3139.5488100000002,12.7,12.7,12329.0,12329.0,,3208.3976000000002,3208.3976000000002,13.061,13.061,12497.0,12497.0,,90177536,meta-llama/Llama-3.2-1B,256,8,7,128
1323.88867,1323.88867,5.418,5.418,5969.0,5969.0,,3191.72229,3191.72229,12.961,12.961,12565.0,12565.0,,3318.66864,3318.66864,13.468,13.468,12883.0,12883.0,,135266304,meta-llama/Llama-3.2-1B,256,8,7,192
1344.02793,1344.02793,5.494,5.494,6009.0,6009.0,,3271.02055,3271.02055,13.219,13.219,12639.0,12639.0,,3415.33427,3415.33427,13.857,13.857,12977.0,12977.0,,180355072,meta-llama/Llama-3.2-1B,256,8,7,256
1382.3536,1382.3536,5.5969999999999995,5.5969999999999995,6115.0,6115.0,,3306.9391100000003,3306.9391100000003,13.483,13.483,12659.0,12659.0,,3508.29073,3508.29073,14.273,14.273,12687.0,12687.0,,225443840,meta-llama/Llama-3.2-1B,256,8,7,320
1404.37091,1404.37091,5.627,5.627,6191.0,6191.0,,3369.6564200000003,3369.6564200000003,13.652,13.652,12771.0,12771.0,,3634.9421,3634.9421,14.595,14.595,13807.0,13807.0,,270532608,meta-llama/Llama-3.2-1B,256,8,7,384
1425.89557,1425.89557,5.796,5.796,6321.0,6321.0,,3571.65688,3571.65688,14.305,14.305,12913.0,12913.0,,3820.57068,3820.57068,15.488,15.488,13961.0,13961.0,,315621376,meta-llama/Llama-3.2-1B,256,8,7,448
1440.0871300000001,1440.0871300000001,5.865,5.865,6329.0,6329.0,,3576.81187,3576.81187,14.48,14.48,12953.0,12953.0,,3908.38106,3908.38106,15.771,15.771,13999.0,13999.0,,360710144,meta-llama/Llama-3.2-1B,256,8,7,512
577.13011,577.13011,2.342,2.342,4273.0,4273.0,,1821.16618,1821.16618,7.42,7.42,9103.0,9103.0,,2662.61311,2662.61311,10.884,10.884,13149.0,13149.0,,1235814400,meta-llama/Llama-3.2-1B,256,4,7,-1
680.67814,680.67814,2.7720000000000002,2.7720000000000002,4283.0,4283.0,,1616.20586,1616.20586,6.608,6.608,6981.0,6981.0,,1624.15025,1624.15025,6.618,6.618,6983.0,6983.0,,704512,meta-llama/Llama-3.2-1B,256,4,7,1
709.37789,709.37789,2.867,2.867,4287.0,4287.0,,1758.10405,1758.10405,7.272,7.272,6983.0,6983.0,,1781.35515,1781.35515,7.339,7.339,6987.0,6987.0,,1409024,meta-llama/Llama-3.2-1B,256,4,7,2
714.00487,714.00487,2.868,2.868,4289.0,4289.0,,1750.59887,1750.59887,7.231,7.231,6989.0,6989.0,,1758.63452,1758.63452,7.294,7.294,6997.0,6997.0,,2818048,meta-llama/Llama-3.2-1B,256,4,7,4
706.2709600000001,706.2709600000001,2.842,2.842,4293.0,4293.0,,1696.14578,1696.14578,6.931,6.931,7001.0,7001.0,,1698.41631,1698.41631,6.948,6.948,7025.0,7025.0,,5636096,meta-llama/Llama-3.2-1B,256,4,7,8
707.35458,707.35458,2.834,2.834,4303.0,4303.0,,1688.54515,1688.54515,6.912,6.912,7025.0,7025.0,,1727.21523,1727.21523,7.069,7.069,7077.0,7077.0,,11272192,meta-llama/Llama-3.2-1B,256,4,7,16
702.07071,702.07071,2.8289999999999997,2.8289999999999997,4325.0,4325.0,,1664.82651,1664.82651,6.884,6.884,7071.0,7071.0,,1681.13588,1681.13588,6.8870000000000005,6.8870000000000005,7185.0,7185.0,,22544384,meta-llama/Llama-3.2-1B,256,4,7,32
706.72822,706.72822,2.852,2.852,4367.0,4367.0,,1707.88499,1707.88499,7.102,7.102,7163.0,7163.0,,1732.4453800000001,1732.4453800000001,7.06,7.06,7401.0,7401.0,,45088768,meta-llama/Llama-3.2-1B,256,4,7,64
720.80053,720.80053,2.924,2.924,4457.0,4457.0,,1729.11046,1729.11046,7.15,7.15,7739.0,7739.0,,1788.79514,1788.79514,7.316,7.316,7933.0,7933.0,,90177536,meta-llama/Llama-3.2-1B,256,4,7,128
730.90922,730.90922,2.943,2.943,4569.0,4569.0,,1743.65349,1743.65349,7.084,7.084,7909.0,7909.0,,1841.4565,1841.4565,7.506,7.506,8357.0,8357.0,,135266304,meta-llama/Llama-3.2-1B,256,4,7,192
741.75212,741.75212,2.998,2.998,4633.0,4633.0,,1770.20706,1770.20706,7.221,7.221,8013.0,8013.0,,1904.27616,1904.27616,7.769,7.769,8409.0,8409.0,,180355072,meta-llama/Llama-3.2-1B,256,4,7,256
759.85174,759.85174,3.043,3.043,4731.0,4731.0,,1817.87649,1817.87649,7.429,7.429,7999.0,7999.0,,1988.62188,1988.62188,8.121,8.121,8515.0,8515.0,,225443840,meta-llama/Llama-3.2-1B,256,4,7,320
764.55638,764.55638,3.092,3.092,4815.0,4815.0,,1855.47129,1855.47129,7.562,7.562,8607.0,8607.0,,2064.9932,2064.9932,8.36,8.36,9131.0,9131.0,,270532608,meta-llama/Llama-3.2-1B,256,4,7,384
777.36877,777.36877,3.128,3.128,4937.0,4937.0,,1912.11175,1912.11175,7.8469999999999995,7.8469999999999995,8739.0,8739.0,,2184.8713,2184.8713,8.844,8.844,9257.0,9257.0,,315621376,meta-llama/Llama-3.2-1B,256,4,7,448
782.5834,782.5834,3.162,3.162,4961.0,4961.0,,1925.0673,1925.0673,7.885,7.885,8777.0,8777.0,,2225.2,2225.2,9.062,9.062,9297.0,9297.0,,360710144,meta-llama/Llama-3.2-1B,256,4,7,512
2461.34642,2461.34642,10.081,10.081,9781.0,9781.0,,7395.15209,7395.15209,30.02,30.02,23819.0,23819.0,,8241.22172,8241.22172,33.593,33.593,26327.0,26327.0,,1235814400,meta-llama/Llama-3.2-1B,256,20,8,-1
2997.04348,2997.04348,12.129,12.129,9835.0,9835.0,,7069.49356,7069.49356,28.538,28.538,23219.0,23219.0,,7073.55979,7073.55979,28.613,28.613,23221.0,23221.0,,704512,meta-llama/Llama-3.2-1B,256,20,8,1
3066.79255,3066.79255,12.257,12.257,9837.0,9837.0,,7287.63413,7287.63413,29.37,29.37,23223.0,23223.0,,7333.95031,7333.95031,29.533,29.533,23227.0,23227.0,,1409024,meta-llama/Llama-3.2-1B,256,20,8,2
3058.72304,3058.72304,12.295,12.295,9841.0,9841.0,,7271.33838,7271.33838,29.393,29.393,23231.0,23231.0,,7344.3188900000005,7344.3188900000005,29.533,29.533,23237.0,23237.0,,2818048,meta-llama/Llama-3.2-1B,256,20,8,4
2997.87939,2997.87939,12.111,12.111,9843.0,9843.0,,7154.14968,7154.14968,28.84,28.84,23247.0,23247.0,,7212.47039,7212.47039,28.997,28.997,23259.0,23259.0,,5636096,meta-llama/Llama-3.2-1B,256,20,8,8
3015.76084,3015.76084,12.14,12.14,9855.0,9855.0,,7194.32558,7194.32558,28.965,28.965,23277.0,23277.0,,7241.8189600000005,7241.8189600000005,29.202,29.202,23313.0,23313.0,,11272192,meta-llama/Llama-3.2-1B,256,20,8,16
3003.9287,3003.9287,12.118,12.118,9877.0,9877.0,,7125.92418,7125.92418,28.65,28.65,23341.0,23341.0,,7166.6504,7166.6504,28.872,28.872,23419.0,23419.0,,22544384,meta-llama/Llama-3.2-1B,256,20,8,32
3057.10624,3057.10624,12.254,12.254,9919.0,9919.0,,7200.69853,7200.69853,28.936,28.936,23467.0,23467.0,,7259.69579,7259.69579,29.268,29.268,23637.0,23637.0,,45088768,meta-llama/Llama-3.2-1B,256,20,8,64
3094.7348700000002,3094.7348700000002,12.515,12.515,10039.0,10039.0,,7347.28865,7347.28865,29.561,29.561,26093.0,26093.0,,7449.5866,7449.5866,30.017,30.017,26311.0,26311.0,,90177536,meta-llama/Llama-3.2-1B,256,20,8,128
3123.79549,3123.79549,12.603,12.603,10117.0,10117.0,,7487.3282,7487.3282,30.164,30.164,26379.0,26379.0,,7623.57425,7623.57425,30.822,30.822,26807.0,26807.0,,135266304,meta-llama/Llama-3.2-1B,256,20,8,192
3168.91991,3168.91991,12.703,12.703,10215.0,10215.0,,7538.33066,7538.33066,30.375,30.375,26477.0,26477.0,,7724.1135,7724.1135,31.221,31.221,26921.0,26921.0,,180355072,meta-llama/Llama-3.2-1B,256,20,8,256
3259.70123,3259.70123,13.14,13.14,10263.0,10263.0,,7807.50722,7807.50722,31.479,31.479,26633.0,26633.0,,8075.53542,8075.53542,32.537,32.537,26653.0,26653.0,,225443840,meta-llama/Llama-3.2-1B,256,20,8,320
3281.31001,3281.31001,13.229,13.229,10385.0,10385.0,,7846.32102,7846.32102,31.706,31.706,26769.0,26769.0,,8161.28013,8161.28013,32.897,32.897,26797.0,26797.0,,270532608,meta-llama/Llama-3.2-1B,256,20,8,384
3372.8276,3372.8276,13.518,13.518,10469.0,10469.0,,8197.86889,8197.86889,33.136,33.136,26935.0,26935.0,,8536.04481,8536.04481,34.483,34.483,26973.0,26973.0,,315621376,meta-llama/Llama-3.2-1B,256,20,8,448
3357.16156,3357.16156,13.582,13.582,10509.0,10509.0,,8264.6748,8264.6748,33.272,33.272,27007.0,27007.0,,8645.8572,8645.8572,34.812,34.812,27043.0,27043.0,,360710144,meta-llama/Llama-3.2-1B,256,20,8,512
2084.69239,2084.69239,8.354,8.354,8401.0,8401.0,,6111.28146,6111.28146,24.854,24.854,21633.0,21633.0,,6960.02852,6960.02852,28.297,28.297,23637.0,23637.0,,1235814400,meta-llama/Llama-3.2-1B,256,16,8,-1
2459.10713,2459.10713,9.96,9.96,8467.0,8467.0,,5793.76088,5793.76088,23.371,23.371,19157.0,19157.0,,5825.38352,5825.38352,23.456,23.456,19159.0,19159.0,,704512,meta-llama/Llama-3.2-1B,256,16,8,1
2311.2494,2311.2494,10.23,10.23,8467.0,8467.0,,5965.60715,5965.60715,24.149,24.149,19161.0,19161.0,,6009.0151,6009.0151,24.273,24.273,19163.0,19163.0,,1409024,meta-llama/Llama-3.2-1B,256,16,8,2
2497.0056,2497.0056,10.235,10.235,8473.0,8473.0,,5977.02762,5977.02762,24.215,24.215,19167.0,19167.0,,6039.00868,6039.00868,24.352,24.352,19173.0,19173.0,,2818048,meta-llama/Llama-3.2-1B,256,16,8,4
2469.22358,2469.22358,10.024,10.024,8475.0,8475.0,,5886.55895,5886.55895,23.775,23.775,19181.0,19181.0,,5967.44108,5967.44108,23.932,23.932,19197.0,19197.0,,5636096,meta-llama/Llama-3.2-1B,256,16,8,8
2476.92058,2476.92058,10.023,10.023,8487.0,8487.0,,5883.84713,5883.84713,23.855,23.855,19211.0,19211.0,,5974.91881,5974.91881,24.036,24.036,19251.0,19251.0,,11272192,meta-llama/Llama-3.2-1B,256,16,8,16
2460.76599,2460.76599,10.015,10.015,8507.0,8507.0,,5839.12741,5839.12741,23.607,23.607,19267.0,19267.0,,5999.59866,5999.59866,23.793,23.793,19359.0,19359.0,,22544384,meta-llama/Llama-3.2-1B,256,16,8,32
2471.74815,2471.74815,10.116,10.116,8551.0,8551.0,,5913.88032,5913.88032,23.761,23.761,19383.0,19383.0,,5947.28699,5947.28699,23.97,23.97,19575.0,19575.0,,45088768,meta-llama/Llama-3.2-1B,256,16,8,64
2554.12688,2554.12688,10.274000000000001,10.274000000000001,8637.0,8637.0,,6008.56071,6008.56071,24.258,24.258,21527.0,21527.0,,6128.8605,6128.8605,24.699,24.699,21633.0,21633.0,,90177536,meta-llama/Llama-3.2-1B,256,16,8,128
2579.56873,2579.56873,10.409,10.409,8767.0,8767.0,,6129.45083,6129.45083,24.772,24.772,21769.0,21769.0,,6309.8801300000005,6309.8801300000005,25.339,25.339,22199.0,22199.0,,135266304,meta-llama/Llama-3.2-1B,256,16,8,192
2602.12028,2602.12028,10.515,10.515,8813.0,8813.0,,6209.82487,6209.82487,25.102,25.102,21849.0,21849.0,,6428.8906,6428.8906,25.904,25.904,22297.0,22297.0,,180355072,meta-llama/Llama-3.2-1B,256,16,8,256
2671.06253,2671.06253,10.696,10.696,8915.0,8915.0,,6364.56921,6364.56921,25.654,25.654,21977.0,21977.0,,6610.07075,6610.07075,26.586,26.586,22001.0,22001.0,,225443840,meta-llama/Llama-3.2-1B,256,16,8,320
2669.27158,2669.27158,10.804,10.804,8993.0,8993.0,,6434.09135,6434.09135,25.886,25.886,22099.0,22099.0,,6705.52787,6705.52787,27.032,27.032,22129.0,22129.0,,270532608,meta-llama/Llama-3.2-1B,256,16,8,384
2765.70054,2765.70054,11.147,11.147,9121.0,9121.0,,6751.41238,6751.41238,27.321,27.321,22249.0,22249.0,,7129.47491,7129.47491,28.63,28.63,22287.0,22287.0,,315621376,meta-llama/Llama-3.2-1B,256,16,8,448
2801.0571,2801.0571,11.25,11.25,9113.0,9113.0,,6827.66954,6827.66954,27.539,27.539,22293.0,22293.0,,7209.24105,7209.24105,29.056,29.056,22333.0,22333.0,,360710144,meta-llama/Llama-3.2-1B,256,16,8,512
1570.5446,1570.5446,6.264,6.264,7027.0,7027.0,,4640.73776,4640.73776,18.882,18.882,16959.0,16959.0,,5487.25846,5487.25846,22.299,22.299,19967.0,19967.0,,1235814400,meta-llama/Llama-3.2-1B,256,12,8,-1
1850.6188300000001,1850.6188300000001,7.503,7.503,7085.0,7085.0,,4343.91035,4343.91035,17.547,17.547,15103.0,15103.0,,4367.17819,4367.17819,17.592,17.592,15103.0,15103.0,,704512,meta-llama/Llama-3.2-1B,256,12,8,1
1867.94207,1867.94207,7.579,7.579,7087.0,7087.0,,4456.65174,4456.65174,18.032,18.032,15105.0,15105.0,,4462.41714,4462.41714,18.126,18.126,15109.0,15109.0,,1409024,meta-llama/Llama-3.2-1B,256,12,8,2
1873.93589,1873.93589,7.616,7.616,7091.0,7091.0,,4464.54815,4464.54815,18.13,18.13,15113.0,15113.0,,4489.37723,4489.37723,18.264,18.264,15119.0,15119.0,,2818048,meta-llama/Llama-3.2-1B,256,12,8,4
1865.31884,1865.31884,7.54,7.54,7093.0,7093.0,,4445.5435,4445.5435,17.925,17.925,15127.0,15127.0,,4482.66248,4482.66248,18.069,18.069,15147.0,15147.0,,5636096,meta-llama/Llama-3.2-1B,256,12,8,8
1861.31559,1861.31559,7.542,7.542,7105.0,7105.0,,4443.14624,4443.14624,18.042,18.042,15155.0,15155.0,,4492.35979,4492.35979,18.158,18.158,15201.0,15201.0,,11272192,meta-llama/Llama-3.2-1B,256,12,8,16
1872.57279,1872.57279,7.55,7.55,7125.0,7125.0,,4400.57174,4400.57174,17.776,17.776,15211.0,15211.0,,4446.23192,4446.23192,17.962,17.962,15309.0,15309.0,,22544384,meta-llama/Llama-3.2-1B,256,12,8,32
1878.33312,1878.33312,7.63,7.63,7169.0,7169.0,,4462.16027,4462.16027,17.95,17.95,15321.0,15321.0,,4475.65828,4475.65828,18.177,18.177,15527.0,15527.0,,45088768,meta-llama/Llama-3.2-1B,256,12,8,64
1925.04952,1925.04952,7.774,7.774,7251.0,7251.0,,4478.64763,4478.64763,18.32,18.32,16967.0,16967.0,,4647.7196,4647.7196,18.677,18.677,17081.0,17081.0,,90177536,meta-llama/Llama-3.2-1B,256,12,8,128
1938.00512,1938.00512,7.828,7.828,7385.0,7385.0,,4637.43041,4637.43041,18.522,18.522,17165.0,17165.0,,4744.81106,4744.81106,19.127,19.127,17595.0,17595.0,,135266304,meta-llama/Llama-3.2-1B,256,12,8,192
1960.11198,1960.11198,7.951,7.951,7415.0,7415.0,,4683.16585,4683.16585,18.884,18.884,17253.0,17253.0,,4881.86184,4881.86184,19.63,19.63,17701.0,17701.0,,180355072,meta-llama/Llama-3.2-1B,256,12,8,256
1968.45473,1968.45473,8.129,8.129,7521.0,7521.0,,4805.11754,4805.11754,19.362,19.362,17305.0,17305.0,,5065.43894,5065.43894,20.315,20.315,17331.0,17331.0,,225443840,meta-llama/Llama-3.2-1B,256,12,8,320
2060.98308,2060.98308,8.136,8.136,7595.0,7595.0,,4874.60253,4874.60253,19.614,19.614,17437.0,17437.0,,5159.07506,5159.07506,20.682,20.682,17469.0,17469.0,,270532608,meta-llama/Llama-3.2-1B,256,12,8,384
2058.87021,2058.87021,8.277,8.277,7727.0,7727.0,,4934.81275,4934.81275,20.421,20.421,17593.0,17593.0,,5352.95821,5352.95821,21.563,21.563,17633.0,17632.99302819036,,315621376,meta-llama/Llama-3.2-1B,256,12,8,448
2082.76491,2082.76491,8.345,8.345,7755.0,7755.0,,5189.82927,5189.82927,20.425,20.425,17657.0,17657.0,,5437.14858,5437.14858,21.893,21.893,17699.0,17699.0,,360710144,meta-llama/Llama-3.2-1B,256,12,8,512
1076.65446,1076.65446,4.323,4.323,5633.0,5633.0,,3290.12996,3290.12996,13.29,13.29,13317.0,13317.0,,4123.23384,4123.23384,16.735,16.735,15321.0,15321.0,,1235814400,meta-llama/Llama-3.2-1B,256,8,8,-1
1281.80069,1281.80069,5.201,5.201,5667.0,5667.0,,3026.1424,3026.1424,12.257,12.257,11031.0,11031.0,,3027.60301,3027.60301,12.285,12.285,11033.0,11033.0,,704512,meta-llama/Llama-3.2-1B,256,8,8,1
1295.40304,1295.40304,5.236,5.236,5669.0,5669.0,,3112.31347,3112.31347,12.655,12.655,11033.0,11033.0,,3147.80135,3147.80135,12.74,12.74,11037.0,11037.0,,1409024,meta-llama/Llama-3.2-1B,256,8,8,2
1294.1644900000001,1294.1644900000001,5.275,5.275,5671.0,5671.0,,3124.38675,3124.38675,12.717,12.717,11039.0,11039.0,,3158.23546,3158.23546,12.806000000000001,12.806000000000001,11049.0,11049.0,,2818048,meta-llama/Llama-3.2-1B,256,8,8,4
1284.27163,1284.27163,5.245,5.245,5677.0,5677.0,,3089.41638,3089.41638,12.488,12.488,11053.0,11053.0,,3115.49356,3115.49356,12.58,12.58,11075.0,11075.0,,5636096,meta-llama/Llama-3.2-1B,256,8,8,8
1284.91898,1284.91898,5.235,5.235,5687.0,5687.0,,3116.50295,3116.50295,12.568999999999999,12.568999999999999,11077.0,11077.0,,3131.5895100000002,3131.5895100000002,12.674,12.674,11129.0,11129.0,,11272192,meta-llama/Llama-3.2-1B,256,8,8,16
1282.51466,1282.51466,5.247,5.247,5709.0,5709.0,,3067.72109,3067.72109,12.407,12.407,11127.0,11127.0,,3074.35611,3074.35611,12.533,12.533,11237.0,11237.0,,22544384,meta-llama/Llama-3.2-1B,256,8,8,32
1300.71251,1300.71251,5.301,5.301,5751.0,5751.0,,3108.14122,3108.14122,12.557,12.557,11229.0,11229.0,,3132.50325,3132.50325,12.742,12.742,11453.0,11453.0,,45088768,meta-llama/Llama-3.2-1B,256,8,8,64
1320.06186,1320.06186,5.398,5.398,5853.0,5853.0,,3163.44389,3163.44389,12.826,12.826,12329.0,12329.0,,3244.14723,3244.14723,13.154,13.154,12497.0,12497.0,,90177536,meta-llama/Llama-3.2-1B,256,8,8,128
1339.89488,1339.89488,5.467,5.467,5969.0,5969.0,,3247.31098,3247.31098,13.09,13.09,12565.0,12565.0,,3351.49734,3351.49734,13.571,13.571,12883.0,12883.0,,135266304,meta-llama/Llama-3.2-1B,256,8,8,192
1359.16451,1359.16451,5.507,5.507,6009.0,6009.0,,3259.0092799999998,3259.0092799999998,13.296,13.296,12639.0,12639.0,,3449.81981,3449.81981,13.955,13.955,12977.0,12977.0,,180355072,meta-llama/Llama-3.2-1B,256,8,8,256
1399.0815,1399.0815,5.635,5.635,6115.0,6115.0,,3325.71346,3325.71346,13.606,13.606,12659.0,12659.0,,3589.54567,3589.54567,14.37,14.37,12687.0,12687.0,,225443840,meta-llama/Llama-3.2-1B,256,8,8,320
1409.19466,1409.19466,5.7,5.7,6191.0,6191.0,,3392.9391,3392.9391,13.802,13.802,12771.0,12771.0,,3663.10496,3663.10496,14.735,14.735,13807.0,13807.0,,270532608,meta-llama/Llama-3.2-1B,256,8,8,384
1438.33086,1438.33086,5.852,5.852,6321.0,6321.0,,3564.1956,3564.1956,14.444,14.444,12913.0,12913.0,,3866.49752,3866.49752,15.608,15.608,13961.0,13961.0,,315621376,meta-llama/Llama-3.2-1B,256,8,8,448
1462.48312,1462.48312,5.873,5.873,6329.0,6329.0,,3592.86902,3592.86902,14.552,14.552,12953.0,12953.0,,3923.63467,3923.63467,15.83,15.83,13999.0,13999.0,,360710144,meta-llama/Llama-3.2-1B,256,8,8,512
578.13,578.13,2.358,2.358,4273.0,4273.0,,1841.78896,1841.78896,7.495,7.495,9103.0,9103.0,,2684.62347,2684.62347,10.939,10.939,13149.0,13149.0,,1235814400,meta-llama/Llama-3.2-1B,256,4,8,-1
696.65691,696.65691,2.7960000000000003,2.7960000000000003,4283.0,4283.0,,1625.84648,1625.84648,6.6370000000000005,6.6370000000000005,6981.0,6981.0,,1666.46505,1666.46505,6.782,6.782,6983.0,6983.0,,704512,meta-llama/Llama-3.2-1B,256,4,8,1
715.69781,715.69781,2.894,2.894,4287.0,4287.0,,1743.77085,1743.77085,7.133,7.133,6983.0,6983.0,,1724.30788,1724.30788,7.04,7.04,6987.0,6987.0,,1409024,meta-llama/Llama-3.2-1B,256,4,8,2
716.58726,716.58726,2.883,2.883,4289.0,4289.0,,1720.02726,1720.02726,7.072,7.072,6989.0,6989.0,,1725.76662,1725.76662,7.06,7.06,6997.0,6997.0,,2818048,meta-llama/Llama-3.2-1B,256,4,8,4
708.94319,708.94319,2.859,2.859,4293.0,4293.0,,1690.83963,1690.83963,6.934,6.934,7001.0,7001.0,,1708.3854,1708.3854,7.002,7.002,7023.0,7023.0,,5636096,meta-llama/Llama-3.2-1B,256,4,8,8
705.98744,705.98744,2.839,2.839,4303.0,4303.0,,1707.78103,1707.78103,6.985,6.985,7025.0,7025.0,,1722.99202,1722.99202,7.021,7.021,7077.0,7077.0,,11272192,meta-llama/Llama-3.2-1B,256,4,8,16
709.87722,709.87722,2.871,2.871,4325.0,4325.0,,1681.65842,1681.65842,6.868,6.868,7071.0,7071.0,,1703.54402,1703.54402,6.9719999999999995,6.9719999999999995,7185.0,7185.0,,22544384,meta-llama/Llama-3.2-1B,256,4,8,32
714.11824,714.11824,2.886,2.886,4367.0,4367.0,,1732.07602,1732.07602,7.166,7.166,7163.0,7163.0,,1730.40324,1730.40324,7.085,7.085,7401.0,7401.0,,45088768,meta-llama/Llama-3.2-1B,256,4,8,64
733.10017,733.10017,2.957,2.957,4457.0,4457.0,,1713.83283,1713.83283,7.029,7.029,7739.0,7739.0,,1784.69528,1784.69528,7.29,7.29,7933.0,7933.0,,90177536,meta-llama/Llama-3.2-1B,256,4,8,128
740.00879,740.00879,2.977,2.977,4569.0,4569.0,,1743.09497,1743.09497,7.138,7.138,7909.0,7909.0,,1858.45345,1858.45345,7.564,7.564,8357.0,8357.0,,135266304,meta-llama/Llama-3.2-1B,256,4,8,192
746.4051900000001,746.4051900000001,3.017,3.017,4633.0,4633.0,,1780.1179300000001,1780.1179300000001,7.282,7.282,8013.0,8013.0,,1919.98167,1919.98167,7.814,7.814,8409.0,8409.0,,180355072,meta-llama/Llama-3.2-1B,256,4,8,256
761.7892,761.7892,3.063,3.063,4731.0,4731.0,,1826.25003,1826.25003,7.438,7.438,7999.0,7999.0,,1999.66273,1999.66273,8.146,8.146,8515.0,8515.0,,225443840,meta-llama/Llama-3.2-1B,256,4,8,320
767.27872,767.27872,3.107,3.107,4815.0,4815.0,,1860.62473,1860.62473,7.585,7.585,8607.0,8607.0,,2073.31353,2073.31353,8.412,8.412,9131.0,9131.0,,270532608,meta-llama/Llama-3.2-1B,256,4,8,384
778.90148,778.90148,3.157,3.157,4937.0,4937.0,,1931.86427,1931.86427,7.874,7.874,8739.0,8739.0,,2190.15299,2190.15299,8.901,8.901,9257.0,9257.0,,315621376,meta-llama/Llama-3.2-1B,256,4,8,448
788.13886,788.13886,3.191,3.191,4961.0,4961.0,,1947.82502,1947.82502,7.987,7.987,8777.0,8777.0,,2250.25731,2250.25731,9.125,9.125,9297.0,9297.0,,360710144,meta-llama/Llama-3.2-1B,256,4,8,512
2525.48005,2525.48005,10.16,10.16,9781.0,9781.0,,7477.7637,7477.7637,30.189,30.189,23819.0,23819.0,,8298.538990000001,8298.538990000001,33.686,33.686,26327.0,26327.0,,1235814400,meta-llama/Llama-3.2-1B,256,20,9,-1
3016.2705300000002,3016.2705300000002,12.158,12.158,9835.0,9835.0,,7101.1791,7101.1791,28.522,28.522,23219.0,23219.0,,7119.9060500000005,7119.9060500000005,28.64,28.64,23221.0,23221.0,,704512,meta-llama/Llama-3.2-1B,256,20,9,1
3046.17791,3046.17791,12.274000000000001,12.274000000000001,9837.0,9837.0,,7275.05486,7275.05486,29.289,29.289,23223.0,23223.0,,7290.5443,7290.5443,29.408,29.408,23227.0,23227.0,,1409024,meta-llama/Llama-3.2-1B,256,20,9,2
3056.52424,3056.52424,12.29,12.29,9841.0,9841.0,,7283.74405,7283.74405,29.34,29.34,23231.0,23231.0,,7314.00083,7314.00083,29.499,29.499,23237.0,23237.0,,2818048,meta-llama/Llama-3.2-1B,256,20,9,4
3014.77963,3014.77963,12.133,12.133,9843.0,9843.0,,7127.33923,7127.33923,28.822,28.822,23247.0,23247.0,,7201.18461,7201.18461,28.997,28.997,23259.0,23259.0,,5636096,meta-llama/Llama-3.2-1B,256,20,9,8
3019.87679,3019.87679,12.189,12.189,9855.0,9855.0,,7193.337,7193.337,29.006,29.006,23277.0,23277.0,,7263.71905,7263.71905,29.279,29.279,23313.0,23313.0,,11272192,meta-llama/Llama-3.2-1B,256,20,9,16
3004.2383,3004.2383,12.119,12.119,9877.0,9877.0,,7117.0863,7117.0863,28.722,28.722,23341.0,23341.0,,7191.24221,7191.24221,28.913,28.913,23419.0,23419.0,,22544384,meta-llama/Llama-3.2-1B,256,20,9,32
3053.97605,3053.97605,12.265,12.265,9919.0,9919.0,,7177.31538,7177.31538,28.975,28.975,23467.0,23467.0,,7284.94214,7284.94214,29.317,29.317,23637.0,23637.0,,45088768,meta-llama/Llama-3.2-1B,256,20,9,64
3124.19821,3124.19821,12.545,12.545,10039.0,10039.0,,7332.61398,7332.61398,29.55,29.55,26093.0,26093.0,,7454.1250900000005,7454.1250900000005,29.971,29.971,26311.0,26311.0,,90177536,meta-llama/Llama-3.2-1B,256,20,9,128
3120.87216,3120.87216,12.613,12.613,10117.0,10117.0,,7438.66846,7438.66846,30.014,30.014,26379.0,26379.0,,7664.46329,7664.46329,30.707,30.707,26807.0,26807.0,,135266304,meta-llama/Llama-3.2-1B,256,20,9,192
3126.15502,3126.15502,12.697,12.697,10215.0,10215.0,,7508.58875,7508.58875,30.356,30.356,26477.0,26477.0,,7742.89843,7742.89843,31.197,31.197,26921.0,26921.0,,180355072,meta-llama/Llama-3.2-1B,256,20,9,256
3261.51138,3261.51138,13.13,13.13,10263.0,10263.0,,7789.61222,7789.61222,31.477,31.477,26633.0,26633.0,,8061.0493400000005,8061.0493400000005,32.513,32.513,26653.0,26653.0,,225443840,meta-llama/Llama-3.2-1B,256,20,9,320
3280.28576,3280.28576,13.19,13.19,10385.0,10385.0,,7841.39452,7841.39452,31.669,31.669,26769.0,26769.0,,8123.84911,8123.84911,32.762,32.762,26797.0,26797.0,,270532608,meta-llama/Llama-3.2-1B,256,20,9,384
3337.16205,3337.16205,13.482,13.482,10469.0,10469.0,,8194.26064,8194.26064,33.016,33.016,26935.0,26935.0,,8536.43988,8536.43988,34.467,34.467,26973.0,26973.0,,315621376,meta-llama/Llama-3.2-1B,256,20,9,448
3315.61972,3315.61972,13.541,13.541,10509.0,10509.0,,8256.14371,8256.14371,33.255,33.255,27007.0,27007.0,,8648.83415,8648.83415,34.86,34.86,27043.0,27042.443814055638,,360710144,meta-llama/Llama-3.2-1B,256,20,9,512
2086.07372,2086.07372,8.367,8.367,8401.0,8401.0,,6142.70659,6142.70659,24.882,24.882,21633.0,21633.0,,6987.14126,6987.14126,28.343,28.343,23637.0,23637.0,,1235814400,meta-llama/Llama-3.2-1B,256,16,9,-1
2474.68885,2474.68885,9.983,9.983,8467.0,8467.0,,5798.84089,5798.84089,23.406,23.406,19157.0,19157.0,,5827.76502,5827.76502,23.463,23.463,19159.0,19159.0,,704512,meta-llama/Llama-3.2-1B,256,16,9,1
2524.19859,2524.19859,10.147,10.147,8467.0,8467.0,,5982.70494,5982.70494,24.136,24.136,19161.0,19161.0,,6028.15287,6028.15287,24.292,24.292,19163.0,19163.0,,1409024,meta-llama/Llama-3.2-1B,256,16,9,2
2353.03979,2353.03979,10.206,10.206,8473.0,8473.0,,5992.98151,5992.98151,24.236,24.236,19167.0,19167.0,,6026.44725,6026.44725,24.332,24.332,19173.0,19173.0,,2818048,meta-llama/Llama-3.2-1B,256,16,9,4
2469.2052,2469.2052,9.996,9.996,8475.0,8475.0,,5875.54712,5875.54712,23.723,23.723,19181.0,19181.0,,5979.48761,5979.48761,23.875,23.875,19197.0,19197.0,,5636096,meta-llama/Llama-3.2-1B,256,16,9,8
2464.1522,2464.1522,10.024,10.024,8487.0,8487.0,,5873.28937,5873.28937,23.865,23.865,19211.0,19211.0,,5959.99445,5959.99445,24.008,24.008,19251.0,19251.0,,11272192,meta-llama/Llama-3.2-1B,256,16,9,16
2498.64635,2498.64635,10.043,10.043,8507.0,8507.0,,5856.09509,5856.09509,23.63,23.63,19267.0,19267.0,,5940.82291,5940.82291,23.842,23.842,19359.0,19359.0,,22544384,meta-llama/Llama-3.2-1B,256,16,9,32
2467.47609,2467.47609,10.109,10.109,8551.0,8551.0,,5833.2761,5833.2761,23.618,23.618,19383.0,19383.0,,5960.07334,5960.07334,24.051,24.051,19575.0,19575.0,,45088768,meta-llama/Llama-3.2-1B,256,16,9,64
2600.11492,2600.11492,10.296,10.296,8637.0,8637.0,,6013.68256,6013.68256,24.334,24.334,21527.0,21527.0,,6159.70729,6159.70729,24.831,24.831,21633.0,21633.0,,90177536,meta-llama/Llama-3.2-1B,256,16,9,128
2600.24689,2600.24689,10.459,10.459,8767.0,8767.0,,6157.55954,6157.55954,24.83,24.83,21769.0,21769.0,,6302.35729,6302.35729,25.444,25.444,22199.0,22199.0,,135266304,meta-llama/Llama-3.2-1B,256,16,9,192
2617.3284,2617.3284,10.526,10.526,8813.0,8813.0,,6213.92314,6213.92314,25.118,25.118,21849.0,21849.0,,6455.6888500000005,6455.6888500000005,25.953,25.953,22297.0,22297.0,,180355072,meta-llama/Llama-3.2-1B,256,16,9,256
2645.27729,2645.27729,10.693999999999999,10.693999999999999,8915.0,8915.0,,6380.99831,6380.99831,25.669,25.669,21977.0,21977.0,,6617.35891,6617.35891,26.568,26.568,22001.0,22001.0,,225443840,meta-llama/Llama-3.2-1B,256,16,9,320
2698.53046,2698.53046,10.787,10.787,8993.0,8993.0,,6401.57545,6401.57545,25.847,25.847,22099.0,22099.0,,6692.7277,6692.7277,26.942,26.942,22129.0,22129.0,,270532608,meta-llama/Llama-3.2-1B,256,16,9,384
2745.27268,2745.27268,11.11,11.11,9121.0,9121.0,,6738.22875,6738.22875,27.218,27.218,22249.0,22249.0,,7088.56431,7088.56431,28.568,28.568,22287.0,22287.0,,315621376,meta-llama/Llama-3.2-1B,256,16,9,448
2783.98781,2783.98781,11.221,11.221,9113.0,9113.0,,6786.65773,6786.65773,27.429,27.429,22293.0,22293.0,,7186.29889,7186.29889,28.958,28.958,22333.0,22333.0,,360710144,meta-llama/Llama-3.2-1B,256,16,9,512
1558.44616,1558.44616,6.255,6.255,7027.0,7027.0,,4659.66871,4659.66871,18.862,18.862,16959.0,16959.0,,5503.63948,5503.63948,22.313,22.313,19967.0,19967.0,,1235814400,meta-llama/Llama-3.2-1B,256,12,9,-1
1858.5597500000001,1858.5597500000001,7.498,7.498,7085.0,7085.0,,4336.20837,4336.20837,17.539,17.539,15103.0,15103.0,,4380.71281,4380.71281,17.631,17.631,15103.0,15103.0,,704512,meta-llama/Llama-3.2-1B,256,12,9,1
1882.36539,1882.36539,7.603,7.603,7087.0,7087.0,,4476.75964,4476.75964,18.092,18.092,15105.0,15105.0,,4489.7438,4489.7438,18.18,18.18,15109.0,15109.0,,1409024,meta-llama/Llama-3.2-1B,256,12,9,2
1873.08582,1873.08582,7.624,7.624,7091.0,7091.0,,4507.38753,4507.38753,18.147,18.147,15113.0,15113.0,,4434.98958,4434.98958,18.287,18.287,15119.0,15119.0,,2818048,meta-llama/Llama-3.2-1B,256,12,9,4
1852.37143,1852.37143,7.506,7.506,7093.0,7093.0,,4369.85542,4369.85542,17.859,17.859,15127.0,15127.0,,4449.23294,4449.23294,17.978,17.978,15147.0,15147.0,,5636096,meta-llama/Llama-3.2-1B,256,12,9,8
1867.45379,1867.45379,7.503,7.503,7105.0,7105.0,,4440.71401,4440.71401,17.997,17.997,15155.0,15155.0,,4466.16506,4466.16506,18.166,18.166,15201.0,15201.0,,11272192,meta-llama/Llama-3.2-1B,256,12,9,16
1869.04831,1869.04831,7.54,7.54,7125.0,7125.0,,4382.75791,4382.75791,17.761,17.761,15211.0,15211.0,,4401.01656,4401.01656,17.889,17.889,15309.0,15309.0,,22544384,meta-llama/Llama-3.2-1B,256,12,9,32
1876.94089,1876.94089,7.587,7.587,7169.0,7169.0,,4438.86214,4438.86214,17.89,17.89,15321.0,15321.0,,4493.2581,4493.2581,18.172,18.172,15527.0,15527.0,,45088768,meta-llama/Llama-3.2-1B,256,12,9,64
1912.8979,1912.8979,7.772,7.772,7251.0,7251.0,,4490.86493,4490.86493,18.316,18.316,16967.0,16967.0,,4666.79013,4666.79013,18.676,18.676,17081.0,17081.0,,90177536,meta-llama/Llama-3.2-1B,256,12,9,128
1943.89132,1943.89132,7.808,7.808,7385.0,7385.0,,4631.60567,4631.60567,18.474,18.474,17165.0,17165.0,,4753.72977,4753.72977,19.078,19.078,17595.0,17595.0,,135266304,meta-llama/Llama-3.2-1B,256,12,9,192
1963.29962,1963.29962,7.9399999999999995,7.9399999999999995,7415.0,7415.0,,4687.3874,4687.3874,18.864,18.864,17253.0,17253.0,,4871.19864,4871.19864,19.586,19.586,17701.0,17701.0,,180355072,meta-llama/Llama-3.2-1B,256,12,9,256
1952.16339,1952.16339,8.181,8.181,7521.0,7521.0,,4771.66313,4771.66313,19.36,19.36,17305.0,17305.0,,5036.76868,5036.76868,20.253,20.253,17331.0,17331.0,,225443840,meta-llama/Llama-3.2-1B,256,12,9,320
2063.23238,2063.23238,8.155,8.155,7595.0,7595.0,,4859.89096,4859.89096,19.597,19.597,17437.0,17437.0,,5140.62565,5140.62565,20.656,20.656,17469.0,17469.0,,270532608,meta-llama/Llama-3.2-1B,256,12,9,384
2060.31244,2060.31244,8.277,8.277,7727.0,7727.0,,5042.15006,5042.15006,20.388,20.388,17593.0,17593.0,,5369.18996,5369.18996,21.662,21.662,17633.0,17633.0,,315621376,meta-llama/Llama-3.2-1B,256,12,9,448
2089.61016,2089.61016,8.38,8.38,7755.0,7755.0,,5112.37598,5112.37598,20.59,20.59,17657.0,17657.0,,5459.58852,5459.58852,22.033,22.033,17699.0,17699.0,,360710144,meta-llama/Llama-3.2-1B,256,12,9,512
1080.12074,1080.12074,4.324,4.324,5633.0,5633.0,,3304.13876,3304.13876,13.352,13.352,13317.0,13317.0,,4120.85237,4120.85237,16.798000000000002,16.798000000000002,15321.0,15321.0,,1235814400,meta-llama/Llama-3.2-1B,256,8,9,-1
1283.32467,1283.32467,5.185,5.185,5667.0,5667.0,,3007.0756499999998,3007.0756499999998,12.158,12.158,11031.0,11031.0,,3037.3806,3037.3806,12.295,12.295,11033.0,11033.0,,704512,meta-llama/Llama-3.2-1B,256,8,9,1
1307.5478,1307.5478,5.299,5.299,5669.0,5669.0,,3126.48077,3126.48077,12.736,12.736,11033.0,11033.0,,3158.9594700000002,3158.9594700000002,12.779,12.779,11037.0,11037.0,,1409024,meta-llama/Llama-3.2-1B,256,8,9,2
1305.66958,1305.66958,5.287,5.287,5671.0,5671.0,,3122.1766900000002,3122.1766900000002,12.689,12.689,11039.0,11039.0,,3121.31384,3121.31384,12.747,12.747,11049.0,11049.0,,2818048,meta-llama/Llama-3.2-1B,256,8,9,4
1287.29809,1287.29809,5.234,5.234,5677.0,5677.0,,3076.36987,3076.36987,12.478,12.478,11053.0,11053.0,,3093.15207,3093.15207,12.584,12.584,11075.0,11075.0,,5636096,meta-llama/Llama-3.2-1B,256,8,9,8
1283.28933,1283.28933,5.208,5.208,5687.0,5687.0,,3112.3737,3112.3737,12.607,12.607,11077.0,11077.0,,3130.50622,3130.50622,12.672,12.672,11129.0,11129.0,,11272192,meta-llama/Llama-3.2-1B,256,8,9,16
1295.9589,1295.9589,5.244,5.244,5709.0,5709.0,,3062.11575,3062.11575,12.413,12.413,11127.0,11127.0,,3097.43301,3097.43301,12.554,12.554,11237.0,11237.0,,22544384,meta-llama/Llama-3.2-1B,256,8,9,32
1301.69321,1301.69321,5.303,5.303,5751.0,5751.0,,3087.66942,3087.66942,12.557,12.557,11229.0,11229.0,,3138.3931000000002,3138.3931000000002,12.752,12.752,11453.0,11453.0,,45088768,meta-llama/Llama-3.2-1B,256,8,9,64
1314.68108,1314.68108,5.369,5.369,5853.0,5853.0,,3156.42226,3156.42226,12.776,12.776,12329.0,12329.0,,3257.56739,3257.56739,13.182,13.182,12497.0,12497.0,,90177536,meta-llama/Llama-3.2-1B,256,8,9,128
1348.68322,1348.68322,5.476,5.476,5969.0,5969.0,,3225.89756,3225.89756,13.122,13.122,12565.0,12565.0,,3364.61442,3364.61442,13.626,13.626,12883.0,12883.0,,135266304,meta-llama/Llama-3.2-1B,256,8,9,192
1356.09783,1356.09783,5.527,5.527,6009.0,6009.0,,3262.0255700000002,3262.0255700000002,13.303,13.303,12639.0,12639.0,,3453.40349,3453.40349,13.951,13.951,12977.0,12977.0,,180355072,meta-llama/Llama-3.2-1B,256,8,9,256
1386.04752,1386.04752,5.629,5.629,6115.0,6115.0,,3316.67297,3316.67297,13.586,13.586,12659.0,12658.992198927352,,3586.59425,3586.59425,14.36,14.36,12687.0,12687.0,,225443840,meta-llama/Llama-3.2-1B,256,8,9,320
1407.8315,1407.8315,5.68,5.68,6191.0,6191.0,,3399.12692,3399.12692,13.791,13.791,12771.0,12771.0,,3661.53561,3661.53561,14.747,14.747,13807.0,13807.0,,270532608,meta-llama/Llama-3.2-1B,256,8,9,384
1439.69081,1439.69081,5.852,5.852,6321.0,6321.0,,3570.91642,3570.91642,14.44,14.44,12913.0,12913.0,,3855.04584,3855.04584,15.623,15.623,13961.0,13961.0,,315621376,meta-llama/Llama-3.2-1B,256,8,9,448
1452.97851,1452.97851,5.888,5.888,6329.0,6329.0,,3612.68236,3612.68236,14.607,14.607,12953.0,12953.0,,3942.93515,3942.93515,15.877,15.877,13999.0,13999.0,,360710144,meta-llama/Llama-3.2-1B,256,8,9,512
580.1727,580.1727,2.356,2.356,4273.0,4273.0,,1835.77872,1835.77872,7.507,7.507,9103.0,9103.0,,2666.34205,2666.34205,10.911,10.911,13149.0,13149.0,,1235814400,meta-llama/Llama-3.2-1B,256,4,9,-1
697.42492,697.42492,2.798,2.798,4283.0,4283.0,,1709.60347,1709.60347,7.039,7.039,6981.0,6981.0,,1641.78612,1641.78612,6.662,6.662,6983.0,6983.0,,704512,meta-llama/Llama-3.2-1B,256,4,9,1
715.13356,715.13356,2.9,2.9,4287.0,4287.0,,1772.9556,1772.9556,7.349,7.349,6983.0,6983.0,,1780.70822,1780.70822,7.309,7.309,6987.0,6987.0,,1409024,meta-llama/Llama-3.2-1B,256,4,9,2
728.63036,728.63036,2.899,2.899,4289.0,4289.0,,1725.42229,1725.42229,7.098,7.098,6989.0,6989.0,,1741.32098,1741.32098,7.155,7.155,6997.0,6997.0,,2818048,meta-llama/Llama-3.2-1B,256,4,9,4
707.33945,707.33945,2.857,2.857,4293.0,4293.0,,1676.51099,1676.51099,6.846,6.846,7001.0,7001.0,,1738.27137,1738.27137,7.125,7.125,7023.0,7023.0,,5636096,meta-llama/Llama-3.2-1B,256,4,9,8
709.83965,709.83965,2.865,2.865,4303.0,4303.0,,1745.06328,1745.06328,7.149,7.149,7025.0,7025.0,,1713.49651,1713.49651,6.9879999999999995,6.9879999999999995,7077.0,7077.0,,11272192,meta-llama/Llama-3.2-1B,256,4,9,16
711.34905,711.34905,2.862,2.862,4325.0,4325.0,,1774.37952,1774.37952,7.415,7.415,7071.0,7071.0,,1714.67192,1714.67192,7.021,7.021,7185.0,7185.0,,22544384,meta-llama/Llama-3.2-1B,256,4,9,32
714.12818,714.12818,2.885,2.885,4367.0,4367.0,,1689.05222,1689.05222,6.856,6.856,7163.0,7163.0,,1737.78957,1737.78957,7.14,7.14,7401.0,7401.0,,45088768,meta-llama/Llama-3.2-1B,256,4,9,64
725.70575,725.70575,2.953,2.953,4457.0,4457.0,,1876.2237,1876.2237,7.84,7.84,7739.0,7739.0,,1981.21484,1981.21484,8.185,8.185,7933.0,7933.0,,90177536,meta-llama/Llama-3.2-1B,256,4,9,128
740.24038,740.24038,2.971,2.971,4569.0,4569.0,,1771.6095599999999,1771.6095599999999,7.223,7.223,7909.0,7909.0,,1889.98263,1889.98263,7.648,7.648,8357.0,8357.0,,135266304,meta-llama/Llama-3.2-1B,256,4,9,192
745.20744,745.20744,3.01,3.01,4633.0,4633.0,,1797.83233,1797.83233,7.358,7.358,8013.0,8013.0,,1919.7453,1919.7453,7.812,7.812,8409.0,8409.0,,180355072,meta-llama/Llama-3.2-1B,256,4,9,256
757.91519,757.91519,3.075,3.075,4731.0,4731.0,,1824.82105,1824.82105,7.441,7.441,7999.0,7999.0,,1993.76737,1993.76737,8.158,8.158,8515.0,8515.0,,225443840,meta-llama/Llama-3.2-1B,256,4,9,320
773.9036600000001,773.9036600000001,3.1189999999999998,3.1189999999999998,4815.0,4815.0,,1860.37188,1860.37188,7.574,7.574,8607.0,8607.0,,2080.80317,2080.80317,8.424,8.424,9131.0,9131.0,,270532608,meta-llama/Llama-3.2-1B,256,4,9,384
778.66505,778.66505,3.133,3.133,4937.0,4937.0,,1933.76579,1933.76579,7.859,7.859,8739.0,8739.0,,2186.43132,2186.43132,8.871,8.871,9257.0,9257.0,,315621376,meta-llama/Llama-3.2-1B,256,4,9,448
786.04483,786.04483,3.183,3.183,4961.0,4961.0,,1950.0885,1950.0885,7.977,7.977,8777.0,8777.0,,2247.81398,2247.81398,9.112,9.112,9297.0,9297.0,,360710144,meta-llama/Llama-3.2-1B,256,4,9,512
