nlayer,dataset,epoch_max_mean,epoch_max_sem,epoch_min_mean,epoch_min_sem,global_step_max_mean,global_step_max_sem,global_step_min_mean,global_step_min_sem,num_train_steps_max_mean,num_train_steps_max_sem,num_train_steps_min_mean,num_train_steps_min_sem,train_loss_max_mean,train_loss_max_sem,train_loss_min_mean,train_loss_min_sem,OneHotClassificationMetrics_accuracy_max_mean,OneHotClassificationMetrics_accuracy_max_sem,OneHotClassificationMetrics_accuracy_min_mean,OneHotClassificationMetrics_accuracy_min_sem,OneHotClassificationMetrics_precision_max_mean,OneHotClassificationMetrics_precision_max_sem,OneHotClassificationMetrics_precision_min_mean,OneHotClassificationMetrics_precision_min_sem,OneHotClassificationMetrics_recall_max_mean,OneHotClassificationMetrics_recall_max_sem,OneHotClassificationMetrics_recall_min_mean,OneHotClassificationMetrics_recall_min_sem,OneHotClassificationMetrics_f1_score_max_mean,OneHotClassificationMetrics_f1_score_max_sem,OneHotClassificationMetrics_f1_score_min_mean,OneHotClassificationMetrics_f1_score_min_sem,OneHotClassificationMetrics_mcc_max_mean,OneHotClassificationMetrics_mcc_max_sem,OneHotClassificationMetrics_mcc_min_mean,OneHotClassificationMetrics_mcc_min_sem,train_energy_mean,train_energy_sem,total_energy_mean,total_energy_sem,train_time_mean,train_time_sem,total_time_mean,total_time_sem,total_flops_mean,total_flops_sem,BleuScore_bleu_max_mean,BleuScore_bleu_max_sem,BleuScore_bleu_min_mean,BleuScore_bleu_min_sem,NistScore_nist_max_mean,NistScore_nist_max_sem,NistScore_nist_min_mean,NistScore_nist_min_sem,RougeScore_rouge1_max_mean,RougeScore_rouge1_max_sem,RougeScore_rouge1_min_mean,RougeScore_rouge1_min_sem,RougeScore_rouge2_max_mean,RougeScore_rouge2_max_sem,RougeScore_rouge2_min_mean,RougeScore_rouge2_min_sem,RougeScore_rougeL_max_mean,RougeScore_rougeL_max_sem,RougeScore_rougeL_min_mean,RougeScore_rougeL_min_sem,RougeScore_rougeLsum_max_mean,RougeScore_rougeLsum_max_sem,RougeScore_rougeLsum_min_mean,RougeScore_rougeLsum_min_sem,MeteorScore_meteor_max_mean,MeteorScore_meteor_max_sem,MeteorScore_meteor_min_mean,MeteorScore_meteor_min_sem,current_output_max_mean,current_output_max_sem,current_output_min_mean,current_output_min_sem
1,allenai_task219_rocstories_title_answer_generation,3.0000000000000893,0.0,0.0,0.0,2190.0,0.0,0.0,0.0,2190.0,0.0,2190.0,0.0,1.4131553967793782,0.010448234798875574,0.9619437456130981,0.008942389640336862,,,,,,,,,,,,,,,,,,,,,17217.388949135333,268.4467021667059,66706.17452949799,2647.83505064264,64.19569066666666,2.6142163353974954,674.7717023333333,102.7998393213182,7198749497897088.0,,7.839973841191449e-05,1.952651821697731e-05,0.0,0.0,0.2101148413831906,0.017740534049758915,0.019028062987139934,0.00015779160086506,0.1111271354156055,0.002008190761616926,0.0347434239943717,0.00023583201924091464,0.024294411231737232,0.0014518399797918695,0.007203831406229833,8.220779325471874e-05,0.11054985426912285,0.0019053996849295533,0.033146554105277864,0.00021396403534139214,0.11043464562334089,0.0018594338928896847,0.03385958455544436,0.0002700821300467316,0.11447506759345023,0.0037862802289774606,0.07935428945218033,0.0006423399390259383,,,,
1,allenai_task288_gigaword_summarization,5.000000000000068,0.0,0.0,0.0,1080.0,0.0,0.0,0.0,1080.0,0.0,1080.0,0.0,3.211408853530884,0.0059382921256191205,1.9825300772984822,0.013276538796832918,,,,,,,,,,,,,,,,,,,,,7373.241464996,107.91192448391294,25435.379129109002,1210.5212275164397,30.948282000000003,0.9357741882876089,283.54004633333335,19.257619766047455,2972373780333200.0,,0.0151955329305132,0.0029797747745572726,0.0009405669089444666,0.0003818466438600574,0.7249091603852967,0.02675695186901492,0.16018724889782202,0.0009596840758181555,0.1116512894065367,0.0009000348612336731,0.08718867878588331,0.0008670247469549236,0.025551251832557065,0.00020640159845879507,0.021293077157356535,0.00021460427771104236,0.10025674617286197,0.0006852208547152075,0.07459094291437733,0.0010305701842353268,0.10051380059840337,0.0006865942570732568,0.07722502642826418,0.0006680609164068202,0.1401544161611862,0.002282806194578217,0.09431789432853772,0.005775173663924903,,,,
1,alpaca_mmlu,0.9999999999999222,0.0,0.0,0.0,6376.0,0.0,0.0,0.0,6376.0,0.0,6376.0,0.0,1.530414303143819,0.01507756067856425,1.530414303143819,0.01507756067856425,,,,,,,,,,,,,,,,,,,,,157028.50464760567,1437.0440400501261,264198.97772798996,580.3547588724559,551.3791006666667,4.05673892282297,1357.3285106666665,7.856056871538548,3.135581957920067e+16,,0.06607880663974797,0.0007089727207421063,0.05378351079723196,0.0004288230789850357,1.7494053120730158,0.031840428060680805,1.5095646651187717,0.0007573886277899945,0.2893675707918188,0.002205516676542882,0.2857250764125841,0.002007599488900008,0.10936835514285743,0.00108461357562574,0.10725631338695663,0.0008182208019690398,0.2178676913316797,0.0017780178189116904,0.21055660733878379,0.0016346038845577305,0.2370569151745191,0.001712233453334657,0.2351762017916533,0.0014799827184680278,0.28853505283541353,0.0009932384656985505,0.25416387064687124,0.001871811866652302,,,,
1,arc_challenge,7.999999999999974,0.0,0.0,0.0,560.0,0.0,0.0,0.0,560.0,0.0,560.0,0.0,0.621297279993693,0.05624622781517587,0.43864572048187256,0.0006608928588611795,0.269788182831661,0.00401956663931325,0.1872909698996655,0.0,,,,,,,,,,,,,,,,,7450.837398831333,122.15889083888165,10190.788725621334,176.70235244782444,29.587504,0.4963085489158932,39.74830133333333,1.2385740734713617,3345331792534528.0,,,,,,,,,,,,,,,,,,,,,,,,,,,,,,,,,
1,arc_easy,1.000000000000001,0.0,0.0,0.0,141.0,0.0,0.0,0.0,141.0,0.0,141.0,0.0,0.47788307070732117,0.027723042111932484,0.47788307070732117,0.027723042111932484,0.2473684210526315,0.0,0.2228070175438596,0.005639561848533895,,,,,,,,,,,,,,,,,1626.1729952530002,23.412217338746775,2685.0009362066667,164.39428688693434,6.749168999999999,0.04316382009661906,12.090159666666667,1.6988947495810653,750491406566304.0,,,,,,,,,,,,,,,,,,,,,,,,,,,,,,,,,
1,boolq,2.999999999999861,0.0,0.0,0.0,3537.0,0.0,0.0,0.0,3537.0,0.0,3537.0,0.0,0.25406128168106074,0.00948598705654357,0.189494714140892,0.004821903521364583,0.6214067278287462,0.0017026802332813608,0.6132517838939857,0.002157595360705098,0.6676788254736676,0.0021389902488990454,0.6243670886075949,0.0,0.9704869650762419,0.0,0.7655353336612559,0.012186197196958203,0.7598690544964376,0.0,0.7131735149544931,0.005518498018858532,0.14948311647634674,0.007501371447540268,0.0293381270235792,0.0,51335.30697707733,488.90946227909,75339.31209546434,653.202647236853,205.262773,2.199380692450115,292.93956333333335,3.931977121732025,2.291699371231853e+16,,,,,,,,,,,,,,,,,,,,,,,,,,,,,,,,,
1,glue_cola,3.0000000000000324,0.0,0.0,0.0,1605.0,0.0,0.0,0.0,,,,,0.1953387906153997,0.011528550478397133,0.15441944201787308,0.004626803453606988,0.7139661233620965,0.0016911162103320824,0.6001917545541706,0.0,0.7099614432390352,0.0021994464540064343,0.6849148418491483,0.0,0.9958391123439667,0.0008007632027595361,0.7808599167822469,0.0,0.8273227090115145,0.0004319549282353837,0.729747245625405,0.0,0.21330619910034476,0.006288284392217032,-0.026552650791889603,0.0,16831.288722097666,274.3547905370919,20867.886092361663,99.65557913116268,63.021414666666665,0.9989516328985987,74.23318933333333,0.03151901386641784,3138934114899744.0,,,,,,,,,,,,,,,,,,,,,,,,,,,,,,,,,
1,glue_mnli_matched,0.9999999999997308,0.0,0.0,0.0,24544.0,0.0,0.0,0.0,,,,,0.254808376232783,0.014944046689537431,0.254808376232783,0.014944046689537431,0.5709967736457803,0.0038681975933091348,0.3496688741721854,0.0,,,,,,,,,,,,,,,,,563888.4874033836,9201.871079908635,735885.1436912273,8999.907706048987,1698.3614853333336,9.643410736586132,1984.7136333333335,58.0250159044409,1.3732659850870774e+17,,,,,,,,,,,,,,,,,,,,,,,,,,,,,,,,,
1,glue_mnli_mismatched,0.9999999999997308,0.0,0.0,0.0,24544.0,0.0,0.0,0.0,,,,,0.254808376232783,0.014944046689537431,0.254808376232783,0.014944046689537431,0.5763493355031191,0.0060941350613533665,0.3331977217249796,0.0,,,,,,,,,,,,,,,,,563888.4874033836,9201.871079908635,735885.1436912273,8999.907706048987,1698.3614853333336,9.643410736586132,1984.7136333333335,58.0250159044409,1.3732659850870774e+17,,,,,,,,,,,,,,,,,,,,,,,,,,,,,,,,,
1,glue_mrpc,9.99999999999974,0.0,0.0,0.0,2300.0,0.0,0.0,0.0,,,,,0.279819518327713,0.010817834174876374,0.12428765495618181,0.009652036839228155,0.7001633986928105,0.001633986928104611,0.3848039215686274,0.0,0.7333047333047333,0.005523360855041027,0.6111111111111112,0.0,0.9737156511350059,0.003160993203183465,0.2759856630824372,0.0,0.8129136981256057,0.0017386840119949832,0.3802469135802469,0.0,0.21206046391836741,0.014885445629460467,-0.1045279693589734,0.0,57457.12936775133,262.1216798374877,65891.32577122499,420.2513331964918,204.589194,1.531286734440792,226.52274233333333,0.4586047093392157,1.159805148094336e+16,,,,,,,,,,,,,,,,,,,,,,,,,,,,,,,,,
1,glue_qnli,1.000000000000267,0.0,0.0,0.0,13093.0,0.0,0.0,0.0,13093.0,0.0,13093.0,0.0,0.13074502845605215,0.002487145016976307,0.13074502845605215,0.002487145016976307,0.6567209713832448,0.00771298244936725,0.4949661358228079,0.0,1.0,0.0,0.8093019833095889,0.0027963578555679934,0.4198961728842206,0.022087836051728645,0.0007243752263672,0.0,0.5521534407904635,0.018396749756587862,0.0014477017734346,0.0,0.3622662398492409,0.01077695187023855,0.0189316461535685,0.0,180771.3587316003,2381.2436681784334,209851.08134100298,324.20712382224804,652.1919373333334,8.299788150331054,715.0565876666666,4.236009953951172,3.4983692476336624e+16,,,,,,,,,,,,,,,,,,,,,,,,,,,,,,,,,
1,glue_qqp,0.9999999999999862,0.0,0.0,0.0,45481.0,0.0,0.0,0.0,45481.0,0.0,45481.0,0.0,0.21562323967615757,0.011334534107555996,0.21562323967615757,0.011334534107555996,0.78850688432682,0.0027095359902130902,0.5375463764531289,0.0,0.7899790755712228,0.005094089947875943,0.3449397982427595,0.0,0.5800470272085992,0.01549064552151116,0.2848505206583809,0.0,0.6685853494846885,0.008566417112114554,0.312028553556316,0.0,0.5322266868781605,0.00636857232032442,-0.0318303717947929,0.0,477162.08229804435,16011.260036281641,622310.9408469656,10104.538858233724,1857.1987126666666,109.51252812327606,2179.5174853333333,102.55293408297811,8.541766169316656e+16,,,,,,,,,,,,,,,,,,,,,,,,,,,,,,,,,
1,glue_rte,10.000000000000243,0.0,0.0,0.0,1560.0,0.0,0.0,0.0,1560.0,0.0,1560.0,0.0,0.27761679887771606,0.007604023484190504,0.1773617366949717,0.007092817771356809,0.5740072202166066,0.002084297000684551,0.5186522262334536,0.0012033694344163273,0.5864454499748617,0.033882583971267595,0.0,0.0,0.6793893129770993,0.028900296925192217,0.0,0.0,0.5903098392463534,0.007437150279465733,0.0,0.0,0.14717144181537015,0.006836519284023131,-0.024358092999933367,0.012279359213049689,69311.23398943701,550.6612268529706,78489.70289056667,303.58883263997757,244.43428866666667,1.1433870862010944,271.176186,1.8696017238124099,1.460896937178976e+16,,,,,,,,,,,,,,,,,,,,,,,,,,,,,,,,,
1,glue_sst2,0.9999999999999373,0.0,0.0,0.0,4210.0,0.0,0.0,0.0,,,,,0.0683938823640346,0.006151278126302885,0.0683938823640346,0.006151278126302885,0.849388379204893,0.0013782688361865102,0.6032110091743119,0.0,0.8494722032410399,0.009568418090335507,0.5698005698005698,0.0,0.9009009009009009,0.0,0.8566066066066066,0.013904098481570678,0.8527049169125206,0.002590028136104323,0.6980802792321118,0.0,0.6991947177407455,0.002626493413525632,0.24643816888916628,0.0,62541.85651641467,686.5097939043945,68495.80218504833,235.4635454741525,227.53079633333334,2.4215495172180166,235.59377733333335,0.6836022152115302,1.2504360689821616e+16,,,,,,,,,,,,,,,,,,,,,,,,,,,,,,,,,
1,hellaswag,2.999999999999721,0.0,0.0,0.0,14967.0,0.0,0.0,0.0,14967.0,0.0,14967.0,0.0,0.49933597445487976,0.006432499987920819,0.4131387174129486,0.01521504000117468,0.2534355706034654,0.0,0.24682998074752702,0.0015236695767813383,,,,,,,,,,,,,,,,,239026.07640165367,2458.4176955666876,338591.42657491233,1250.9391516392102,777.0171286666667,13.861367097175355,1017.650628,9.307416188518756,8.931101406642619e+16,,,,,,,,,,,,,,,,,,,,,,,,,,,,,,,,,
1,piqa,3.000000000000148,0.0,0.0,0.0,6045.0,0.0,0.0,0.0,6045.0,0.0,6045.0,0.0,0.24194722374280286,0.012330588177098279,0.20695314804712928,0.0041249740779012055,0.5077983315197679,0.002671548760002947,0.4967355821545158,0.0,1.0,0.0,0.5063962118055861,0.0014330542419743115,0.26077586206896547,0.020053915017540037,0.0032327586206896005,0.0,0.34699868639876635,0.017609504371265128,0.006444683136412399,0.0,0.0400395604427795,0.0,0.0017172325081504334,0.001602277716420166,56030.61257431967,618.8278425213718,69283.58520133099,1017.3553769663073,227.94673533333332,4.217069492759571,266.33436,3.2580670373784555,2.323330435353389e+16,,,,,,,,,,,,,,,,,,,,,,,,,,,,,,,,,
2,allenai_task219_rocstories_title_answer_generation,2.9999999999999285,0.0,0.0,0.0,2181.0,0.0,0.0,0.0,2181.0,0.0,2181.0,0.0,1.1934974193572998,0.023930659648408268,0.7094757954279581,0.00862297726870186,,,,,,,,,,,,,,,,,,,,,19071.61581967933,201.73171125637992,68103.26782554599,1669.8732074170696,74.13267766666667,2.1763731036877543,706.7289693333333,100.19085610707427,7444640537096448.0,,0.0048637778127663634,0.002596454172100505,6.202874675556667e-05,6.202874675556667e-05,0.2391658914843585,0.02662356664276645,0.020894238355122968,0.00047112723232994484,0.1640811460479926,0.00259706424481275,0.035978445699167604,0.0005352334154760603,0.0435992316890455,0.0016512064154573015,0.0072324313435115665,0.0005181635959209087,0.16362817995723516,0.0026878808262772226,0.03458346474823893,0.0007004329692886214,0.1636876489206913,0.0027125946074086542,0.0350398390913901,0.0006497650329591759,0.1580921472479892,0.0025687775551227645,0.0803320869573555,0.00041972705249897945,,,,
2,allenai_task288_gigaword_summarization,5.000000000000068,0.0,0.0,0.0,1080.0,0.0,0.0,0.0,1080.0,0.0,1080.0,0.0,2.519791762034098,0.01627470255830977,1.5821517705917358,0.014892001253165294,,,,,,,,,,,,,,,,,,,,,8162.658054753665,50.93401639093267,23547.21016726267,312.3080006393155,35.39072566666667,0.538205304345327,251.64456466666664,12.131722492721098,3085125871274480.0,,0.02057564194614697,0.0017865214217184548,0.0015072906061732666,0.00031957604548107417,0.8585366454109673,0.0040520073429536905,0.16263980311959192,0.004373857604790985,0.12838006627308338,0.003270837305357254,0.08641197019825246,0.0007459887444150228,0.029388836958786167,0.00025009068908246206,0.0232233752103017,0.0007124312840718749,0.11675469553789657,0.003246404629337621,0.07557896449919464,0.0011636211937891107,0.11694376185886039,0.0032987031520975746,0.07734258099322687,0.0008541153098118599,0.14097210932953622,0.005298064607409542,0.0973250207005865,0.006013439635169044,,,,
2,alpaca_mmlu,0.9999999999999222,0.0,0.0,0.0,6376.0,0.0,0.0,0.0,6376.0,0.0,6376.0,0.0,1.4561372995376587,0.008068973097662713,1.4561372995376587,0.008068973097662713,,,,,,,,,,,,,,,,,,,,,168831.36463843833,2138.3552912740242,278227.626150036,476.2294766833046,596.806644,4.515865807006457,1431.4251253333332,8.291485853094882,3.260526192646685e+16,,0.0745073196969623,0.0022521326328834995,0.055380904528921665,0.0009091310558964471,1.8750596077191914,0.020065745265619855,1.512210889568806,0.0008073068214322353,0.30038577231040064,0.0004578372140100327,0.2860701950336967,0.0013911968813178494,0.116736161085481,0.0012777641501400105,0.10845012936272569,0.000696975047952834,0.22726540642577064,0.00039431436263063737,0.21140533000136483,0.00127750841563686,0.2467032832070485,0.0003520353892430062,0.23590378630624284,0.0009971403768518157,0.2909493306355981,0.0012091566240202765,0.2693365762781897,0.0014984802312342684,,,,
2,arc_challenge,7.999999999999974,0.0,0.0,0.0,560.0,0.0,0.0,0.0,560.0,0.0,560.0,0.0,0.5335495670636495,0.003908480117638576,0.418246457974116,0.011051417478113506,0.2709030100334448,0.0038618747102984853,0.1872909698996655,0.0,,,,,,,,,,,,,,,,,8075.848400576666,66.11809705519362,10812.385717090334,216.94125916666448,32.149720333333335,0.5930515491437295,42.66986033333333,1.5107811437037395,3478634189294592.0,,,,,,,,,,,,,,,,,,,,,,,,,,,,,,,,,
2,arc_easy,1.000000000000001,0.0,0.0,0.0,141.0,0.0,0.0,0.0,141.0,0.0,141.0,0.0,0.4849620858828227,0.014132602183219612,0.4849620858828227,0.014132602183219612,0.2473684210526315,0.0,0.2029239766081871,0.006744188651854267,,,,,,,,,,,,,,,,,1758.798942171,20.902649860729205,2880.0708010036665,202.43731469186326,7.164181,0.06278418216663587,12.942539666666667,1.84339592996552,780396405440544.0,,,,,,,,,,,,,,,,,,,,,,,,,,,,,,,,,
2,boolq,2.999999999999861,0.0,0.0,0.0,3537.0,0.0,0.0,0.0,3537.0,0.0,3537.0,0.0,0.24875548978646592,0.0039017580965253775,0.15259897212187445,0.00529085796806904,0.6393476044852191,0.0045404806220835986,0.6186544342507645,0.0,0.6809021887563166,0.0013247943429884688,0.6243670886075949,0.0,0.9704869650762419,0.0,0.7861944581078865,0.00582235806019503,0.7598690544964376,0.0,0.7297580568309646,0.003199537490947413,0.1947833009140785,0.006127499748495828,0.0293381270235792,0.0,55225.45268639533,425.3603560524311,79517.96577483266,963.5529247509222,222.32997733333332,1.903679577598546,312.1619053333333,5.57060259450538,2.3830172307088704e+16,,,,,,,,,,,,,,,,,,,,,,,,,,,,,,,,,
2,glue_cola,3.0000000000000324,0.0,0.0,0.0,1605.0,0.0,0.0,0.0,,,,,0.19806474447250363,0.008454191500253217,0.1405224700768788,0.004491921873660894,0.7312240332374561,0.00609740620912079,0.6001917545541706,0.0,0.7268739728256448,0.006538024663717824,0.6849148418491483,0.0,0.9884419787332409,0.0016669215328081722,0.7808599167822469,0.0,0.8344551603906362,0.00235251848409493,0.729747245625405,0.0,0.2827598523941189,0.022820857564385236,-0.026552650791889603,0.0,18290.580932125667,198.93194661766984,22499.282507027998,187.31154155255888,69.37352633333334,0.5609588970671342,80.91778566666666,0.5488915492737256,3264011930958240.0,,,,,,,,,,,,,,,,,,,,,,,,,,,,,,,,,
2,glue_mnli_matched,0.9999999999997308,0.0,0.0,0.0,24544.0,0.0,0.0,0.0,,,,,0.17592598994572958,0.01069794732082331,0.17592598994572958,0.01069794732082331,0.7140431312616743,0.0014803528420922723,0.3496688741721854,0.0,,,,,,,,,,,,,,,,,626450.358865213,10739.825802831894,787365.583554795,8041.166787460798,1941.0855806666668,20.85553528119271,2209.5567976666666,49.295466111403904,1.4279868218674282e+17,,,,,,,,,,,,,,,,,,,,,,,,,,,,,,,,,
2,glue_mnli_mismatched,0.9999999999997308,0.0,0.0,0.0,24544.0,0.0,0.0,0.0,,,,,0.17592598994572958,0.01069794732082331,0.17592598994572958,0.01069794732082331,0.7275562788174668,0.0007885613879586108,0.3331977217249796,0.0,,,,,,,,,,,,,,,,,626450.358865213,10739.825802831894,787365.583554795,8041.166787460798,1941.0855806666668,20.85553528119271,2209.5567976666666,49.295466111403904,1.4279868218674282e+17,,,,,,,,,,,,,,,,,,,,,,,,,,,,,,,,,
2,glue_mrpc,9.99999999999974,0.0,0.0,0.0,2300.0,0.0,0.0,0.0,,,,,0.2522470305363336,0.004028643888259883,0.10165961335102713,0.01094702982161633,0.7050653594771242,0.0029457118263595144,0.3848039215686274,0.0,0.7664308645230529,0.007022876057851794,0.6111111111111112,0.0,0.945041816009558,0.012643972812734,0.2759856630824372,0.0,0.8108293070413192,0.00217970005130166,0.3802469135802469,0.0,0.2601942733949205,0.013792794276999861,-0.1045279693589734,0.0,62244.952415902335,402.8769512286765,70763.44644716634,126.86984223023329,222.949584,1.072269357697645,245.35887733333334,0.9980910984127612,1.20602016842688e+16,,,,,,,,,,,,,,,,,,,,,,,,,,,,,,,,,
2,glue_qnli,1.000000000000267,0.0,0.0,0.0,13093.0,0.0,0.0,0.0,13093.0,0.0,13093.0,0.0,0.11591559896866477,0.007560975349957145,0.11591559896866477,0.007560975349957145,0.7756421990359387,0.0006009431815117525,0.4949661358228079,0.0,1.0,0.0,0.8448696719978952,0.0014439470281572347,0.6811541711940118,0.00024145840878908587,0.0007243752263672,0.0,0.7542284492265096,0.0004331985889052925,0.0014477017734346,0.0,0.5630435578459195,0.0014210023278672618,0.0189316461535685,0.0,192792.45185761,2395.239408937184,222485.629953575,178.55218251219478,703.4180326666666,7.614150877072732,767.8491116666668,3.3209538408809474,3.637769546925432e+16,,,,,,,,,,,,,,,,,,,,,,,,,,,,,,,,,
2,glue_qqp,0.9999999999999862,0.0,0.0,0.0,45481.0,0.0,0.0,0.0,45481.0,0.0,45481.0,0.0,0.14111556609471637,0.025916901715431852,0.14111556609471637,0.025916901715431852,0.8350894550251464,0.003626854029633911,0.5375463764531289,0.0,0.8294243708670561,0.006312864972520953,0.3449397982427595,0.0,0.6955772030007839,0.01989098536979725,0.2848505206583809,0.0,0.7561365788271258,0.009403475113494887,0.312028553556316,0.0,0.6390613648347104,0.008268811804573745,-0.0318303717947929,0.0,505095.691484751,5182.061055307403,635619.878352809,2334.2534329277946,1854.5332213333331,21.99770320638186,2177.1918223333337,19.70527102063216,8.882131826417597e+16,,,,,,,,,,,,,,,,,,,,,,,,,,,,,,,,,
2,glue_rte,10.000000000000243,0.0,0.0,0.0,1560.0,0.0,0.0,0.0,1560.0,0.0,1560.0,0.0,0.2758001486460368,0.017842501646392638,0.08652922635277106,0.013587605645090914,0.6028880866425993,0.007515039709264012,0.5246690734055356,0.0024067388688327703,0.6211477496239731,0.03266373448719875,0.0,0.0,0.6692111959287531,0.014167339345623486,0.0,0.0,0.6136878960759797,0.008454101781903088,0.0,0.0,0.2115594383331887,0.01572172444472053,0.0,0.0,75160.37947738734,565.6980801875786,84478.00347995266,351.32132905210017,264.66918433333336,0.7348885605227008,292.2916866666667,2.745703627836898,1.5191096487544e+16,,,,,,,,,,,,,,,,,,,,,,,,,,,,,,,,,
2,glue_sst2,0.9999999999999373,0.0,0.0,0.0,4210.0,0.0,0.0,0.0,,,,,0.07766316086053844,0.007372609480540633,0.07766316086053844,0.007372609480540633,0.9017584097859327,0.0023252150345176633,0.6032110091743119,0.0,0.8847966146038845,0.004041946990426316,0.5698005698005698,0.0,0.9279279279279279,0.0022522522522522618,0.9009009009009009,0.0,0.9058337110287541,0.0020442958186033997,0.6980802792321118,0.0,0.8042964913627495,0.0044943174051229285,0.24643816888916628,0.0,67104.38103683434,714.348160602133,73171.65114632034,165.6984752396409,246.84962166666665,2.1665539147006707,255.12734566666666,1.2948411882308544,1.3002624740978544e+16,,,,,,,,,,,,,,,,,,,,,,,,,,,,,,,,,
2,hellaswag,2.999999999999721,0.0,0.0,0.0,14967.0,0.0,0.0,0.0,14967.0,0.0,14967.0,0.0,0.49224653840065,0.006276062233263088,0.4221883515516917,0.005558430305835167,0.25373431587333195,0.0002987452698665627,0.24742747128726014,0.0015007175935015892,,,,,,,,,,,,,,,,,259558.96845828334,2388.931328898276,360958.3520268593,1397.60305339059,875.4581973333334,10.487044205906473,1119.8325516666666,4.683044811753586,9.286981001610792e+16,,,,,,,,,,,,,,,,,,,,,,,,,,,,,,,,,
2,piqa,3.000000000000148,0.0,0.0,0.0,6045.0,0.0,0.0,0.0,6045.0,0.0,6045.0,0.0,0.23635208606719968,0.0019270263576952034,0.18725891908009842,0.015351754655942162,0.5114254624591948,0.003808487486398257,0.49564744287268764,0.001088139281828109,1.0,0.0,0.5085794242554945,0.006051094670424226,0.3132183908045977,0.04070810794973332,0.0032327586206896005,0.0,0.38842926687626506,0.033946628484602025,0.006444683136412399,0.0,0.0400395604427795,0.0,0.005138415132329,0.007207194550703223,60517.804654458334,976.5288895078099,73886.13638132635,874.8085569141529,249.69131533333334,5.215436934457627,289.861553,3.750456050645743,2.415908702123693e+16,,,,,,,,,,,,,,,,,,,,,,,,,,,,,,,,,
3,allenai_task219_rocstories_title_answer_generation,2.99999999999991,0.0,0.0,0.0,2193.0,0.0,0.0,0.0,2193.0,0.0,2193.0,0.0,1.2365282376607258,0.018475815426951564,0.5609309474627177,0.013631713473393517,,,,,,,,,,,,,,,,,,,,,20648.864361643336,69.25628680573365,60420.17607727,2451.858008285706,80.465983,1.0761543893421304,542.4546333333333,15.124585636104529,7760851101093120.0,,0.0025589185407526665,0.0013640160110855422,0.0,0.0,0.23361611463744833,0.019188047888333056,0.022895507587335134,0.0005218356615499626,0.18215774684389097,0.0014104017024242684,0.03666044812485577,0.00050114131124024,0.0498678907236235,0.0015579167967136932,0.007988601279224234,0.00024871267246573793,0.18032650882827403,0.0015450222481015405,0.03527115422851284,0.0004589903779869315,0.1808420808417757,0.0014067974073709113,0.035570035783596264,0.0004558634559830528,0.17451120433344106,0.0010392896730427486,0.085011966719352,0.001304375799756402,,,,
3,allenai_task288_gigaword_summarization,5.000000000000091,0.0,0.0,0.0,1095.0,0.0,0.0,0.0,1095.0,0.0,1095.0,0.0,2.439719041188558,0.0031724845879102467,1.3933684825897217,0.018076461074679986,,,,,,,,,,,,,,,,,,,,,8968.431983096334,53.18972312223388,27633.898688723002,951.7887397013845,39.58299466666667,0.34930808087529047,346.0756913333333,8.377549091875261,3235567499337520.0,,0.0218911350434511,0.001425760441024539,0.0007769975028786999,0.00012512542232747436,0.9549517509025232,0.018811159899318794,0.16245031560473783,0.0029860335951527386,0.15182935532635808,0.0038923533859368162,0.08686526765406187,0.0007306413824304412,0.034200825861238265,0.0012747030519978033,0.0215136104468158,0.001142317922807674,0.1366316445677664,0.0033358921971072143,0.07534461446497813,0.0005776537152927303,0.13696796541382641,0.0034022360870438625,0.07742962998752888,0.0006627520601046312,0.1462933760211074,0.002359926321655908,0.12316525632430253,0.0039798460505660015,,,,
3,alpaca_mmlu,0.9999999999999222,0.0,0.0,0.0,6376.0,0.0,0.0,0.0,6376.0,0.0,6376.0,0.0,1.4561645984649658,0.010743582124776635,1.4561645984649658,0.010743582124776635,,,,,,,,,,,,,,,,,,,,,179452.54407475734,1622.7783235350475,290602.33366283396,924.6154495438911,642.5974170000001,5.009843968032992,1498.7832930000002,10.19501804002949,3.3854704273733024e+16,,0.08099052794488847,0.001992142544854156,0.055138563285108404,0.00046409525222290156,1.9198042163753264,0.03762139119384751,1.5099622794516012,0.008144107110183145,0.30562231209973717,0.0014867249471978367,0.28578460945040374,0.0020806893070463876,0.12147721763106689,0.0005631734909356371,0.10866109281823454,0.0016977409556757966,0.23163384478573915,0.0012844610971118808,0.2105326613486319,0.0015984972292096375,0.25141691685175355,0.001098016019020302,0.23509543517810028,0.002245278825170163,0.29101145497105757,0.002541961212534198,0.2787911679284603,0.0035672480544276966,,,,
3,arc_challenge,7.999999999999974,0.0,0.0,0.0,560.0,0.0,0.0,0.0,560.0,0.0,560.0,0.0,0.5385243892669678,0.0031817672501707,0.39887721339861554,0.006469130101635297,0.27536231884057966,0.004459308807134893,0.1872909698996655,0.0,,,,,,,,,,,,,,,,,8633.478372745667,170.77665961157618,11433.796889795334,158.69056902144084,34.498864999999995,0.4451929062062114,45.44443633333333,1.9196464937330096,3611936586054656.0,,,,,,,,,,,,,,,,,,,,,,,,,,,,,,,,,
3,arc_easy,1.000000000000001,0.0,0.0,0.0,141.0,0.0,0.0,0.0,141.0,0.0,141.0,0.0,0.49493759870529175,0.0027741180676573883,0.49493759870529175,0.0027741180676573883,0.2473684210526315,0.0,0.1976608187134503,0.004093567251461971,,,,,,,,,,,,,,,,,1901.1060551646667,99.04655118148129,3057.610661244,179.34912845606442,7.801071666666666,0.13598753617437803,13.836989,2.2325198162402344,810301404314784.0,,,,,,,,,,,,,,,,,,,,,,,,,,,,,,,,,
3,boolq,2.999999999999861,0.0,0.0,0.0,3537.0,0.0,0.0,0.0,3537.0,0.0,3537.0,0.0,0.2369911621014277,0.005585634579249383,0.11682659635941184,0.0036515965941668603,0.6501529051987768,0.0015692970762834467,0.6186544342507645,0.0,0.7021447334323488,0.00236045741552172,0.6243670886075949,0.0,0.9704869650762419,0.0,0.7596327266765043,0.009273602716759645,0.7598690544964376,0.0,0.7296724609208184,0.0031701297126881054,0.23767134688160896,0.0025280933294476193,0.0293381270235792,0.0,59074.65718873066,650.6676954664398,84055.565042016,1046.4541407122504,237.98623933333332,2.9746541293269777,330.312201,5.924524884471247,2.474335090185888e+16,,,,,,,,,,,,,,,,,,,,,,,,,,,,,,,,,
3,glue_cola,3.0000000000000324,0.0,0.0,0.0,1605.0,0.0,0.0,0.0,,,,,0.20107966164747873,0.004209118490523999,0.13707108298937476,0.006950168974194517,0.7440076701821668,0.000553547717343849,0.6001917545541706,0.0,0.7376205117334971,0.001075876292024926,0.6849148418491483,0.0,0.9838187702265372,0.0016669215328081043,0.7808599167822469,0.0,0.8407238417461569,0.00014452950948496267,0.729747245625405,0.0,0.3312142488967615,0.001426453905256934,-0.026552650791889603,0.0,19649.780733487,149.54934134284215,23952.968375279,340.1876551834852,75.97990633333333,0.5899615591805757,88.00328566666667,2.1019428315006006,3389089747016736.0,,,,,,,,,,,,,,,,,,,,,,,,,,,,,,,,,
3,glue_mnli_matched,0.9999999999997308,0.0,0.0,0.0,24544.0,0.0,0.0,0.0,24544.0,0.0,24544.0,0.0,0.20072657366593674,0.019223469028815367,0.20072657366593674,0.019223469028815367,0.7426727797588725,0.009390066434577165,0.3496688741721854,0.0,,,,,,,,,,,,,,,,,789316.6845172214,2661.5112168733826,848795.112608348,3252.554901906091,2777.8416483333335,13.755539714036756,2888.490077,4.925819743938497,1.482707658647779e+17,,,,,,,,,,,,,,,,,,,,,,,,,,,,,,,,,
3,glue_mnli_mismatched,0.9999999999997308,0.0,0.0,0.0,24544.0,0.0,0.0,0.0,24544.0,0.0,24544.0,0.0,0.20072657366593674,0.019223469028815363,0.20072657366593674,0.019223469028815363,0.7557973962571195,0.007750132229889609,0.3331977217249796,0.0,,,,,,,,,,,,,,,,,789316.6845172214,2661.511216873358,848795.112608348,3252.5549019060713,2777.8416483333335,13.755539714036905,2888.490077,4.9258197439383995,1.482707658647779e+17,,,,,,,,,,,,,,,,,,,,,,,,,,,,,,,,,
3,glue_mrpc,9.99999999999974,0.0,0.0,0.0,2300.0,0.0,0.0,0.0,,,,,0.2489054848750432,0.002676276697176781,0.038523223251104334,0.008683556439475128,0.7066993464052288,0.005718954248366059,0.3848039215686274,0.0,0.8034618889882048,0.0010335731579370737,0.6111111111111112,0.0,0.9187574671445641,0.011947431302269986,0.2759856630824372,0.0,0.8052486427459113,0.0025919484159249257,0.3802469135802469,0.0,0.3148143533230153,0.001998420888804657,-0.1045279693589734,0.0,67104.258076484,557.5942042301402,75798.99211415234,798.3971076156465,238.7710513333333,1.09219214978934,261.5546716666667,0.3245551747907558,1.252235188759424e+16,,,,,,,,,,,,,,,,,,,,,,,,,,,,,,,,,
3,glue_qnli,1.000000000000267,0.0,0.0,0.0,13093.0,0.0,0.0,0.0,,,,,0.1548158973455429,0.008861710972091983,0.1548158973455429,0.008861710972091983,0.7979132344865457,0.002024609191901517,0.4949661358228079,0.0,1.0,0.0,0.8607417047657101,0.0037057145966436157,0.7160449112640347,0.004708438971387174,0.0007243752263672,0.0,0.7817203185795888,0.0025449332238587086,0.0014477017734346,0.0,0.6053254220172745,0.004001730726397621,0.0189316461535685,0.0,206637.68097405237,2594.366221081198,236773.45102448468,304.3422396738546,762.8940873333335,7.9697131884903145,829.046352,2.5285040002175725,3.777169846217202e+16,,,,,,,,,,,,,,,,,,,,,,,,,,,,,,,,,
3,glue_qqp,0.9999999999999862,0.0,0.0,0.0,45481.0,0.0,0.0,0.0,45481.0,0.0,45481.0,0.0,0.14167897154887513,0.012963252095824872,0.14167897154887513,0.012963252095824872,0.8418830901146013,0.002192021346494735,0.5375463764531289,0.0,0.8558213658789434,0.004640794905754995,0.3449397982427595,0.0,0.6863509125517858,0.012002821795544542,0.2848505206583809,0.0,0.7615790119692439,0.005693912178695761,0.312028553556316,0.0,0.6543989077825573,0.00466193690226144,-0.0318303717947929,0.0,549584.3176093138,5150.811714871097,681110.9830888683,3736.1854219015268,2153.0756523333334,31.456009422484875,2483.770171,29.977929297624854,9.222497483518538e+16,,,,,,,,,,,,,,,,,,,,,,,,,,,,,,,,,
3,glue_rte,10.000000000000243,0.0,0.0,0.0,1560.0,0.0,0.0,0.0,1560.0,0.0,1560.0,0.0,0.26485533515612286,0.006091473718928927,0.0382137292375167,0.02081651808534256,0.5944645006016848,0.004338810199114332,0.5270758122743683,0.0,0.6259899836943862,0.019574036142699584,0.0,0.0,0.6564885496183206,0.03917253007211361,0.0,0.0,0.5960292050338662,0.004917940272164453,0.0,0.0,0.1859672277296922,0.01045003661697345,0.0,0.0,80336.222573259,600.2903619057639,89981.66481146366,451.519757201827,284.40049633333336,0.6775394705015135,313.15519133333333,3.2885494527024153,1.577322360329824e+16,,,,,,,,,,,,,,,,,,,,,,,,,,,,,,,,,
3,glue_sst2,0.9999999999999373,0.0,0.0,0.0,4210.0,0.0,0.0,0.0,,,,,0.07346695661544797,0.018785930969913184,0.07346695661544797,0.018785930969913184,0.9128440366972477,0.0013241978651138448,0.6032110091743119,0.0,0.8871331493516128,0.0032977070253003126,0.5698005698005698,0.0,0.9496996996996998,0.0019862997830815566,0.9009009009009009,0.0,0.9173363331861887,0.0010561033791579425,0.6980802792321118,0.0,0.8275752560755625,0.002377608972681618,0.24643816888916628,0.0,71612.88253634899,738.3392287013404,77757.19677930167,223.53072833498842,266.7381143333334,2.9939872158904577,275.6120673333333,1.5087219182266263,1.3500888792135472e+16,,,,,,,,,,,,,,,,,,,,,,,,,,,,,,,,,
3,hellaswag,2.999999999999721,0.0,0.0,0.0,14967.0,0.0,0.0,0.0,14967.0,0.0,14967.0,0.0,0.4267493188381195,0.01805400979577028,0.07747106688717996,0.030496174733639525,0.6174400849764323,0.03288070041726584,0.2534355706034654,0.0,,,,,,,,,,,,,,,,,278999.5093953533,1453.1224458103081,381618.8812662643,2632.547822794052,970.177922,7.3200293084943455,1219.3992566666666,12.605735547597762,9.642860596578965e+16,,,,,,,,,,,,,,,,,,,,,,,,,,,,,,,,,
3,piqa,3.000000000000148,0.0,0.0,0.0,6045.0,0.0,0.0,0.0,6045.0,0.0,6045.0,0.0,0.2399355719486872,0.005383057771579817,0.16407036781311032,0.010416876841310032,0.5123322451940515,0.002272391020337647,0.4967355821545158,0.0,1.0,0.0,0.5098748199764783,0.0036609354320821753,0.33584770114942525,0.021751350369544106,0.0032327586206896005,0.0,0.40616691080203554,0.017316949465364686,0.006444683136412399,0.0,0.0406296293505427,0.0005900689077632011,0.006826949552738667,0.005133998261767042,65231.60568764833,1059.6346207380884,78653.69006290933,745.7547239614886,273.5057603333333,3.861520730103556,315.577632,6.643257257484536,2.508486968893997e+16,,,,,,,,,,,,,,,,,,,,,,,,,,,,,,,,,
4,allenai_task219_rocstories_title_answer_generation,2.999999999999902,0.0,0.0,0.0,2199.0,0.0,0.0,0.0,2199.0,0.0,2199.0,0.0,1.1561732689539592,0.00906356773663077,0.6092736721038818,0.0006144796373488619,,,,,,,,,,,,,,,,,,,,,22971.265273354,300.2133299758618,61340.34102686933,3171.9105423796805,90.048386,0.8115586715081068,544.429537,9.312580220355485,8087362638245376.0,,0.0025644254073398094,0.0012453677195140398,0.0,0.0,0.21733769463967603,0.01334944501444828,0.020910546975586166,0.00037811386825634287,0.18881437172454504,0.0009903788792012507,0.03499790128703207,0.0003423344636479656,0.0511189029054673,0.0006294649398435463,0.007424540130008467,0.0004830333975456026,0.18827948498136782,0.0012079793977720764,0.03360848236913876,0.0002931356456881933,0.1883455603611258,0.0013712678361583169,0.03408432292783477,0.0003759384623197348,0.18650318195457716,0.003196205783239785,0.08160394615519066,0.001510988176549959,,,,
4,allenai_task288_gigaword_summarization,4.999999999999932,0.0,0.0,0.0,1085.0,0.0,0.0,0.0,1085.0,0.0,1085.0,0.0,2.408385753631592,0.008496785646863141,0.9304443200429281,0.01760833936539725,,,,,,,,,,,,,,,,,,,,,9463.031771191,190.09645558383954,27972.131383160002,975.8893214996764,42.08060066666667,1.751370061722757,342.59701333333334,44.68265984482672,3341337850629280.0,,0.02463842096317283,0.0010957159530591203,0.0009243740518086333,0.00032407905449642453,1.0617166420653892,0.016355592275081127,0.16171832998809493,0.0043557435103490924,0.15968115330814128,0.002061373973632905,0.08892717140687507,0.004358760055436407,0.0402802067187676,0.001200231023274186,0.021935096149692232,0.0005851352251485819,0.14322416038047978,0.0015929900375123028,0.07707014086240631,0.004127170699062322,0.1434263308906111,0.0016700679533086808,0.07832526015480253,0.00394441051791652,0.15620209175140362,0.002001903436393567,0.1170004957166327,0.0027966331213571173,,,,
4,alpaca_mmlu,0.9999999999999222,0.0,0.0,0.0,6376.0,0.0,0.0,0.0,6376.0,0.0,6376.0,0.0,1.4535400867462158,0.003912043683670809,1.4535400867462158,0.003912043683670809,,,,,,,,,,,,,,,,,,,,,191675.760848576,2129.4595025614085,304598.4481447597,950.6284218884094,688.1306543333334,5.07557389541298,1569.1653443333332,10.075898800369796,3.51041466209992e+16,,0.08575934591624752,0.001544762528240871,0.05439216979237437,0.0012178310700552734,1.981146345010617,0.020490505863599864,1.514856474173173,0.014583324579321613,0.3129509274571877,0.00090172943130718,0.28515856045474947,0.002105889206449318,0.12610151961771351,0.0003872247986471288,0.1070432287026472,0.0014706020430030736,0.24029265550622883,0.0008625700027331993,0.21140680862054495,0.001467036413660594,0.2591814046612741,0.0005653867438811149,0.23568410216131327,0.0015448075986816544,0.2905947632474852,0.0017226420570995492,0.28529695322649967,0.0003952673477844433,,,,
4,arc_challenge,7.999999999999974,0.0,0.0,0.0,560.0,0.0,0.0,0.0,560.0,0.0,560.0,0.0,0.5404444535573324,0.0021877485227030373,0.3813568651676178,0.01725989979628666,0.2720178372352285,0.008039133278626497,0.1872909698996655,0.0,,,,,,,,,,,,,,,,,9068.230490389666,123.79558326184625,11887.4203289,245.00590159505148,36.90131466666667,0.4628436903784167,48.13668033333334,2.130518652581441,3745238982814720.0,,,,,,,,,,,,,,,,,,,,,,,,,,,,,,,,,
4,arc_easy,1.000000000000001,0.0,0.0,0.0,141.0,0.0,0.0,0.0,141.0,0.0,141.0,0.0,0.5004885494709015,0.0037099284397274896,0.5004885494709015,0.0037099284397274896,0.2473684210526315,0.0,0.19941520467836252,0.0038347593709368516,,,,,,,,,,,,,,,,,2003.7402062143335,78.56159283700374,3171.071467983,184.47270105904263,8.327049333333333,0.09907257938221085,14.741507666666669,2.59763018985057,840206403189024.0,,,,,,,,,,,,,,,,,,,,,,,,,,,,,,,,,
4,boolq,2.999999999999861,0.0,0.0,0.0,3537.0,0.0,0.0,0.0,3537.0,0.0,3537.0,0.0,0.2393037031094233,0.007530522167380313,0.08319065471490221,0.004988008693997007,0.672782874617737,0.002949128673086519,0.6186544342507645,0.0,0.7263410100646407,0.004951803104582247,0.6243670886075949,0.0,0.9704869650762419,0.0,0.7607804558124283,0.01929734707959274,0.7611038487182972,0.001234794221859505,0.7427797186585284,0.00649701889688678,0.2946979679874065,0.0005347075366445583,0.0293381270235792,0.0,63187.26824324234,424.1362367548026,88378.48249556233,1116.32897890036,255.06469266666667,2.8432618364199462,349.45241500000003,7.056462113610764,2.5656529496629056e+16,,,,,,,,,,,,,,,,,,,,,,,,,,,,,,,,,
4,glue_cola,3.0000000000000324,0.0,0.0,0.0,1605.0,0.0,0.0,0.0,,,,,0.1949130296707153,0.024139327396624503,0.1329769815007845,0.00572674047398197,0.7583892617449665,0.001107095434687698,0.6001917545541706,0.0,0.7519006792972077,0.001906071479675787,0.6849148418491483,0.0,0.9852057327785483,0.0012231859967936098,0.7808599167822469,0.0,0.8474574371581237,0.0005282135381148786,0.729747245625405,0.0,0.37843779810026384,0.003374549532044023,-0.026552650791889603,0.0,21372.785784740667,262.2575406666152,25600.211170066334,175.32648069570507,85.73295033333333,1.048588048866397,97.55148000000001,0.6421430332117078,3514167563075232.0,,,,,,,,,,,,,,,,,,,,,,,,,,,,,,,,,
4,glue_mnli_matched,0.9999999999997308,0.0,0.0,0.0,24544.0,0.0,0.0,0.0,24544.0,0.0,24544.0,0.0,0.15596974889437354,0.015921606174601557,0.15596974889437354,0.015921606174601557,0.7642044489726608,0.003972348682947421,0.3496688741721854,0.0,,,,,,,,,,,,,,,,,843398.4706977056,3914.062177729324,904873.6561958197,2387.02628845164,2975.8400323333335,15.35598901021435,3088.7251520000004,5.190572044878443,1.5374284954281296e+17,,,,,,,,,,,,,,,,,,,,,,,,,,,,,,,,,
4,glue_mnli_mismatched,0.9999999999997308,0.0,0.0,0.0,24544.0,0.0,0.0,0.0,24544.0,0.0,24544.0,0.0,0.15596974889437354,0.01592160617460156,0.15596974889437354,0.01592160617460156,0.7752915649579603,0.0034262065527610555,0.3331977217249796,0.0,,,,,,,,,,,,,,,,,843398.4706977056,3914.0621777292895,904873.6561958197,2387.026288451638,2975.8400323333335,15.355989010214252,3088.7251520000004,5.190572044878443,1.5374284954281296e+17,,,,,,,,,,,,,,,,,,,,,,,,,,,,,,,,,
4,glue_mrpc,9.99999999999974,0.0,0.0,0.0,2300.0,0.0,0.0,0.0,,,,,0.2507784465948741,0.00732778442501673,0.029611371768017532,0.014508497023194254,0.7132352941176471,0.0074878687826075855,0.3848039215686274,0.0,0.8208771648648385,0.00433178793112708,0.6111111111111112,0.0,0.8984468339307049,0.00430770761704182,0.2759856630824372,0.0,0.8001304041051395,0.007653429183012192,0.3802469135802469,0.0,0.3288912885220755,0.01625694429880808,-0.1045279693589734,0.0,72249.97486605066,508.0925068645611,81276.14332595267,212.37557708796402,256.719488,1.383576600925309,279.791589,0.09731484283669477,1.298450209091968e+16,,,,,,,,,,,,,,,,,,,,,,,,,,,,,,,,,
4,glue_qnli,1.000000000000267,0.0,0.0,0.0,13093.0,0.0,0.0,0.0,,,,,0.14857503771781919,0.010825498796034588,0.14857503771781919,0.010825498796034588,0.7968149368478858,0.003845494235545446,0.4949661358228079,0.0,1.0,0.0,0.8804822087616181,0.0009742129813986619,0.6918990703851261,0.009024053768380507,0.0007243752263672,0.0,0.774813751700074,0.005537083630926784,0.0014477017734346,0.0,0.6089528951696331,0.006407039318705927,0.0189316461535685,0.0,219111.16089518732,2618.849363275272,249133.63646861468,716.4782558644654,827.3611430000001,8.061510024451339,894.5860686666666,3.341168732722901,3.916570145508971e+16,,,,,,,,,,,,,,,,,,,,,,,,,,,,,,,,,
4,glue_qqp,0.9999999999999862,0.0,0.0,0.0,45481.0,0.0,0.0,0.0,45481.0,0.0,45481.0,0.0,0.10785565525293346,0.009989912288795848,0.10785565525293346,0.009989912288795848,0.8525929590238271,0.00311172821353792,0.5375463764531289,0.0,0.8615751593840892,0.0045567365764086,0.3449397982427595,0.0,0.7146792072556264,0.015385397684685631,0.2848505206583809,0.0,0.7810050614509784,0.007236423819255888,0.312028553556316,0.0,0.6782907917660288,0.006819419983516958,-0.0318303717947929,0.0,585300.6036263391,1085.1665349857328,719761.7259595831,5585.862014728438,2293.4160573333334,19.54631784633966,2629.043385333333,23.339786304028337,9.562863140619478e+16,,,,,,,,,,,,,,,,,,,,,,,,,,,,,,,,,
4,glue_rte,10.000000000000243,0.0,0.0,0.0,1560.0,0.0,0.0,0.0,1560.0,0.0,1560.0,0.0,0.2813558677832285,0.006181477894172157,0.03668269080420333,0.013144064299983315,0.5896510228640193,0.006016847172081841,0.5270758122743683,0.0,0.6236080311657177,0.005169411327777003,0.0,0.0,0.7862595419847328,0.004407253963279593,0.0,0.0,0.6334505466362758,0.007391076875624991,0.0,0.0,0.18897025188543703,0.016867163051899798,0.0,0.0,85946.380045413,478.5192809444653,95998.85789308469,677.6736777804877,304.4668726666667,0.9177886868033011,334.01523433333335,3.7905841497256754,1.635535071905248e+16,,,,,,,,,,,,,,,,,,,,,,,,,,,,,,,,,
4,glue_sst2,0.9999999999999373,0.0,0.0,0.0,4210.0,0.0,0.0,0.0,,,,,0.06144677599271137,0.010298359393524624,0.06144677599271137,0.010298359393524624,0.9204892966360857,0.002128350291601676,0.6032110091743119,0.0,0.8992447574537126,0.00537592162805535,0.5698005698005698,0.0,0.9504504504504504,0.003440372143360299,0.9009009009009009,0.0,0.9240995644626867,0.0017484542765648368,0.6980802792321118,0.0,0.8422614312442183,0.0038828088176530414,0.24643816888916628,0.0,76220.854289888,587.6240215784701,82377.78085219333,375.22428826583786,286.78092466666664,2.2898545195562505,296.000534,2.4430952923904528,1.39991528432924e+16,,,,,,,,,,,,,,,,,,,,,,,,,,,,,,,,,
4,hellaswag,2.999999999999721,0.0,0.0,0.0,14967.0,0.0,0.0,0.0,14967.0,0.0,14967.0,0.0,0.32154179612795514,0.017094788072158505,0.008600479147086467,0.0020525219550756517,0.7520082320918808,0.013508212164821176,0.2534355706034654,0.0,,,,,,,,,,,,,,,,,301372.5491541594,1962.4137545640835,407456.93408199697,2902.4895520518708,1103.0163653333332,4.068022051340481,1357.7283713333334,12.886866860665105,9.998740191547138e+16,,,,,,,,,,,,,,,,,,,,,,,,,,,,,,,,,
4,piqa,3.000000000000148,0.0,0.0,0.0,6045.0,0.0,0.0,0.0,6045.0,0.0,6045.0,0.0,0.2366387446721394,0.0050500100112798735,0.18036030232906342,0.005839149349765851,0.5083424011606819,0.0033292636472045654,0.4961915125136018,0.0005440696409140638,1.0,0.0,0.5060533501733705,0.003325867496820032,0.317169540229885,0.02968310480047281,0.0032327586206896005,0.0,0.3922539287903639,0.022090733354926992,0.006444683136412399,0.0,0.0400395604427795,0.0,0.0011585175709432668,0.003921335340805634,69969.15254094667,941.176132974829,83827.12065108934,1241.3207364197629,294.27442733333334,4.157164788461498,338.39214599999997,7.807302862975161,2.601065235664301e+16,,,,,,,,,,,,,,,,,,,,,,,,,,,,,,,,,
5,allenai_task219_rocstories_title_answer_generation,2.999999999999902,0.0,0.0,0.0,2199.0,0.0,0.0,0.0,2199.0,0.0,2199.0,0.0,1.16190501054128,0.01792097240626049,0.42636018991470337,0.010430848062702726,,,,,,,,,,,,,,,,,,,,,25399.670153421335,143.5962037662766,68739.12923733199,3566.292822201128,104.15919633333333,1.2814798309378288,673.3529013333333,68.43548981542862,8366908374791424.0,,0.0015661056178146334,0.0015661056178146331,0.0,0.0,0.20610083092305784,0.01354602030332262,0.022524971159348334,5.647512675619507e-05,0.19534026520586925,0.001990494656810517,0.037571702764136634,0.0007045958322699822,0.05171159199901837,0.0009282129178922597,0.006990330464528999,0.00023767594141241785,0.19408662518396835,0.0021137121784221362,0.035878920569293635,0.0005525505374030589,0.1942947922801462,0.002182421008773248,0.036493844313483466,0.0006031147568493675,0.1841464900358357,0.003811083916135655,0.08231318299125766,0.0008364687051452695,,,,
5,allenai_task288_gigaword_summarization,5.000000000000102,0.0,0.0,0.0,1110.0,0.0,0.0,0.0,1110.0,0.0,1110.0,0.0,2.2274340788523355,0.011048455956165042,1.2266772190729778,0.018558874217863633,,,,,,,,,,,,,,,,,,,,,10402.450973665667,116.60695110991713,22987.137663545334,1076.059747048481,46.48504066666666,0.9838846810762156,232.14543866666668,20.625244869570214,3533494197726720.0,,0.018180326283397566,0.002520222247924581,0.0011591843039051334,0.000593838961537781,1.0402172395559368,0.049785208271713066,0.16904474350043275,0.003074941340799612,0.16461119820614664,0.0020406403734366313,0.09080191394947985,0.002183590477834307,0.044115856744954864,0.0007501964645922949,0.021497984121971198,0.0020861804267788063,0.1449150243027158,0.0023469651350481,0.0774560828163246,0.002023428200227614,0.1453063207204128,0.0021910659063719526,0.07978395864666553,0.0015533343179521739,0.1698989236008233,0.003947812087558431,0.13884759693046966,0.003585279754423923,,,,
5,alpaca_mmlu,0.9999999999999222,0.0,0.0,0.0,6376.0,0.0,0.0,0.0,6376.0,0.0,6376.0,0.0,1.4652498960494995,0.014959445693275694,1.4652498960494995,0.014959445693275694,,,,,,,,,,,,,,,,,,,,,203592.20066240302,2159.177147359741,317717.344421431,954.1283790778486,736.1288823333334,5.2630866238827565,1632.6140306666666,7.571284068569336,3.635358896826538e+16,,0.09083103599430163,0.0009856777393365966,0.053944295448442536,0.00047894830459888847,1.9966952706936614,0.013026991952029537,1.5023701932915312,0.002793713779973502,0.31537645020120647,0.0015849413451158075,0.28496554861023676,0.0007492378830676501,0.12897855695057947,0.001268778894266924,0.10768901784104147,0.0009790624988678482,0.2423727032498356,0.0012783855509173852,0.2105324811686264,0.000692975250240718,0.26114116234464485,0.0015534655646628605,0.2349401843330682,0.0010687244336411283,0.2895158443985291,0.0008518351559514937,0.287196852048268,0.0013361825856753648,,,,
5,arc_challenge,7.999999999999974,0.0,0.0,0.0,560.0,0.0,0.0,0.0,560.0,0.0,560.0,0.0,0.5391570130983988,0.004936451258917465,0.31964010000228876,0.02866775476176882,0.2709030100334448,0.009654686775746232,0.1872909698996655,0.0,,,,,,,,,,,,,,,,,9638.394647061,78.05085169489051,12548.204660204668,279.43302420856435,39.073977000000006,0.1831843403632906,50.816499666666665,2.801306117841244,3878541379574784.0,,,,,,,,,,,,,,,,,,,,,,,,,,,,,,,,,
5,arc_easy,1.000000000000001,0.0,0.0,0.0,141.0,0.0,0.0,0.0,141.0,0.0,141.0,0.0,0.5028117895126343,0.01411299228462106,0.5028117895126343,0.01411299228462106,0.2473684210526315,0.0,0.21578947368421045,0.00709026646373227,,,,,,,,,,,,,,,,,2148.886643913667,42.41478116801194,3299.2057542116668,227.6035520613028,9.069431,0.08291412862916239,15.760663666666666,2.8524309588042223,870111402063264.0,,,,,,,,,,,,,,,,,,,,,,,,,,,,,,,,,
5,boolq,2.999999999999861,0.0,0.0,0.0,3537.0,0.0,0.0,0.0,3537.0,0.0,3537.0,0.0,0.21838819980621335,0.00630960683979072,0.0620041961471239,0.008772465109617643,0.6927624872579,0.0032857821531673955,0.6186544342507645,0.0,0.756175176280892,0.001898938160539251,0.6243670886075949,0.0,0.9704869650762419,0.0,0.7465158222659453,0.004138196249917659,0.7646429096545014,0.002000003697802686,0.7487732181288674,0.001256766015105821,0.3495632147382324,0.006313884437143254,0.0293381270235792,0.0,66897.32872720466,642.1412637164476,92371.01193683433,1053.0279973587947,271.47584333333333,2.787928825586321,367.943331,8.689718249241249,2.656970809139923e+16,,,,,,,,,,,,,,,,,,,,,,,,,,,,,,,,,
5,glue_cola,3.0000000000000324,0.0,0.0,0.0,1605.0,0.0,0.0,0.0,,,,,0.1880988578001658,0.015019380395702407,0.11983017126719153,0.004944341021755925,0.7721316714605305,0.0016911162103321383,0.6001917545541706,0.0,0.7626174200517118,0.002217874745183344,0.6849148418491483,0.0,0.9838187702265372,0.0012231859967936187,0.7808599167822469,0.0,0.8555246038189616,0.000581329634684147,0.729747245625405,0.0,0.42417676177154,0.0040110191831184755,-0.026552650791889603,0.0,22922.820100089666,294.2528270860975,27220.865153863666,190.08586010128423,93.20948733333334,0.8401354448762638,105.62614033333334,0.8412717821236144,3639245379133728.0,,,,,,,,,,,,,,,,,,,,,,,,,,,,,,,,,
5,glue_mnli_matched,0.9999999999997308,0.0,0.0,0.0,24544.0,0.0,0.0,0.0,24544.0,0.0,24544.0,0.0,0.1557166328032811,0.020564560426672922,0.1557166328032811,0.020564560426672922,0.794769910001698,0.001605921605370927,0.3496688741721854,0.0,,,,,,,,,,,,,,,,,898141.523730868,4167.8787262281485,961495.8293819724,2526.578871012422,3179.047965333333,18.108270942369167,3294.3447906666665,6.987203525470407,1.5921493322084803e+17,,,,,,,,,,,,,,,,,,,,,,,,,,,,,,,,,
5,glue_mnli_mismatched,0.9999999999997308,0.0,0.0,0.0,24544.0,0.0,0.0,0.0,24544.0,0.0,24544.0,0.0,0.1557166328032811,0.02056456042667292,0.1557166328032811,0.02056456042667292,0.8084147002983455,0.0022440033554885813,0.3331977217249796,0.0,,,,,,,,,,,,,,,,,898141.523730868,4167.878726228125,961495.8293819724,2526.5788710123884,3179.047965333333,18.108270942369167,3294.3447906666665,6.98720352547028,1.5921493322084803e+17,,,,,,,,,,,,,,,,,,,,,,,,,,,,,,,,,
5,glue_mrpc,9.99999999999974,0.0,0.0,0.0,2300.0,0.0,0.0,0.0,,,,,0.2600114047527313,0.0032345690447994234,0.008700412232428767,0.001902726993519646,0.7263071895424836,0.006535947712418277,0.3848039215686274,0.0,0.8737136124960013,0.011541013206683323,0.6111111111111112,0.0,0.92831541218638,0.012923122851125393,0.2759856630824372,0.0,0.8195487338715676,0.0016355961176855321,0.3802469135802469,0.0,0.3590155259690431,0.0022031441785888826,-0.1045279693589734,0.0,76863.39732677401,574.850411408721,85914.36950148,149.45278731399125,273.8814413333334,1.3979682337508306,297.6059026666667,0.4426341881871708,1.344665229424512e+16,,,,,,,,,,,,,,,,,,,,,,,,,,,,,,,,,
5,glue_qnli,1.000000000000267,0.0,0.0,0.0,13093.0,0.0,0.0,0.0,,,,,0.16609929750363026,0.029202633730678856,0.16609929750363026,0.029202633730678856,0.8161571785953994,0.003085410184824111,0.4949661358228079,0.0,1.0,0.0,0.8701839682403346,0.003183952195822693,0.7477966920197995,0.003742605336230831,0.0007243752263672,0.0,0.8043588138333327,0.0034090210803461142,0.0014477017734346,0.0,0.6393122521494846,0.006120074795869765,0.0189316461535685,0.0,231410.701758499,2544.4076786259757,261767.85110047963,692.9139727301258,871.3856420000001,7.880479972774152,939.9653920000001,2.069548860668038,4.055970444800741e+16,,,,,,,,,,,,,,,,,,,,,,,,,,,,,,,,,
5,glue_qqp,0.9999999999999862,0.0,0.0,0.0,45481.0,0.0,0.0,0.0,45481.0,0.0,45481.0,0.0,0.13159763316313422,0.006825329652994876,0.13159763316313422,0.006825329652994876,0.8514881688515129,0.002904137307108769,0.5375463764531289,0.0,0.8737945468752629,0.00494757807425328,0.3449397982427595,0.0,0.6976150487067518,0.014462391352402102,0.2848505206583809,0.0,0.7755624871393718,0.006996919307570861,0.312028553556316,0.0,0.6763485733923984,0.006065362870548213,-0.0318303717947929,0.0,625141.0182183561,7737.119651428372,761046.0445746259,1689.792442334181,2548.2055616666667,36.047532518652204,2891.8061073333333,32.17177821502544,9.90322879772042e+16,,,,,,,,,,,,,,,,,,,,,,,,,,,,,,,,,
5,glue_rte,10.000000000000243,0.0,0.0,0.0,1560.0,0.0,0.0,0.0,1560.0,0.0,1560.0,0.0,0.2776807844638824,0.010950724347518514,0.033063275118668835,0.007339343237467005,0.6016847172081828,0.008423586040914546,0.5102286401925391,0.0031838162588021792,0.6554583035033833,0.012608950333009331,0.0,0.0,0.8804071246819337,0.022182691824634476,0.0,0.0,0.6317841546671363,0.008985030585721596,0.0,0.0,0.19812797158727827,0.01663825411798659,-0.0010945672341943333,0.0010945672341943333,91421.233866826,591.6937966197413,101524.03376729535,557.6751300177939,325.0073723333333,0.7954309594656634,355.18858900000004,4.002318614954255,1.693747783480672e+16,,,,,,,,,,,,,,,,,,,,,,,,,,,,,,,,,
5,glue_sst2,0.9999999999999373,0.0,0.0,0.0,4210.0,0.0,0.0,0.0,,,,,0.08214427903294559,0.024821369696710144,0.08214427903294559,0.024821369696710144,0.9288990825688073,0.0011467889908256673,0.6032110091743119,0.0,0.9104725914730792,0.0023028335148441615,0.5698005698005698,0.0,0.9542042042042042,0.0007507507507507061,0.9009009009009009,0.0,0.9318210549850513,0.000999160334792917,0.6980802792321118,0.0,0.8586621389377784,0.0021757014126284335,0.24643816888916628,0.0,80604.51186228001,757.6738247454747,86859.24583368433,338.6583941441084,303.840494,2.437572894840771,313.37245566666667,0.7143698373779813,1.4497416894449328e+16,,,,,,,,,,,,,,,,,,,,,,,,,,,,,,,,,
5,hellaswag,2.999999999999721,0.0,0.0,0.0,14967.0,0.0,0.0,0.0,14967.0,0.0,14967.0,0.0,0.23262066642443338,0.029102366567691905,0.020817934535443734,0.0027393952215256606,0.7932018854145921,0.001910597680562721,0.2534355706034654,0.0,,,,,,,,,,,,,,,,,325004.49107769696,2465.4079796417795,436487.16265875706,2447.48088837864,1299.6014383333334,14.658517340609011,1562.2318323333332,8.738605770602154,1.035461978651531e+17,,,,,,,,,,,,,,,,,,,,,,,,,,,,,,,,,
5,piqa,3.000000000000148,0.0,0.0,0.0,6045.0,0.0,0.0,0.0,6045.0,0.0,6045.0,0.0,0.24127304553985587,0.0024054686395202224,0.18037875990072885,0.005933193476834335,0.5125136017410229,0.004363877190974199,0.4967355821545158,0.0,1.0,0.0,0.5116740448548228,0.000989652577826442,0.3595545977011494,0.059616698761655214,0.0032327586206896005,0.0,0.4203720569760066,0.041756203532520145,0.006444683136412399,0.0,0.041213794791713436,0.0011742343489339335,0.008115683137247167,0.0011477380587712575,74584.38414958601,799.6926238702122,88474.93310030368,1267.7911140256872,318.43680166666667,3.801708533549161,364.4053783333333,9.073229353775945,2.693643502434605e+16,,,,,,,,,,,,,,,,,,,,,,,,,,,,,,,,,
6,allenai_task219_rocstories_title_answer_generation,2.99999999999991,0.0,0.0,0.0,2193.0,0.0,0.0,0.0,2193.0,0.0,2193.0,0.0,1.1227622032165527,0.00416338963827993,0.23147088785966238,0.038140225290424545,,,,,,,,,,,,,,,,,,,,,26020.20945026733,264.20318651376834,66119.237102305,2651.34923704566,103.24266866666666,1.6151887664452071,597.9811986666667,13.927714311679289,8634431847610368.0,,5.05676971303383e-05,2.5707982937523305e-06,0.0,0.0,0.18926402323569805,0.011118853436299038,0.02069812121929177,0.0001388613554583949,0.19726337189960486,0.0019025296401015644,0.03577271746209107,0.00028004034303859184,0.05454783542840794,0.0033206654451838936,0.007178331308524101,0.00027900408735737065,0.1956941095076931,0.0018972352278245736,0.0342253132266566,0.0003629244915366385,0.19589562702755503,0.001890133723857964,0.03479750600762127,0.00029011118808669066,0.18756641319795544,0.0025475973950350905,0.0821148551021178,0.000843245699197922,,,,
6,allenai_task288_gigaword_summarization,4.999999999999932,0.0,0.0,0.0,1085.0,0.0,0.0,0.0,1085.0,0.0,1085.0,0.0,2.3015589714050293,0.005008667361209762,0.7318516373634338,0.020359870564782317,,,,,,,,,,,,,,,,,,,,,10861.035320825335,106.26141528592274,24698.51341776867,518.2718447736471,49.33819333333333,0.9869164904405262,252.06964566666667,12.521437840543383,3567262154233120.0,,0.02992385660499063,0.001113402584912421,0.0002919910034755333,0.00029199100347553335,1.2097334683455798,0.0013479054287425791,0.18094738802668112,0.004185398490310053,0.1789103042236521,0.001303023032938792,0.09858718293678075,0.0018894342882503868,0.04990910117247133,0.001235521462842221,0.02397427567346967,0.0012707395615591214,0.15992410814256644,0.0010577830258393975,0.0824615041991258,0.0008148122069288208,0.16079631565892707,0.0010038481098765054,0.08499112506902866,0.0007189221174046709,0.17185450743966912,0.002602050119107038,0.1538908525231342,0.0006177479667116065,,,,
6,alpaca_mmlu,0.9999999999999222,0.0,0.0,0.0,6376.0,0.0,0.0,0.0,6376.0,0.0,6376.0,0.0,1.42632261912028,0.007185873075300605,1.42632261912028,0.007185873075300605,,,,,,,,,,,,,,,,,,,,,216379.334136046,1838.1644222966725,333035.1729218447,565.7038885072699,780.7808286666667,3.301659621951375,1706.9697820000001,12.388395637094161,3.760303131553155e+16,,0.09414260811086746,0.00043329749768338335,0.05499720992966176,0.0003814945904008437,2.034631601463423,0.017712532535450694,1.5213196257558976,0.007492838357037224,0.32379380766802895,0.0013687151991833748,0.2851791369641592,0.0015726479752505287,0.13391445582393705,0.0007355327672291343,0.1085357618655524,0.0004830030989181025,0.24957775847067432,0.0010886755736551782,0.21038365146363144,0.0012834517360634824,0.269272887357628,0.0012072344848095568,0.23503802791937548,0.0012422062861914172,0.3021212386457319,0.003035241842345478,0.2912953160022446,0.0011652650707616489,,,,
6,arc_challenge,7.999999999999974,0.0,0.0,0.0,560.0,0.0,0.0,0.0,560.0,0.0,560.0,0.0,0.5127550562222799,0.005768208548841026,0.24080626169840494,0.03232241891630284,0.2675585284280936,0.005792812065447746,0.1872909698996655,0.0,,,,,,,,,,,,,,,,,10318.212068708666,106.29413807079735,13288.134058322665,249.40377967793293,41.73759733333333,0.4524883726536822,53.83442,2.7896758303061544,4011843776334848.0,,,,,,,,,,,,,,,,,,,,,,,,,,,,,,,,,
6,arc_easy,1.000000000000001,0.0,0.0,0.0,141.0,0.0,0.0,0.0,141.0,0.0,141.0,0.0,0.508367677529653,0.003878056718621023,0.508367677529653,0.003878056718621023,0.2473684210526315,0.0,0.2146198830409356,0.0025490637096729045,,,,,,,,,,,,,,,,,2270.541446135667,60.690512800674526,3491.127340846,233.6921204752673,9.409267666666667,0.10352352035863394,16.457775666666667,3.1679231652851225,900016400937504.0,,,,,,,,,,,,,,,,,,,,,,,,,,,,,,,,,
6,boolq,2.999999999999861,0.0,0.0,0.0,3537.0,0.0,0.0,0.0,3537.0,0.0,3537.0,0.0,0.21364605923493699,0.010054253678704331,0.07472895209987952,0.015023886400090709,0.7197757390417941,0.0011755925172956827,0.6186544342507645,0.0,0.7537176173975085,0.007919777502462902,0.6243670886075949,0.0,0.9704869650762419,0.0,0.8111165764879488,0.009643099493380932,0.7836836593763747,0.0027094365016675985,0.755717719903204,0.0022236721955921726,0.39080309120130274,0.006303323407450789,0.0293381270235792,0.0,71305.47967375534,734.8015281655144,96965.83186810999,959.3359962410733,289.44956766666667,2.6810921957308356,388.0945076666667,9.985470451823355,2.748288668616941e+16,,,,,,,,,,,,,,,,,,,,,,,,,,,,,,,,,
6,glue_cola,3.0000000000000324,0.0,0.0,0.0,1605.0,0.0,0.0,0.0,,,,,0.20386858781178785,0.012947394189181434,0.11297802875439321,0.0028628909712562216,0.785234899328859,0.00287631831255993,0.6001917545541706,0.0,0.7830464420828785,0.007717278967122042,0.6849148418491483,0.0,0.9870550161812298,0.0016669215328081672,0.7808599167822469,0.0,0.8600326108868459,0.0010516298168088778,0.729747245625405,0.0,0.4598421379064002,0.007548920297269421,-0.026552650791889603,0.0,24055.275943797664,371.7472260918272,28452.574671416663,112.00016499615587,97.73924933333335,1.8659076325817356,110.32785833333332,0.5008820090102202,3764323195192224.0,,,,,,,,,,,,,,,,,,,,,,,,,,,,,,,,,
6,glue_mnli_matched,0.9999999999997308,0.0,0.0,0.0,24544.0,0.0,0.0,0.0,24544.0,0.0,24544.0,0.0,0.11315612743298208,0.004243251953306833,0.11315612743298208,0.004243251953306833,0.8186109696043471,0.0034462263418367366,0.3496688741721854,0.0,,,,,,,,,,,,,,,,,945738.0673334636,5631.053530444151,1010316.3266042062,3025.6929002892293,3374.4979026666665,19.110871003476074,3492.980443666667,6.86875489264577,1.646870168988831e+17,,,,,,,,,,,,,,,,,,,,,,,,,,,,,,,,,
6,glue_mnli_mismatched,0.9999999999997308,0.0,0.0,0.0,24544.0,0.0,0.0,0.0,24544.0,0.0,24544.0,0.0,0.11315612743298208,0.004243251953306833,0.11315612743298208,0.004243251953306833,0.8233658801193382,0.004674299229965033,0.3331977217249796,0.0,,,,,,,,,,,,,,,,,945738.0673334636,5631.053530444144,1010316.3266042062,3025.6929002892384,3374.4979026666665,19.11087100347604,3492.980443666667,6.868754892645733,1.646870168988831e+17,,,,,,,,,,,,,,,,,,,,,,,,,,,,,,,,,
6,glue_mrpc,9.99999999999974,0.0,0.0,0.0,2300.0,0.0,0.0,0.0,,,,,0.2531461864709854,0.019640792654101173,0.0009798775330030333,0.00025006096402748786,0.75,0.002830148378380508,0.3848039215686274,0.0,0.8716329966329965,0.007126975682607791,0.6111111111111112,0.0,0.967741935483871,0.014336917562724085,0.2759856630824372,0.0,0.834022999723483,0.0059537325048779795,0.3802469135802469,0.0,0.39509731858041824,0.007590618564524856,-0.1045279693589734,0.0,81135.29002319001,562.5921659071472,90451.48355249933,190.69981594858427,290.20970933333336,1.2921192508575992,314.39344166666666,0.9840401443728979,1.390880249757056e+16,,,,,,,,,,,,,,,,,,,,,,,,,,,,,,,,,
6,glue_qnli,1.000000000000267,0.0,0.0,0.0,13093.0,0.0,0.0,0.0,,,,,0.16257421672344205,0.014066113937288226,0.16257421672344205,0.014066113937288226,0.8340350234913662,0.001130042051220465,0.4949661358228079,0.0,1.0,0.0,0.8867216348007368,0.0027093311183576533,0.7700108656283954,0.002356540057460234,0.0007243752263672,0.0,0.8242431902030791,0.001171639793365668,0.0014477017734346,0.0,0.6745022806679787,0.0024188971641435865,0.0189316461535685,0.0,243946.49070915833,2069.031853546302,275557.42307505937,1388.1324584466417,931.1693846666667,5.14780395974314,1004.737317,8.429944110512608,4.19537074409251e+16,,,,,,,,,,,,,,,,,,,,,,,,,,,,,,,,,
6,glue_qqp,0.9999999999999862,0.0,0.0,0.0,45481.0,0.0,0.0,0.0,45481.0,0.0,45481.0,0.0,0.1395116001367568,0.007596909524512779,0.1395116001367568,0.007596909524512779,0.861423035699563,0.004940661787135634,0.5375463764531289,0.0,0.8803471076892003,0.0054756160924796845,0.3449397982427595,0.0,0.722113984996081,0.021359786408737164,0.2848505206583809,0.0,0.7929131678964989,0.010762242139054261,0.312028553556316,0.0,0.6984354493791526,0.01046903636554851,-0.0318303717947929,0.0,662139.3626101883,8020.706738757772,799959.9291665656,1599.1501642647956,2783.1913863333334,49.88999336239719,3137.521714,46.89610435370021,1.024359445482136e+17,,,,,,,,,,,,,,,,,,,,,,,,,,,,,,,,,
6,glue_rte,10.000000000000243,0.0,0.0,0.0,1560.0,0.0,0.0,0.0,1560.0,0.0,1560.0,0.0,0.2751330435276031,0.003195262851746498,0.0027095132584993332,0.0012960448700703234,0.6064981949458484,0.00955144877640649,0.5270758122743683,0.0,0.6512227538543328,0.0016805377903321467,0.0,0.0,0.6997455470737913,0.06452275996491587,0.0,0.0,0.6016211988234944,0.0242949503420473,0.0,0.0,0.21077286962897326,0.01659456592505903,0.0,0.0,97207.72498538632,727.6517033520349,107501.42134826967,583.4240490943108,344.84186666666665,0.9099970350943265,375.95218266666666,4.724047588871803,1.751960495056096e+16,,,,,,,,,,,,,,,,,,,,,,,,,,,,,,,,,
6,glue_sst2,0.9999999999999373,0.0,0.0,0.0,4210.0,0.0,0.0,0.0,,,,,0.10877737651268636,0.026419270483061384,0.10877737651268636,0.026419270483061384,0.9285168195718655,0.002128350291601743,0.6032110091743119,0.0,0.9092807325713239,0.004534974371011229,0.5698005698005698,0.0,0.954954954954955,0.0022522522522522618,0.9009009009009009,0.0,0.9315367391340272,0.0018440103343863644,0.6980802792321118,0.0,0.8580228354989047,0.004011436438040688,0.24643816888916628,0.0,85420.397351522,961.5480588897999,91947.82899005401,412.49501863669593,319.79522833333334,1.9524100853540274,329.645459,1.7724636021316147,1.4995680945606256e+16,,,,,,,,,,,,,,,,,,,,,,,,,,,,,,,,,
6,hellaswag,2.999999999999721,0.0,0.0,0.0,14967.0,0.0,0.0,0.0,14967.0,0.0,14967.0,0.0,0.16518283387025193,0.021021313037728924,0.037504086736589635,0.024012658716400268,0.8115249286330745,0.0007591181455240738,0.2534355706034654,0.0,,,,,,,,,,,,,,,,,347774.68656769366,4353.9880472378445,460770.7834435923,1156.4768880721479,1402.4899943333332,38.49612568717353,1669.9622536666666,26.804857981089466,1.0710499381483483e+17,,,,,,,,,,,,,,,,,,,,,,,,,,,,,,,,,
6,piqa,3.000000000000148,0.0,0.0,0.0,6045.0,0.0,0.0,0.0,6045.0,0.0,6045.0,0.0,0.23181296885013578,0.0026874060486295056,0.16404775281747178,0.010505867482924418,0.5272034820457018,0.003935896701888071,0.49474066013783097,0.0019949220166848303,1.0,0.0,0.5160527535663024,0.013655693428912345,0.35165229885057475,0.0065939510598727715,0.0032327586206896005,0.0,0.4288562858526599,0.004160878019706244,0.006444683136412399,0.0,0.0620092266679014,0.008851750492298383,0.013033343114791434,0.01611361884806585,79037.774033571,680.1957644363417,93815.52431223,1476.1250014736213,340.314038,4.349529286952835,388.49727333333334,10.318108632577047,2.786221769204909e+16,,,,,,,,,,,,,,,,,,,,,,,,,,,,,,,,,
7,allenai_task219_rocstories_title_answer_generation,2.999999999999924,0.0,0.0,0.0,2187.0,0.0,0.0,0.0,2187.0,0.0,2187.0,0.0,1.0120005210240681,0.006748904112575613,0.0073891251037517995,0.0014905208147272557,,,,,,,,,,,,,,,,,,,,,27140.81818196134,100.9683042830305,76552.06129408967,843.3620584883691,107.91370466666666,1.2880877573183644,778.9002266666666,94.86797862886488,8879917552802304.0,,0.005684704170376367,0.0012999782699272136,0.0,0.0,0.17565603828420684,0.02075255505385824,0.022794140541658698,0.0002043197799148496,0.19747596559020386,0.0027608855951771157,0.03562190700478607,0.000243908911764467,0.06033001461830193,0.0016724035651317095,0.007221293041108967,0.0001606118826849355,0.19660554509445138,0.0030322485639167705,0.03409374612344553,0.00014039854051132994,0.19672196755103652,0.0029536967880860144,0.034668623058972996,0.00024263801584727663,0.19131644863891137,0.003989363693391797,0.08188724148903727,0.0007787672792584412,,,,
7,allenai_task288_gigaword_summarization,4.999999999999932,0.0,0.0,0.0,1085.0,0.0,0.0,0.0,1085.0,0.0,1085.0,0.0,2.1478942235310874,0.030692012115550213,0.20422633488972974,0.012188023949244274,,,,,,,,,,,,,,,,,,,,,11443.200045086,152.6147403985211,25979.305657220335,386.9035229079181,52.76897266666666,1.1441202378451214,272.27497066666666,9.743000367731476,3668537029764640.0,,0.037334615559654866,0.0015955457520771214,0.0008558525258866334,0.00040417538686275277,1.2799456116513948,0.03933052933837407,0.16590827157310858,0.0019308161641489162,0.19168927087340001,0.002942569687095739,0.08675167352075093,0.0027480936523261073,0.05910871772100213,0.0012814756692523697,0.0213786525256623,0.00029838568517011983,0.17266393880097455,0.002203563761212041,0.07404772642071487,0.0024802487837510103,0.1728424090181966,0.002238053516512416,0.0768313653475782,0.0023240957615640926,0.19313037850147655,0.005691302808558666,0.14319623954040916,0.003415047621595846,,,,
7,alpaca_mmlu,0.9999999999999222,0.0,0.0,0.0,6376.0,0.0,0.0,0.0,6376.0,0.0,6376.0,0.0,1.4260695775349934,0.014682472280561396,1.4260695775349934,0.014682472280561396,,,,,,,,,,,,,,,,,,,,,227829.736824936,1724.1842187082743,343586.6457681363,1605.0294815915665,827.7819283333333,4.774463607028042,1747.5032636666667,5.550713839631007,3.885247366279773e+16,,0.09783062995021019,0.0012083456884196063,0.05530673466311393,0.00039985300232758006,2.062128317179828,0.04504232042522055,1.5251919311084288,0.004430574961816436,0.3261350755186661,0.0019422262907405634,0.28749296910714,0.002344195224041185,0.13638690880003373,0.002967909493571769,0.10961880347262443,0.0022838392683031537,0.25241723279401274,0.002136556479298372,0.21149749886741845,0.0022459003016046097,0.2717979108141027,0.0024146105720399052,0.2367983986990919,0.002381485970584748,0.3013557149764035,0.0022688954725226355,0.2919341227962132,0.0033607113013833802,,,,
7,arc_challenge,7.999999999999974,0.0,0.0,0.0,560.0,0.0,0.0,0.0,560.0,0.0,560.0,0.0,0.4894970456759135,0.0017915320298672226,0.21692029138406113,0.04009027015779722,0.26532887402452615,0.004019566639313258,0.1872909698996655,0.0,,,,,,,,,,,,,,,,,10571.259436089333,181.7603554313204,13499.691569269666,250.32702236524867,43.72377866666667,0.5183803627071967,56.294936,3.13655388453145,4145146173094912.0,,,,,,,,,,,,,,,,,,,,,,,,,,,,,,,,,
7,arc_easy,1.000000000000001,0.0,0.0,0.0,141.0,0.0,0.0,0.0,141.0,0.0,141.0,0.0,0.49520157774289447,0.005863959702936052,0.49520157774289447,0.005863959702936052,0.2473684210526315,0.0,0.23099415204678356,0.0042170190356303925,,,,,,,,,,,,,,,,,2362.533931592,77.3765314810523,3650.115279884667,237.99564944881593,9.781943333333333,0.08128798573453394,17.229252,3.5409396976390797,929921399811744.0,,,,,,,,,,,,,,,,,,,,,,,,,,,,,,,,,
7,boolq,2.999999999999861,0.0,0.0,0.0,3537.0,0.0,0.0,0.0,3537.0,0.0,3537.0,0.0,0.2541107535362243,0.00929724861346484,0.06080548154811057,0.02402582211931084,0.75565749235474,0.0008090982602644009,0.6186544342507645,0.0,0.7812979633910208,0.0068050316103015355,0.6243670886075949,0.0,0.9704869650762419,0.0,0.7984915559927858,0.00698136378292956,0.8112031024961764,0.002399172498068144,0.7598690544964376,0.0,0.4701567858657669,0.003113027050626717,0.0293381270235792,0.0,74764.74777319467,404.96838031535304,100953.96968633332,1462.196571516689,304.550759,2.856999038538393,405.408991,10.89815788659398,2.8396065280939584e+16,,,,,,,,,,,,,,,,,,,,,,,,,,,,,,,,,
7,glue_cola,3.0000000000000324,0.0,0.0,0.0,1605.0,0.0,0.0,0.0,,,,,0.2387358248233795,0.015363998742651826,0.0984293992320696,0.013170638348780335,0.8098434004474272,0.0015979546180888242,0.6001917545541706,0.0,0.8079632635404354,0.0023539640174481237,0.6849148418491483,0.0,0.97457235321313,0.004692044181734747,0.7808599167822469,0.0,0.8736432035074241,0.0011378250827159102,0.729747245625405,0.0,0.527889939382666,0.004342932807020874,-0.026552650791889603,0.0,24469.033973092,324.0827859267788,29007.59425520733,180.33639598041265,97.513192,1.0378927068403268,110.680834,1.4720070115217985,3889401011250720.0,,,,,,,,,,,,,,,,,,,,,,,,,,,,,,,,,
7,glue_mnli_matched,0.9999999999997308,0.0,0.0,0.0,24544.0,0.0,0.0,0.0,24544.0,0.0,24544.0,0.0,0.12440555294354749,0.008810182372208602,0.12440555294354749,0.008810182372208602,0.8329767362879945,0.001354638863995874,0.3496688741721854,0.0,,,,,,,,,,,,,,,,,999626.9061333531,2752.661387527998,1064747.1754054974,4231.348862108125,3572.628559666666,17.97028141442071,3693.2725656666667,4.562779308410003,1.7015910057691818e+17,,,,,,,,,,,,,,,,,,,,,,,,,,,,,,,,,
7,glue_mnli_mismatched,0.9999999999997308,0.0,0.0,0.0,24544.0,0.0,0.0,0.0,24544.0,0.0,24544.0,0.0,0.12440555294354749,0.008810182372208606,0.12440555294354749,0.008810182372208606,0.8460808245185788,0.0004994209337760111,0.3331977217249796,0.0,,,,,,,,,,,,,,,,,999626.9061333531,2752.661387528009,1064747.1754054974,4231.348862108127,3572.628559666666,17.970281414420636,3693.2725656666667,4.562779308410037,1.7015910057691818e+17,,,,,,,,,,,,,,,,,,,,,,,,,,,,,,,,,
7,glue_mrpc,9.99999999999974,0.0,0.0,0.0,2300.0,0.0,0.0,0.0,,,,,0.22965135673681894,0.008409339304424382,0.0007085820349553668,0.0004165457886963755,0.7581699346405228,0.006980395216762704,0.3848039215686274,0.0,0.8759261859110907,0.011154532266201599,0.6111111111111112,0.0,0.9844683393070491,0.004307707617041795,0.2759856630824372,0.0,0.8436178280786583,0.003566894352400016,0.3802469135802469,0.0,0.4189683274179741,0.014515699033405823,-0.1045279693589734,0.0,85682.83406414,719.992383302393,95004.27882284601,119.95939496095728,307.6132773333334,1.4915792524995373,332.33061833333335,0.8820909973346225,1.4370952700896e+16,,,,,,,,,,,,,,,,,,,,,,,,,,,,,,,,,
7,glue_qnli,1.000000000000267,0.0,0.0,0.0,13093.0,0.0,0.0,0.0,,,,,0.18968631327152244,0.015675297252637024,0.18968631327152244,0.015675297252637024,0.8691195313930075,0.0020628642997592038,0.4949661358228079,0.0,1.0,0.0,0.8988781793905506,0.004026959693147187,0.8350839067970542,0.007771810667357753,0.0007243752263672,0.0,0.8657306461575708,0.0028149126838242266,0.0014477017734346,0.0,0.7404226818585903,0.0036083555548299313,0.0189316461535685,0.0,256796.44660717566,2677.126212307734,289092.97959550034,841.348786530249,983.6154476666667,6.779706913665099,1058.7375336666666,6.193649547200514,4.33477104338428e+16,,,,,,,,,,,,,,,,,,,,,,,,,,,,,,,,,
7,glue_qqp,0.9999999999999862,0.0,0.0,0.0,45481.0,0.0,0.0,0.0,45481.0,0.0,45481.0,0.0,0.17853403588136033,0.029346265656869697,0.17853403588136033,0.029346265656869697,0.8683980542501443,0.0034270899949836006,0.5375463764531289,0.0,0.8864859588825164,0.0020564836912265825,0.3449397982427595,0.0,0.7369835404769902,0.012529527088546996,0.2848505206583809,0.0,0.8047077464671178,0.006695189695014784,0.312028553556316,0.0,0.7137313711810704,0.007402425173955524,-0.0318303717947929,0.0,683110.0148009883,7731.999787845843,825478.4383638264,763.0350383006987,2655.767011,23.883800931597317,3018.1409163333333,21.32776656456087,1.05839601119223e+17,,,,,,,,,,,,,,,,,,,,,,,,,,,,,,,,,
7,glue_rte,10.000000000000243,0.0,0.0,0.0,1560.0,0.0,0.0,0.0,1560.0,0.0,1560.0,0.0,0.25183212757110596,0.0002080037379244206,0.006568129019190833,0.001982101643672169,0.6823104693140795,0.007220216606498196,0.5270758122743683,0.0,0.7359013653093628,0.020189204600936244,0.0,0.0,0.8295165394402035,0.04458375437133647,0.0,0.0,0.7057070431736262,0.014407918354610966,0.0,0.0,0.38631609830042185,0.024217253707854686,0.0,0.0,102471.649619348,726.0850938722549,112787.40945329568,561.4839399010098,364.692883,1.1530790919101577,396.68396133333334,4.7781679160084,1.81017320663152e+16,,,,,,,,,,,,,,,,,,,,,,,,,,,,,,,,,
7,glue_sst2,0.9999999999999373,0.0,0.0,0.0,4210.0,0.0,0.0,0.0,,,,,0.09612129877010978,0.012924232413948675,0.09612129877010978,0.012924232413948675,0.9292813455657493,0.0039909428550881755,0.6032110091743119,0.0,0.9064899840452457,0.005248833913830836,0.5698005698005698,0.0,0.9602102102102101,0.0019862997830815705,0.9009009009009009,0.0,0.9325699039290245,0.0036706804423732847,0.6980802792321118,0.0,0.8599430956946857,0.007800140766490808,0.24643816888916628,0.0,89537.00965416433,766.0008223397729,96133.39194622065,341.3740550989122,340.852293,2.535513188151257,351.252428,2.1601666480195565,1.5493944996763184e+16,,,,,,,,,,,,,,,,,,,,,,,,,,,,,,,,,
7,hellaswag,2.999999999999721,0.0,0.0,0.0,14967.0,0.0,0.0,0.0,14967.0,0.0,14967.0,0.0,0.18745660285154975,0.012489499750308013,0.042652992919708234,0.04101783790092176,0.8216822678085375,0.0015526808157108932,0.2534355706034654,0.0,,,,,,,,,,,,,,,,,366576.96052798134,2598.7684408504806,480888.00745486206,2278.369557709148,1491.9261423333335,13.421558893864178,1766.0150236666668,5.7285723049176465,1.1066378976451656e+17,,,,,,,,,,,,,,,,,,,,,,,,,,,,,,,,,
7,piqa,3.000000000000148,0.0,0.0,0.0,6045.0,0.0,0.0,0.0,6045.0,0.0,6045.0,0.0,0.23892718553543088,0.0054577994484288055,0.11831831683715181,0.026703370309521347,0.55930359085963,0.00979828992327899,0.4967355821545158,0.0,1.0,0.0,0.5248168792243937,0.004699645780870103,0.43534482758620685,0.02240584795079124,0.0032327586206896005,0.0,0.4988489586749756,0.018298859762796885,0.006444683136412399,0.0,0.12483702542528241,0.0191202041870272,0.0239723509454578,0.008492169479524029,83639.70624781167,947.6361739761654,98737.37151923333,1183.7051869621378,364.54194433333333,3.9813213983623594,415.143253,11.941877265690415,2.878800035975213e+16,,,,,,,,,,,,,,,,,,,,,,,,,,,,,,,,,
8,allenai_task219_rocstories_title_answer_generation,2.9999999999999587,0.0,0.0,0.0,2205.0,0.0,0.0,0.0,2205.0,0.0,2205.0,0.0,1.1252498626708984,0.009871621149479645,0.3718970914681752,0.04553707338318564,,,,,,,,,,,,,,,,,,,,,29783.73755881033,282.84236490229233,68290.24105022033,1916.283491329657,118.10673066666668,1.6459866483948522,603.4926926666667,11.82999609932048,9261657177336960.0,,0.010867711994353468,0.003449792460994019,0.0,0.0,0.19165247863436577,0.020597461032662474,0.021695774464952234,0.00021487785142574036,0.2055752093746063,0.001639789757508217,0.035105294203363606,0.00013100958504128565,0.06259088512821147,0.00042975112934594853,0.0076257212902756,0.00033455984331109045,0.2039970462515631,0.0012872514122106546,0.03332167043765133,0.00020951101627145554,0.2044679827079945,0.0012441260944950118,0.034008782803501,0.00016490234444840014,0.20740908834297622,0.001678394350695832,0.07761213837813084,0.0001897213007575842,,,,
8,allenai_task288_gigaword_summarization,4.9999999999999,0.0,0.0,0.0,1070.0,0.0,0.0,0.0,1070.0,0.0,1070.0,0.0,2.024714390436808,0.002806417760127379,0.2141455809275309,0.02382013823622969,,,,,,,,,,,,,,,,,,,,,12211.580268447002,85.15661781072619,28238.763921848004,1390.46806031815,57.712310333333335,0.4478696516734628,314.449138,19.652893265587178,3765521985730560.0,,0.04927924672344453,0.002610967664231988,0.0015037495182244334,7.906138026346046e-05,1.3314696348351882,0.028430379042677104,0.16682755144616515,0.004493571853480499,0.1900833165846716,0.003040427929510701,0.08625156655112247,0.0012403311647068381,0.058782644681398204,0.0011159051767975412,0.021301648655467034,0.0010137299263968435,0.1732507188039476,0.0020340355522270714,0.0748754667291447,0.0011179399779527792,0.17343573834188816,0.002054702220827374,0.0774363990519687,0.0012839482039231492,0.19727761878382163,0.006038574893030985,0.14525015869983862,0.0031588671897800715,,,,
8,alpaca_mmlu,0.9999999999999222,0.0,0.0,0.0,6376.0,0.0,0.0,0.0,6376.0,0.0,6376.0,0.0,1.403678059577942,0.004883655741719374,1.403678059577942,0.004883655741719374,,,,,,,,,,,,,,,,,,,,,240174.00169008598,1988.4667444729532,358946.42025887035,1746.6803528700352,875.198274,4.361437726192927,1834.356127,2.1058628241480912,4.01019160100639e+16,,0.10339207482826623,0.002150868543008932,0.054500899448239604,0.0004159212606491177,2.072174598611569,0.05657807081385038,1.503036047943758,0.0069365274962604,0.33273656876309804,0.0014349209237873716,0.2852306303462927,0.0012536412135599531,0.1413538259011559,0.0009658937419059212,0.10833425019895804,0.0012023781429394578,0.25928387504698375,0.0005810966555540197,0.21051930029936453,0.0018512298511690795,0.27829951845440754,0.0009271113243855921,0.2350665985432303,0.0015292040248961827,0.3160645595621521,0.002974642799674088,0.2883594229079978,0.0029320853014355146,,,,
8,arc_challenge,7.999999999999974,0.0,0.0,0.0,560.0,0.0,0.0,0.0,560.0,0.0,560.0,0.0,0.5233993232250214,0.02968308751670467,0.16968055938680962,0.09987179515285514,0.30211817168338906,0.005899111061459523,0.1872909698996655,0.0,,,,,,,,,,,,,,,,,11424.302632507999,167.0053126624068,14419.408176616,276.23345582929835,46.473498666666664,0.767068003815901,59.43728266666667,3.153163462410111,4278448569854976.0,,,,,,,,,,,,,,,,,,,,,,,,,,,,,,,,,
8,arc_easy,1.000000000000001,0.0,0.0,0.0,141.0,0.0,0.0,0.0,141.0,0.0,141.0,0.0,0.46407537659009296,0.00374000244698132,0.46407537659009296,0.00374000244698132,0.3187134502923976,0.010924878182613687,0.2473684210526315,0.0,,,,,,,,,,,,,,,,,2498.1129841523334,81.65022430100294,3805.5078579799997,268.43659797253576,10.449597666666667,0.13976795578664547,18.219427,3.7835500174443304,959826398685984.0,,,,,,,,,,,,,,,,,,,,,,,,,,,,,,,,,
8,boolq,2.999999999999861,0.0,0.0,0.0,3537.0,0.0,0.0,0.0,3537.0,0.0,3537.0,0.0,0.22842852771282193,0.008721216119749494,0.021330594085156866,0.006935496037205439,0.7886850152905199,0.0027181022682922383,0.6186544342507645,0.0,0.8337652508035952,0.012906720531716934,0.6243670886075949,0.0,0.9704869650762419,0.0,0.8183308739137564,0.022933492290415962,0.8335491827507832,0.0037691198487729023,0.7598690544964376,0.0,0.5467754769569105,0.0041084434575171394,0.0293381270235792,0.0,78880.84551176833,665.8212213944856,105566.92639980366,1366.3048051998173,322.424022,2.3282242300208873,426.07342500000004,12.8449235381618,2.930924387570976e+16,,,,,,,,,,,,,,,,,,,,,,,,,,,,,,,,,
8,glue_cola,3.0000000000000324,0.0,0.0,0.0,1605.0,0.0,0.0,0.0,,,,,0.12980072697003678,0.013345241912028873,0.06744075069824847,0.0027190518538525743,0.8117609459891338,0.0008455581051660641,0.6001917545541706,0.0,0.8254293384096183,0.0026011136276173465,0.6849148418491483,0.0,0.951918631530282,0.004553332317057797,0.7808599167822469,0.0,0.8720355959093867,0.0010491205257160167,0.729747245625405,0.0,0.5351280882797799,0.002413228692524974,-0.026552650791889603,0.0,25795.686389322,456.541888117168,30453.059765295,165.77204128122602,103.457874,1.9353498080409972,116.62501666666667,1.1723392158680495,4014478827309216.0,,,,,,,,,,,,,,,,,,,,,,,,,,,,,,,,,
8,glue_mnli_matched,0.9999999999997308,0.0,0.0,0.0,24544.0,0.0,0.0,0.0,24544.0,0.0,24544.0,0.0,0.12459641446669889,0.011959341639615493,0.12459641446669889,0.011959341639615493,0.8454066904398031,0.001553349855802923,0.3496688741721854,0.0,,,,,,,,,,,,,,,,,1053881.3760758142,4391.951847721699,1119713.7427551104,3049.678629079581,3771.586432,14.054511484342308,3895.3107613333336,1.2265841212697466,1.7563118425495325e+17,,,,,,,,,,,,,,,,,,,,,,,,,,,,,,,,,
8,glue_mnli_mismatched,0.9999999999997308,0.0,0.0,0.0,24544.0,0.0,0.0,0.0,24544.0,0.0,24544.0,0.0,0.12459641446669889,0.011959341639615494,0.12459641446669889,0.011959341639615494,0.8566585299701654,0.0003997093206723495,0.3331977217249796,0.0,,,,,,,,,,,,,,,,,1053881.3760758142,4391.9518477217,1119713.7427551104,3049.678629079575,3771.586432,14.05451148434233,3895.3107613333336,1.2265841212696105,1.7563118425495325e+17,,,,,,,,,,,,,,,,,,,,,,,,,,,,,,,,,
8,glue_mrpc,9.99999999999974,0.0,0.0,0.0,2300.0,0.0,0.0,0.0,,,,,0.22314320504665372,0.004847016369137059,0.0006307208338208666,0.00032411568905250655,0.7794117647058822,0.008607560255598659,0.3848039215686274,0.0,0.8915050393527374,0.008851624473515094,0.6111111111111112,0.0,0.990442054958184,0.001194743130227003,0.2759856630824372,0.0,0.853999347059371,0.002193474301303682,0.3802469135802469,0.0,0.4695766442187139,0.009625960069491863,-0.1045279693589734,0.0,90553.64248512701,641.5119476035812,100141.02427579167,219.27357212579946,324.67304433333334,1.472072049462502,349.7410273333333,0.9496868832375533,1.483310290422144e+16,,,,,,,,,,,,,,,,,,,,,,,,,,,,,,,,,
8,glue_qnli,1.000000000000267,0.0,0.0,0.0,13093.0,0.0,0.0,0.0,,,,,0.15157620608806607,0.012294088794790024,0.15157620608806607,0.012294088794790024,0.8958447739337361,0.000732198425773369,0.4949661358228079,0.0,1.0,0.0,0.9242963764768719,0.005260637787291079,0.8649040202825063,0.007291884037446088,0.0007243752263672,0.0,0.8935253398927222,0.0014781074813423728,0.0014477017734346,0.0,0.7936166281370083,0.0006938020005932261,0.0189316461535685,0.0,268368.9929001053,1714.1998457656446,301169.86210004933,1964.5358463140158,1036.7976113333334,4.847662810798084,1113.5508633333332,10.913701088922647,4.47417134267605e+16,,,,,,,,,,,,,,,,,,,,,,,,,,,,,,,,,
8,glue_qqp,0.9999999999999862,0.0,0.0,0.0,45481.0,0.0,0.0,0.0,45481.0,0.0,45481.0,0.0,0.1011076321204503,0.010536274457687867,0.1011076321204503,0.010536274457687867,0.8741940803034051,0.00037574503636260713,0.5375463764531289,0.0,0.8882254605589818,0.0035677987549161787,0.3449397982427595,0.0,0.7531295487627365,0.004243690043253593,0.2848505206583809,0.0,0.8150807204327938,0.0011286838285525704,0.312028553556316,0.0,0.7263934427851177,0.0007940244613161137,-0.0318303717947929,0.0,719034.9309165137,5604.090379445003,862816.8540705373,2904.096521552725,2859.5900786666666,20.626386274965938,3228.4157566666668,20.08024917605927,1.0924325769023242e+17,,,,,,,,,,,,,,,,,,,,,,,,,,,,,,,,,
8,glue_rte,10.000000000000243,0.0,0.0,0.0,1560.0,0.0,0.0,0.0,1560.0,0.0,1560.0,0.0,0.2719506472349167,0.015536258128848655,0.0003523781100132333,8.449516318312334e-05,0.7930204572803851,0.01185181444259458,0.5270758122743683,0.0,0.8135819032179925,0.014000743490898056,0.0,0.0,0.9338422391857506,0.00917443072637148,0.0,0.0,0.7865383364498078,0.014722181728853617,0.0,0.0,0.5867332736017876,0.02568373042919186,0.0,0.0,107906.77269630432,1029.0008248463037,118367.92883476133,392.021386933745,384.19257666666664,1.753578765837857,416.891905,4.702161803591203,1.868385918206944e+16,,,,,,,,,,,,,,,,,,,,,,,,,,,,,,,,,
8,glue_sst2,0.9999999999999373,0.0,0.0,0.0,4210.0,0.0,0.0,0.0,,,,,0.07745367412765818,0.01964409303154149,0.07745367412765818,0.01964409303154149,0.9380733944954128,0.002387231650763886,0.6032110091743119,0.0,0.9208710207247098,0.0027698280181829476,0.5698005698005698,0.0,0.960960960960961,0.0019862997830814937,0.9009009009009009,0.0,0.9404872563260717,0.0022654683506159535,0.6980802792321118,0.0,0.8768716252192513,0.0047447240878395495,0.24643816888916628,0.0,94433.61084933968,663.6714221664995,101042.08275523833,385.12922535204746,361.20664166666666,2.255809448412496,371.50934333333333,2.721652857842956,1.5992209047920112e+16,,,,,,,,,,,,,,,,,,,,,,,,,,,,,,,,,
8,hellaswag,2.999999999999721,0.0,0.0,0.0,14967.0,0.0,0.0,0.0,14967.0,0.0,14967.0,0.0,0.15148491164048508,0.03606004341599663,0.004644462916379133,0.002184194170205472,0.8324370975237336,0.0005216833846345953,0.2534355706034654,0.0,,,,,,,,,,,,,,,,,389160.7213521013,1983.2817773829906,505466.6506815667,3347.0397350792846,1621.7432896666667,6.045382707740963,1905.63714,27.10028345683457,1.1422258571419829e+17,,,,,,,,,,,,,,,,,,,,,,,,,,,,,,,,,
8,piqa,3.000000000000148,0.0,0.0,0.0,6045.0,0.0,0.0,0.0,6045.0,0.0,6045.0,0.0,0.2404473970333735,0.004237784890987831,0.02108481231455997,0.010977251683709114,0.7257889009793254,0.0033094464256246976,0.4967355821545158,0.0,1.0,0.0,0.5283455056603205,0.012410708427505739,0.8063936781609194,0.007877770186588088,0.0032327586206896005,0.0,0.7480910386137651,0.0009248233718123205,0.006444683136412399,0.0,0.4565864906383343,0.005309645174928583,0.019675209518537167,0.011079781607192217,89022.63518062333,1118.390953537712,103711.05361878166,1300.6595386994547,394.3621043333333,4.458039147723155,447.57323966666667,13.735508783255383,2.971378302745517e+16,,,,,,,,,,,,,,,,,,,,,,,,,,,,,,,,,
9,allenai_task219_rocstories_title_answer_generation,3.0000000000000893,0.0,0.0,0.0,2190.0,0.0,0.0,0.0,2190.0,0.0,2190.0,0.0,0.9045683741569519,0.01401055159904574,0.008845517722268867,0.0006187056440098396,,,,,,,,,,,,,,,,,,,,,31889.522390709666,137.74445759550602,71970.540071022,2217.1492759398047,132.365441,0.9657134289016719,666.2481266666667,13.695658195925043,9474661416652416.0,,0.006020537018657634,0.0015154205766382094,0.0,0.0,0.15258497744836427,0.010432172999940278,0.018899488328564865,0.00023335435755536912,0.22478640473472514,0.003099188369826346,0.03422479652182627,0.0005902326595524519,0.07198537033503004,0.0012054968681221845,0.0070097249960701,0.00041050276205528317,0.22381339455445648,0.003356162964259376,0.03287549597467623,0.00042177553046690634,0.22417013497790184,0.003268817488724849,0.033371231362418735,0.000464866807292932,0.22112956213575696,0.003529238610794654,0.07909305666943477,0.0017455701197563777,,,,
9,allenai_task288_gigaword_summarization,4.999999999999924,0.0,0.0,0.0,1090.0,0.0,0.0,0.0,1090.0,0.0,1090.0,0.0,1.8497312466303508,0.012028355805851891,0.054594200104474994,0.007416016369590369,,,,,,,,,,,,,,,,,,,,,13026.538123125334,159.18804046446442,28780.125042411997,1777.8183075868244,63.22589466666667,0.6888629397725738,319.3943193333333,31.362933244452076,3936625648459840.0,,0.04670229360911923,0.002631690278232801,0.0014912313740426334,0.0004888360246843547,1.3589591663466274,0.03838742075535812,0.17173650313298228,0.00715252474341117,0.20326535269352863,0.005058944168080285,0.09160810001189636,0.0035374084954167386,0.0668849512113386,0.0011163252962349812,0.023420681521619097,0.00108762440736911,0.1821394729123317,0.004023923601245561,0.07744022480212433,0.0028247226027824563,0.182861277840109,0.0038159905648322227,0.07988379104940509,0.0026142871935608022,0.203381251615796,0.00467073061335089,0.14926181396788515,0.0042523104762134094,,,,
9,alpaca_mmlu,0.9999999999999222,0.0,0.0,0.0,6376.0,0.0,0.0,0.0,6376.0,0.0,6376.0,0.0,1.3821555773417156,0.011575340659594986,1.3821555773417156,0.011575340659594986,,,,,,,,,,,,,,,,,,,,,252764.30094496932,2379.9291346399446,372741.672855723,1387.6858764235005,922.9994056666668,5.876064587506106,1893.9524653333335,4.311651266342798,4.135135835733008e+16,,0.1056537339298023,0.002130999202472857,0.054122387456616704,0.0009410156770170396,2.124491287415045,0.01173571646065836,1.508087054192172,0.006093654207671746,0.3364975686896277,0.0016506170418462858,0.2823240774563187,0.002387318647023954,0.14309606522661047,0.0008442601988723432,0.1054643781980555,0.0017043840214245878,0.2622657525545158,0.0014191138326039043,0.20764152527237176,0.0022112447543860586,0.28164475295566155,0.0012755352660132513,0.23244776497561012,0.002549900267979523,0.32346066663919487,0.0020894910889711453,0.28680157933200595,0.0016081558679650978,,,,
9,arc_challenge,7.999999999999974,0.0,0.0,0.0,560.0,0.0,0.0,0.0,560.0,0.0,560.0,0.0,0.465994526942571,0.0035842518526773472,0.09726156791051223,0.03714337186446027,0.32552954292084724,0.010634773705874529,0.1872909698996655,0.0,,,,,,,,,,,,,,,,,11921.817077815,144.1998312373934,15065.450267861333,340.3535829268607,48.899961,0.5571333427501892,62.28916833333333,3.6792712923500392,4411750966615040.0,,,,,,,,,,,,,,,,,,,,,,,,,,,,,,,,,
9,arc_easy,1.000000000000001,0.0,0.0,0.0,141.0,0.0,0.0,0.0,141.0,0.0,141.0,0.0,0.46940410137176514,0.026194736340143757,0.46940410137176514,0.026194736340143757,0.41111111111111115,0.008494642717154362,0.2473684210526315,0.0,,,,,,,,,,,,,,,,,2668.1230545073336,73.15929251313604,3985.214651197666,301.19074207751464,11.111044999999999,0.14949762756980425,19.186915666666668,4.0262054664516045,989731397560224.0,,,,,,,,,,,,,,,,,,,,,,,,,,,,,,,,,
9,boolq,2.999999999999861,0.0,0.0,0.0,3537.0,0.0,0.0,0.0,3537.0,0.0,3537.0,0.0,0.21632338066895798,0.009518649417948537,0.018911434958378433,0.001369816518345887,0.8051987767584098,0.0026483957302276253,0.6186544342507645,0.0,0.8547440395337782,0.00948448179943439,0.6243670886075949,0.0,0.9704869650762419,0.0,0.8193146417445484,0.01537831181828511,0.8422072640801391,0.004484205841088681,0.7598690544964376,0.0,0.5885085716379285,0.0015525480597331728,0.0293381270235792,0.0,82621.314785668,483.22573780526307,109479.00332396233,1649.7014020134122,339.44697966666666,3.233996804780651,444.6082763333334,12.841371883548717,3.0222422470479936e+16,,,,,,,,,,,,,,,,,,,,,,,,,,,,,,,,,
9,glue_cola,3.0000000000000324,0.0,0.0,0.0,1605.0,0.0,0.0,0.0,,,,,0.179435595870018,0.024072427527030663,0.04841478168964383,0.0024827081479038863,0.8207094918504314,0.000553547717343809,0.6001917545541706,0.0,0.8262111596057271,0.0015374663467973475,0.6849148418491483,0.0,0.9616273693943597,0.004030419735127734,0.7808599167822469,0.0,0.8788048557109844,0.0006223822862565272,0.729747245625405,0.0,0.5575712609713456,0.0012996387961192375,-0.026552650791889603,0.0,27422.504995541665,275.8353678980413,31933.029748675996,202.98897570965133,113.75434966666667,0.6485281933558802,127.18344366666668,1.2151634018120605,4139556643367712.0,,,,,,,,,,,,,,,,,,,,,,,,,,,,,,,,,
9,glue_mnli_matched,0.9999999999997308,0.0,0.0,0.0,24544.0,0.0,0.0,0.0,24544.0,0.0,24544.0,0.0,0.11520425478617347,0.008868255368696197,0.11520425478617347,0.008868255368696197,0.8601120733571065,0.0007131940906775254,0.3496688741721854,0.0,,,,,,,,,,,,,,,,,1107001.5687874586,3708.1396001816574,1173054.2086680494,2776.0941501379793,3966.9434406666664,19.33750750412675,4092.9943473333333,3.613049713301973,1.8110326793298832e+17,,,,,,,,,,,,,,,,,,,,,,,,,,,,,,,,,
9,glue_mnli_mismatched,0.9999999999997308,0.0,0.0,0.0,24544.0,0.0,0.0,0.0,24544.0,0.0,24544.0,0.0,0.11520425478617347,0.008868255368696197,0.11520425478617347,0.008868255368696197,0.8700501762950908,0.0013343279532244783,0.3331977217249796,0.0,,,,,,,,,,,,,,,,,1107001.5687874586,3708.1396001816574,1173054.2086680494,2776.094150138032,3966.9434406666664,19.33750750412675,4092.9943473333333,3.613049713301842,1.8110326793298832e+17,,,,,,,,,,,,,,,,,,,,,,,,,,,,,,,,,
9,glue_mrpc,9.99999999999974,0.0,0.0,0.0,2300.0,0.0,0.0,0.0,,,,,0.276030754049619,0.021779887667105646,0.0013798191988219,0.0005806590141422147,0.7900326797385621,0.0032679738562091387,0.3848039215686274,0.0,0.8598659640357719,0.005356496706160514,0.6111111111111112,0.0,0.998805256869773,0.0011947431302270356,0.2759856630824372,0.0,0.8569428173778674,0.002919665702410324,0.3802469135802469,0.0,0.486067234275742,0.008127091434822336,-0.1045279693589734,0.0,95161.50772939665,860.8653859492752,104856.26183818367,19.608365883891185,343.5089433333333,1.658434661202177,369.07726333333335,1.0106017051968599,1.529525310754688e+16,,,,,,,,,,,,,,,,,,,,,,,,,,,,,,,,,
9,glue_qnli,1.000000000000267,0.0,0.0,0.0,13093.0,0.0,0.0,0.0,,,,,0.13406491279602048,0.0080040953607867,0.13406491279602048,0.0080040953607867,0.9062175849655257,0.0005820606513008212,0.4949661358228079,0.0,1.0,0.0,0.9393278889051361,0.002263970939872713,0.8706990220934444,0.0022130028709191527,0.0007243752263672,0.0,0.9037020979667401,0.0006100297911303908,0.0014477017734346,0.0,0.8148000363488936,0.0012330897854947616,0.0189316461535685,0.0,280874.5406490877,1861.6691433339565,313908.86997395265,1603.8320243074722,1087.7030626666667,8.886115193458265,1164.7001913333334,5.0442134730602985,4.613571641967819e+16,,,,,,,,,,,,,,,,,,,,,,,,,,,,,,,,,
9,glue_qqp,0.9999999999999862,0.0,0.0,0.0,45481.0,0.0,0.0,0.0,45481.0,0.0,45481.0,0.0,0.15077604353427884,0.004192588306581766,0.15077604353427884,0.004192588306581766,0.8820100585373898,0.0020116567926586983,0.5375463764531289,0.0,0.8828283977187238,0.0011918613677183074,0.3449397982427595,0.0,0.7835404769902586,0.007624854669063631,0.2848505206583809,0.0,0.8301758316467858,0.0037902853210524568,0.312028553556316,0.0,0.7434134792519339,0.004427693144258142,-0.0318303717947929,0.0,754456.448037514,4950.367492168799,897053.4383942907,1612.5108146755758,3039.640637666667,28.128790001674666,3414.028339,26.005612135273743,1.1264691426124182e+17,,,,,,,,,,,,,,,,,,,,,,,,,,,,,,,,,
9,glue_rte,10.000000000000243,0.0,0.0,0.0,1560.0,0.0,0.0,0.0,1560.0,0.0,1560.0,0.0,0.23975435892740884,0.0009743253315198744,0.0006155003696524333,0.00014677238366614287,0.7942238267148015,0.010830324909747304,0.5270758122743683,0.0,0.8260266046903882,0.005226822630069029,0.0,0.0,0.9211195928753181,0.006732191631207547,0.0,0.0,0.7951969083548031,0.009308194250104524,0.0,0.0,0.5955708622003822,0.020367809444335076,0.0,0.0,113813.80212791868,712.1452969937343,124576.69324447167,760.3777724404677,404.50008,1.104716540643786,438.2268673333333,5.854294531606292,1.926598629782368e+16,,,,,,,,,,,,,,,,,,,,,,,,,,,,,,,,,
9,glue_sst2,0.9999999999999373,0.0,0.0,0.0,4210.0,0.0,0.0,0.0,,,,,0.0625445023179054,0.005799123003798057,0.0625445023179054,0.005799123003798057,0.9499235474006117,0.0007645259938838477,0.6032110091743119,0.0,0.9380215171670826,0.0023764032899149965,0.5698005698005698,0.0,0.9654654654654653,0.0019862997830815392,0.9009009009009009,0.0,0.9515364985536876,0.0006913348413031101,0.6980802792321118,0.0,0.9001781818524496,0.0014813501020566934,0.24643816888916628,0.0,98351.11072855566,827.5549121329591,105064.93656919501,421.3634154753914,376.96088933333334,2.416182687683919,388.0733566666667,2.3242787449271427,1.649047309907704e+16,,,,,,,,,,,,,,,,,,,,,,,,,,,,,,,,,
9,hellaswag,2.999999999999721,0.0,0.0,0.0,14967.0,0.0,0.0,0.0,14967.0,0.0,14967.0,0.0,0.12721337874730426,0.00801963121965854,0.0002894955687224333,0.00014150209863019248,0.844386908318396,0.0029992317594307754,0.2534355706034654,0.0,,,,,,,,,,,,,,,,,397426.1809741647,3207.6703290728015,510996.21068850136,2187.285922945283,1534.2267626666664,15.860192583823627,1817.1459976666665,2.051871558836839,1.1778138166388002e+17,,,,,,,,,,,,,,,,,,,,,,,,,,,,,,,,,
9,piqa,3.000000000000148,0.0,0.0,0.0,6045.0,0.0,0.0,0.0,6045.0,0.0,6045.0,0.0,0.24006356795628858,0.008998617941567375,0.0399587986369927,0.010786151225583797,0.745556764599202,0.0032694516462314182,0.4967355821545158,0.0,1.0,0.0,0.5428071909560006,0.009054894878560397,0.7841235632183908,0.019765540937065496,0.0032327586206896005,0.0,0.7564602340219176,0.0067765199716133965,0.006444683136412399,0.0,0.4930682653391445,0.006726882479495877,0.029499471726311136,0.005843336324551704,93720.48298493667,850.3699057959708,109285.67206083033,1681.094485368838,421.0094833333333,3.7510548663212204,475.99502266666667,15.408131421930372,3.063956569515821e+16,,,,,,,,,,,,,,,,,,,,,,,,,,,,,,,,,
10,allenai_task219_rocstories_title_answer_generation,2.9999999999999383,0.0,0.0,0.0,2202.0,0.0,0.0,0.0,2202.0,0.0,2202.0,0.0,0.9140159090360006,0.015472791109100607,0.005616137757897333,0.0014758159145369211,,,,,,,,,,,,,,,,,,,,,33847.83122366667,391.68846943717716,73950.20698081334,1750.9921823857126,141.721597,2.6667695791969597,684.981299,35.52139182135035,9829051747573632.0,,0.011042700611278667,0.00045405057437373207,1.424291647910766e-05,1.4242916479107659e-05,0.22344932995306221,0.02799545214741437,0.021410796663625536,0.0005709876179826717,0.22466141497475967,0.0026048667685028186,0.035526220283536136,0.0005085773668843618,0.06737419297622456,0.0006166115017481106,0.007214557181738766,0.000344173488653876,0.222754733354951,0.0025261646807494356,0.0335996146225325,0.00047314265639644356,0.22340910725950833,0.0025514449938649976,0.034303182815023335,0.0003979791726269811,0.21715965525714997,0.0008591454192370268,0.0791049730015022,0.0012427410416404698,,,,
10,allenai_task288_gigaword_summarization,5.000000000000102,0.0,0.0,0.0,1110.0,0.0,0.0,0.0,1110.0,0.0,1110.0,0.0,1.7785677512486775,0.005930013719543463,0.06657637159029636,0.013335371515281236,,,,,,,,,,,,,,,,,,,,,14121.363049784333,122.09829412820152,26204.112030643668,488.650366325629,69.734923,0.6032525855446756,256.06159833333334,8.576325237527326,4141386251436960.0,,0.04375835342589143,0.002469638428297253,0.0027354245121032003,0.0008639012659043172,1.2914073879594417,0.02209562865073112,0.1866708109534622,0.0018171272697780428,0.18893363949276232,0.0014840494801150062,0.08982318061417915,0.0026975998176039457,0.0579617080154059,0.0006572634034058352,0.022150644653772398,0.0013479208213340815,0.17012049881765312,0.00047528314760310184,0.07580961388757602,0.0019739175929501794,0.1708107605124949,0.0004119678185887564,0.07739075363881937,0.0019892483780306943,0.19003068751718424,0.002802853276751432,0.15338754351219847,0.006626785180777505,,,,
10,alpaca_mmlu,0.9999999999999222,0.0,0.0,0.0,6376.0,0.0,0.0,0.0,6376.0,0.0,6376.0,0.0,1.363614281018575,0.015891059832229024,1.363614281018575,0.015891059832229024,,,,,,,,,,,,,,,,,,,,,264910.2598725733,2227.2169328179,385962.1556054296,1564.573296888941,966.928489,5.883766363178248,1954.7701936666665,7.5368822854668585,4.260080070459626e+16,,0.10828534267648367,0.0011438820134754932,0.055192137663362305,0.0004928253591034657,2.076946595129255,0.01604983793063926,1.5132385884908637,0.007888504365803895,0.3406026518789053,0.0008492775450978948,0.2863933311734162,0.0009831638341992498,0.14868315184467717,0.0005859319340497999,0.11037857778600207,0.00048106246130352287,0.266791600134964,0.0012615629622093794,0.212773005466812,0.0014901995250429182,0.28609186371848677,0.0007120432558493944,0.23799566447444284,0.0011193055554210684,0.325300695870966,0.0006032893062863166,0.2907236479728027,0.0021163127730033492,,,,
10,arc_challenge,7.999999999999974,0.0,0.0,0.0,560.0,0.0,0.0,0.0,560.0,0.0,560.0,0.0,0.47945255041122437,0.013645005025007127,0.0170845040120184,0.008770184590789123,0.34002229654403565,0.015487674458695424,0.1872909698996655,0.0,,,,,,,,,,,,,,,,,12391.986728999334,239.5945338155533,15611.867004981332,263.6093621863726,51.15493433333333,0.29237438431705753,64.86938766666667,4.142791184331377,4545053363375104.0,,,,,,,,,,,,,,,,,,,,,,,,,,,,,,,,,
10,arc_easy,1.000000000000001,0.0,0.0,0.0,141.0,0.0,0.0,0.0,141.0,0.0,141.0,0.0,0.45485979318618774,0.02602801642294937,0.45485979318618774,0.02602801642294937,0.4573099415204678,0.021011981547627703,0.2473684210526315,0.0,,,,,,,,,,,,,,,,,2813.904431785,59.688093310793555,4135.723383087,325.65270678360145,11.857178,0.12669783159286283,20.393688666666666,4.456477048044465,1019636396434464.0,,,,,,,,,,,,,,,,,,,,,,,,,,,,,,,,,
10,boolq,2.999999999999861,0.0,0.0,0.0,3537.0,0.0,0.0,0.0,3537.0,0.0,3537.0,0.0,0.2066821803649266,0.01309749991774718,0.012418563632915366,0.007317907836833277,0.8228338430173293,0.0015222410319131435,0.6186544342507645,0.0,0.8594219949770858,0.008711593694671935,0.6243670886075949,0.0,0.9704869650762419,0.0,0.8432529922938187,0.008587253238349558,0.8589814450866934,0.0035032166332889703,0.7598690544964376,0.0,0.622524593930062,0.004042877950476336,0.0293381270235792,0.0,86690.69807293468,710.8324876740903,114115.59628268368,1452.4803327361412,356.62563833333337,2.944502884259956,464.324752,14.676681993458502,3.113560106525011e+16,,,,,,,,,,,,,,,,,,,,,,,,,,,,,,,,,
10,glue_cola,3.0000000000000324,0.0,0.0,0.0,1605.0,0.0,0.0,0.0,,,,,0.13633324205875388,0.0403355554468022,0.0439510804911454,0.0023029012696413136,0.8261425375519336,0.0015979546180888288,0.6001917545541706,0.0,0.8405830679277454,0.0022817847358912366,0.6849148418491483,0.0,0.9537679149329635,0.00166692153280818,0.7808599167822469,0.0,0.8815788171450202,0.000947827161794859,0.729747245625405,0.0,0.5746238547116101,0.0039016242106379427,-0.026552650791889603,0.0,28468.738371244337,329.20809880333326,33072.508445285,277.6444789537366,119.15574233333332,1.3318546760547032,133.22474200000002,2.5489585869608318,4264634459426208.0,,,,,,,,,,,,,,,,,,,,,,,,,,,,,,,,,
10,glue_mnli_matched,0.9999999999997308,0.0,0.0,0.0,24544.0,0.0,0.0,0.0,24544.0,0.0,24544.0,0.0,0.11219516644875205,0.009494859526767326,0.11219516644875205,0.009494859526767326,0.8668364747834946,0.001903366448524683,0.3496688741721854,0.0,,,,,,,,,,,,,,,,,1163676.7994346742,762.257164237642,1229264.079113286,6079.880777930873,4170.942472333333,12.618772932003461,4299.401245666667,7.579493910807227,1.865753516110234e+17,,,,,,,,,,,,,,,,,,,,,,,,,,,,,,,,,
10,glue_mnli_mismatched,0.9999999999997308,0.0,0.0,0.0,24544.0,0.0,0.0,0.0,24544.0,0.0,24544.0,0.0,0.11219516644875203,0.009494859526767327,0.11219516644875203,0.009494859526767327,0.8751017087062652,0.0009702392203183298,0.3331977217249796,0.0,,,,,,,,,,,,,,,,,1163676.7994346742,762.257164237703,1229264.079113286,6079.880777930873,4170.942472333333,12.618772932003722,4299.401245666667,7.5794939108073125,1.865753516110234e+17,,,,,,,,,,,,,,,,,,,,,,,,,,,,,,,,,
10,glue_mrpc,9.99999999999974,0.0,0.0,0.0,2300.0,0.0,0.0,0.0,,,,,0.2896984964609146,0.045367240268812566,0.0005324872035998334,4.5162100172615434e-05,0.8055555555555555,0.007793620926609047,0.3848039215686274,0.0,0.8945468224052616,0.005424657559224944,0.6111111111111112,0.0,0.998805256869773,0.0011947431302270356,0.2759856630824372,0.0,0.8685676435711449,0.004291837589092925,0.3802469135802469,0.0,0.5385741114729068,0.02188109912386306,-0.1045279693589734,0.0,100052.14500514267,549.4946023089084,109987.07967682835,294.60267677813295,360.9576723333334,1.3282565893563116,387.148246,1.4988204994765089,1.575740331087232e+16,,,,,,,,,,,,,,,,,,,,,,,,,,,,,,,,,
10,glue_qnli,1.000000000000267,0.0,0.0,0.0,13093.0,0.0,0.0,0.0,,,,,0.12560322880744926,0.042806626334290554,0.12560322880744926,0.042806626334290554,0.9107938251266093,0.0023639478464592134,0.4949661358228079,0.0,1.0,0.0,0.940348363334229,0.0013714053146421043,0.879270795605457,0.004347927829378025,0.0007243752263672,0.0,0.9087744805409006,0.002598623798262159,0.0014477017734346,0.0,0.8234823351361064,0.004524226349802294,0.0189316461535685,0.0,295915.72756524896,2617.431906392277,329189.4980802047,1399.3308106574032,1135.9464946666667,12.77298339881183,1216.051545,4.150312609515029,4.752971941259589e+16,,,,,,,,,,,,,,,,,,,,,,,,,,,,,,,,,
10,glue_qqp,0.9999999999999862,0.0,0.0,0.0,45481.0,0.0,0.0,0.0,45481.0,0.0,45481.0,0.0,0.13663489619890842,0.037488416453710406,0.13663489619890842,0.037488416453710406,0.8761810536730151,0.001765906788105238,0.5375463764531289,0.0,0.8900635112625356,0.0020571778968287713,0.3449397982427595,0.0,0.7572724219012429,0.007741655588315768,0.2848505206583809,0.0,0.8182521939891668,0.0036211390141923645,0.312028553556316,0.0,0.7307896148922469,0.0037865131193207356,-0.0318303717947929,0.0,793503.9160096025,3746.5749302038066,936258.223337836,3918.908593312081,3288.4220606666663,33.93144926856087,3678.0008493333335,31.300079697380554,1.1605057083225123e+17,,,,,,,,,,,,,,,,,,,,,,,,,,,,,,,,,
10,glue_rte,10.000000000000243,0.0,0.0,0.0,1560.0,0.0,0.0,0.0,1560.0,0.0,1560.0,0.0,0.24560535450776413,0.0035125021911761195,0.0001599214180411104,5.171413636502992e-05,0.8122743682310469,0.0036101083032491024,0.5270758122743683,0.0,0.9523809523809524,0.04761904761904761,0.0,0.0,0.8804071246819339,0.010178117048346083,0.0,0.0,0.7993099231908255,0.006295706840328236,0.0,0.0,0.6237213797786106,0.007278438081007145,0.0,0.0,119422.71223771333,693.0358959538617,130305.67939931533,785.2423696601766,424.95811733333335,1.1230785113523658,459.3792183333333,6.4429934185523114,1.984811341357792e+16,,,,,,,,,,,,,,,,,,,,,,,,,,,,,,,,,
10,glue_sst2,0.9999999999999373,0.0,0.0,0.0,4210.0,0.0,0.0,0.0,,,,,0.075081309924523,0.015726103838685012,0.075081309924523,0.015726103838685012,0.9426605504587156,0.0013241978651138207,0.6032110091743119,0.0,0.9234130815947958,0.0041034717554820225,0.5698005698005698,0.0,0.9677177177177176,0.003272446654309875,0.9009009009009009,0.0,0.9450194234704709,0.0011392621603980013,0.6980802792321118,0.0,0.8863003972646006,0.0024198564313833203,0.24643816888916628,0.0,103057.83297034667,677.0552791808786,109999.10600509234,547.8892467066817,395.79665066666666,1.4899705861465207,407.1036933333333,4.1499201464115,1.6988737150233968e+16,,,,,,,,,,,,,,,,,,,,,,,,,,,,,,,,,
10,hellaswag,2.999999999999721,0.0,0.0,0.0,14967.0,0.0,0.0,0.0,14967.0,0.0,14967.0,0.0,0.1136064082384109,0.02084403715309088,0.00016451647297794516,7.804093731639852e-05,0.8485693420965279,0.0006954898373417214,0.2534355706034654,0.0,,,,,,,,,,,,,,,,,413989.2872240616,3368.6041903874225,526929.504976986,1489.5724697162373,1570.5638749999998,16.263382360619257,1857.597856,0.9712360228318636,1.2134017761356174e+17,,,,,,,,,,,,,,,,,,,,,,,,,,,,,,,,,
10,piqa,3.000000000000148,0.0,0.0,0.0,6045.0,0.0,0.0,0.0,6045.0,0.0,6045.0,0.0,0.23594057063261667,0.0075288930052718585,0.0040831537529205,0.001696709958885942,0.7598839318099383,0.0019192972876783596,0.4967355821545158,0.0,1.0,0.0,0.6156623562200579,0.014580092442075122,0.8071120689655172,0.009290601405443627,0.0032327586206896005,0.0,0.7694149899404218,0.0042957167629319596,0.006444683136412399,0.0,0.5207494461675348,0.004559320090313409,0.0400395604427795,0.0,98634.24459372634,1176.0509629893309,114011.040949803,1188.696894327888,445.9546433333333,4.925530453356743,502.8573926666666,15.387493430233176,3.156534836286125e+16,,,,,,,,,,,,,,,,,,,,,,,,,,,,,,,,,
11,allenai_task219_rocstories_title_answer_generation,2.99999999999991,0.0,0.0,0.0,2193.0,0.0,0.0,0.0,2193.0,0.0,2193.0,0.0,1.0381985108057659,0.005119591343079517,0.25776813427607215,0.009161635265464643,,,,,,,,,,,,,,,,,,,,,35251.92531485066,123.39547084551674,83174.72042721533,1645.9950278510848,147.59639633333333,1.1851443156399812,835.8324906666667,91.64532075936243,1.0062243772583424e+16,,0.0211120197525145,0.003372634896471993,1.482510287029431e-05,1.4825102870294312e-05,0.17359495218641263,0.007933411779093234,0.02198256220726567,9.104177878380475e-05,0.22584924597547654,0.004572454550973635,0.0362275615798122,0.0006265905280324258,0.08098100175392232,0.0010718673649246072,0.008564743717494933,0.0004350446199691002,0.22518738165994237,0.004471961976951098,0.0348057743219715,0.0005926893074855703,0.22559720202057001,0.00436830503393376,0.03529423457549307,0.0006742010571833294,0.2299235258193557,0.0028769948770986896,0.08408521880396476,0.0017873663190176626,,,,
11,allenai_task288_gigaword_summarization,4.999999999999932,0.0,0.0,0.0,1085.0,0.0,0.0,0.0,1085.0,0.0,1085.0,0.0,1.7665731112162273,0.012992417876272208,0.059868232657512004,0.003357893678112354,,,,,,,,,,,,,,,,,,,,,14347.598704887,112.2420118367926,32906.085406477665,2104.299392578948,70.987542,0.7712411605931022,395.880263,43.68252014618384,4182168866159520.0,,0.03651132451868277,0.0013015166832295063,0.0006879790359769334,6.091160085402681e-05,1.216109806758471,0.03803794713748621,0.15589116218050292,0.004133347276344009,0.1851917802752033,0.005258662381918756,0.08010328065642126,0.0026292559460812303,0.057179339125907135,0.003081951759474719,0.018361300390412633,0.0015768430166504808,0.1687586088852934,0.0051864047989569895,0.0702863966866618,0.0024036641655258294,0.1690483372454212,0.00509350801248798,0.07178494704393269,0.0024291330362796325,0.18389207580032088,0.005436264253033616,0.13374380998246058,0.004661792787529742,,,,
11,alpaca_mmlu,0.9999999999999222,0.0,0.0,0.0,6376.0,0.0,0.0,0.0,6376.0,0.0,6376.0,0.0,1.3444915612538655,0.0044736203354013146,1.3444915612538655,0.0044736203354013146,,,,,,,,,,,,,,,,,,,,,277121.29211165704,2541.4620621574386,398641.0310128697,1474.562460445929,1014.8207756666667,4.612870677239933,2014.1660226666665,2.682137842278253,4.385024305186243e+16,,0.10890104743895851,0.0022704275953557874,0.05507658305881663,0.0003677598097530604,2.1380041073031744,0.018435577665211277,1.5137102780814446,0.0114446141434321,0.3431759933551082,0.00039788771181730836,0.28723272915490533,0.0020864787641186777,0.14942195938913796,0.0013519000385654042,0.11069174992146542,0.0015829529746517704,0.26968740812700687,0.0006752229840326939,0.21298925454640272,0.0018302727290599441,0.28834648503655463,0.0012646641539687672,0.23765616458432767,0.0013952492060615455,0.32928523596402526,0.0012633006863582708,0.2911553422522924,0.0011947666929761405,,,,
11,arc_challenge,7.999999999999974,0.0,0.0,0.0,560.0,0.0,0.0,0.0,560.0,0.0,560.0,0.0,0.4889761209487915,0.01434191105205586,0.047881247475743266,0.02050416196693764,0.3255295429208472,0.01114827201783723,0.1872909698996655,0.0,,,,,,,,,,,,,,,,,13083.491554653001,116.16522757505986,16252.464408863665,403.61723783621795,53.40030933333333,0.6179414146207088,67.60526233333333,4.193312403788101,4678355760135168.0,,,,,,,,,,,,,,,,,,,,,,,,,,,,,,,,,
11,arc_easy,1.000000000000001,0.0,0.0,0.0,141.0,0.0,0.0,0.0,141.0,0.0,141.0,0.0,0.3875991106033325,0.0201908913919633,0.3875991106033325,0.0201908913919633,0.5654970760233918,0.006105442402871694,0.2473684210526315,0.0,,,,,,,,,,,,,,,,,2862.6571418016665,59.01763821175609,4249.983660676667,398.87630683352234,12.289258666666667,0.14319344009222093,21.092633000000003,4.695280943170493,1049541395308704.0,,,,,,,,,,,,,,,,,,,,,,,,,,,,,,,,,
11,boolq,2.999999999999861,0.0,0.0,0.0,3537.0,0.0,0.0,0.0,3537.0,0.0,3537.0,0.0,0.18572615087032315,0.004137556289650985,0.005004215675095667,0.002885603657780032,0.8275229357798165,0.0009830428910288498,0.6186544342507645,0.0,0.8708112653938797,0.008583481644910127,0.6243670886075949,0.0,0.9704869650762419,0.0,0.8452205279554025,0.015516665898437084,0.8613478859799217,0.001759956762704872,0.7598690544964376,0.0,0.6343687898268399,0.0035672821772375165,0.0293381270235792,0.0,90975.21046161932,514.026139465026,118893.07182878599,1771.8134028669544,374.35095333333334,2.7712534641568647,484.16967,15.808465620287645,3.204877966002029e+16,,,,,,,,,,,,,,,,,,,,,,,,,,,,,,,,,
11,glue_cola,3.0000000000000324,0.0,0.0,0.0,1605.0,0.0,0.0,0.0,,,,,0.1942037070790926,0.05451243470543763,0.04290267080068583,0.0027590244607605847,0.8258229466283158,0.0006391818472355482,0.6001917545541706,0.0,0.8318058917591639,0.0028759545323094834,0.6849148418491483,0.0,0.9523809523809522,0.013019073361376535,0.7808599167822469,0.0,0.8817954531287088,0.0009775017949461813,0.729747245625405,0.0,0.571536332733552,0.0011840171726714872,-0.026552650791889603,0.0,29716.730889000333,415.6786420261473,34389.709474256335,281.48853209149905,125.98993166666666,2.0545316567537775,140.44753833333334,2.3929568523577247,4389712275484704.0,,,,,,,,,,,,,,,,,,,,,,,,,,,,,,,,,
11,glue_mnli_matched,0.9999999999997308,0.0,0.0,0.0,24544.0,0.0,0.0,0.0,24544.0,0.0,24544.0,0.0,0.09222311029831566,0.010793714513115244,0.09222311029831566,0.010793714513115244,0.8708779079640007,0.0010295470464407677,0.3496688741721854,0.0,,,,,,,,,,,,,,,,,1223702.6718206394,4049.653209036137,1290245.9719682166,3605.9098580475866,4379.786769666666,18.614377188717512,4509.722971,4.240458030461694,1.9204743528905846e+17,,,,,,,,,,,,,,,,,,,,,,,,,,,,,,,,,
11,glue_mnli_mismatched,0.9999999999997308,0.0,0.0,0.0,24544.0,0.0,0.0,0.0,24544.0,0.0,24544.0,0.0,0.09222311029831566,0.010793714513115246,0.09222311029831566,0.010793714513115246,0.8806278817466775,0.0020344566298721874,0.3331977217249796,0.0,,,,,,,,,,,,,,,,,1223702.6718206394,4049.6532090361493,1290245.9719682166,3605.909858047632,4379.786769666666,18.61437718871748,4509.722971,4.240458030461574,1.9204743528905846e+17,,,,,,,,,,,,,,,,,,,,,,,,,,,,,,,,,
11,glue_mrpc,9.99999999999974,0.0,0.0,0.0,2300.0,0.0,0.0,0.0,,,,,0.2506554027398427,0.009064173139431222,0.0002578836429165333,2.417272288090345e-05,0.8316993464052288,0.008986928104575196,0.3848039215686274,0.0,0.9214216896277699,0.0032290001571073533,0.6111111111111112,0.0,0.986857825567503,0.0023894862604539693,0.2759856630824372,0.0,0.8828962131995818,0.00528194161591041,0.3802469135802469,0.0,0.6040612260402201,0.015606693986727937,-0.1045279693589734,0.0,104605.98482485434,752.4128626809112,114650.166067345,65.13123127569985,377.7214986666666,1.4456154789772981,404.45258966666665,1.4226781083916278,1.621955351419776e+16,,,,,,,,,,,,,,,,,,,,,,,,,,,,,,,,,
11,glue_qnli,1.000000000000267,0.0,0.0,0.0,13093.0,0.0,0.0,0.0,,,,,0.10493145634730654,0.03134657669388175,0.10493145634730654,0.03134657669388175,0.9118311062297884,0.003067256996169789,0.4949661358228079,0.0,1.0,0.0,0.9482017836080255,0.0034986209628025174,0.8733550645901244,0.009846649042184553,0.0007243752263672,0.0,0.9091402968625149,0.0037892491539335276,0.0014477017734346,0.0,0.8265679294889773,0.005244516827579478,0.0189316461535685,0.0,310106.43675174966,2192.7050501547033,344011.60457325535,1647.4277948827007,1198.032695,4.6022806825069775,1280.221195,15.738513948049977,4.892372240551358e+16,,,,,,,,,,,,,,,,,,,,,,,,,,,,,,,,,
11,glue_qqp,0.9999999999999862,0.0,0.0,0.0,45481.0,0.0,0.0,0.0,45481.0,0.0,45481.0,0.0,0.11625787615776056,0.016590298808322523,0.11625787615776056,0.016590298808322523,0.8821419737818452,0.0005704953052026071,0.5375463764531289,0.0,0.890568840331039,0.0015068093483069302,0.3449397982427595,0.0,0.775142761168962,0.0031412995283830935,0.2848505206583809,0.0,0.8288434413811903,0.0012385776562736498,0.312028553556316,0.0,0.7437853190437013,0.001220329868271829,-0.0318303717947929,0.0,831635.9574928124,6562.408818402088,976702.2403919153,1217.3311049073427,3375.818286333333,59.772215997603915,3759.737525666667,55.67306273117656,1.1945422740326064e+17,,,,,,,,,,,,,,,,,,,,,,,,,,,,,,,,,
11,glue_rte,10.000000000000243,0.0,0.0,0.0,1560.0,0.0,0.0,0.0,,,,,0.25115409493446345,0.013848306635656199,9.796231946286044e-05,4.0682286063875846e-06,0.825511432009627,0.009626955475330911,0.5270758122743683,0.0,0.851890756302521,0.015088558421859428,0.0,0.0,0.8753180661577608,0.022182691824634504,0.0,0.0,0.8221473657840467,0.009138406491283377,0.0,0.0,0.6531420935203425,0.018642186379212035,0.0,0.0,125024.83176549501,582.716440288555,136144.47405875966,1032.1255415781727,444.7788893333333,1.1458278174220258,480.25796999999994,6.950968495144339,2.043024052933216e+16,,,,,,,,,,,,,,,,,,,,,,,,,,,,,,,,,
11,glue_sst2,0.9999999999999373,0.0,0.0,0.0,4210.0,0.0,0.0,0.0,,,,,0.07013767585158344,0.018562370032374438,0.07013767585158344,0.018562370032374438,0.9376911314984709,0.0038795457053104796,0.6032110091743119,0.0,0.9143525824513586,0.006801000246283856,0.5698005698005698,0.0,0.9684684684684685,0.0013003384441207814,0.9009009009009009,0.0,0.9406029285255912,0.0034580845004464245,0.6980802792321118,0.0,0.8768634267303838,0.007356117005735819,0.24643816888916628,0.0,107774.24691512766,824.4155684050924,114881.146028031,411.2215278347709,416.73571,4.268628343068541,428.455692,4.6736342835434135,1.7487001201390896e+16,,,,,,,,,,,,,,,,,,,,,,,,,,,,,,,,,
11,hellaswag,2.999999999999721,0.0,0.0,0.0,14967.0,0.0,0.0,0.0,14967.0,0.0,14967.0,0.0,0.13405851026376087,0.026331867733214828,0.00020066503081275688,0.00014452549631245636,0.8499634866892385,0.0007481529356425971,0.2534355706034654,0.0,,,,,,,,,,,,,,,,,431104.85650670336,2650.313296235337,542782.4502825497,1870.7174455361574,1617.763557,11.504987231801893,1906.9010223333335,5.540977159241893,1.2489897356324347e+17,,,,,,,,,,,,,,,,,,,,,,,,,,,,,,,,,
11,piqa,3.000000000000148,0.0,0.0,0.0,6045.0,0.0,0.0,0.0,6045.0,0.0,6045.0,0.0,0.2296203921238581,0.004388584366376839,0.004617071412212668,0.002302380848243624,0.7698585418933623,0.004753479297091441,0.4967355821545158,0.0,1.0,0.0,0.6377088117001457,0.010779427986073384,0.8254310344827586,0.01186976411053038,0.0032327586206896005,0.0,0.7770633249600966,0.0022470076940371395,0.006444683136412399,0.0,0.5402647053472632,0.009205638007856922,0.0400395604427795,0.0,103810.81685623368,1158.8004371149284,119673.64120420534,1558.8762747366027,472.628527,3.863811548958136,532.2162833333333,18.988377190321046,3.249113103056429e+16,,,,,,,,,,,,,,,,,,,,,,,,,,,,,,,,,
12,allenai_task219_rocstories_title_answer_generation,2.99999999999999,0.0,0.0,0.0,2184.0,0.0,0.0,0.0,2184.0,0.0,2184.0,0.0,0.932274321715037,0.011110352137512167,0.32899753252665204,0.012371489809017294,,,,,,,,,,,,,,,,,,,,,37010.12896089833,170.77659576166587,82404.44279705534,3386.3192865696246,157.09953599999997,1.1471756969385005,801.2984566666668,89.33917853505218,1.030603108474176e+16,,0.0055134237954509,0.001823683699600841,0.0,0.0,0.20233949298234225,0.012892364158996052,0.0203721940242825,0.00047073347491485607,0.22317875040288082,0.0014854592390819371,0.03447657446615394,0.0002497790223083222,0.07574379961187594,0.0006186648734556405,0.007510457487932733,0.00019530508649269563,0.2217613517544418,0.00138802361995891,0.032981235782251934,9.952853725286965e-05,0.22163637809109035,0.0014732490210962344,0.033302261004418736,0.00012262294315329512,0.22891069354447566,0.001897092926884932,0.08122778376133648,0.00043668061470924054,,,,
12,allenai_task288_gigaword_summarization,4.999999999999932,0.0,0.0,0.0,1085.0,0.0,0.0,0.0,1085.0,0.0,1085.0,0.0,1.4641810655593872,0.0032372314186400637,0.3633342484633128,0.018422147991431756,,,,,,,,,,,,,,,,,,,,,15089.975801251667,39.935508447337305,33511.51108055,1145.5939961798742,76.91691200000001,0.775253112683205,403.6604143333334,42.54476603497785,4272003934441600.0,,0.05779858273093436,0.001968341896432441,0.0007265401605530001,0.00026716080500794736,1.502843167951646,0.018738048167193638,0.16665891499484733,0.003193396123920922,0.2142003353696714,0.002513424495187801,0.09096574467139,0.0004245162334536242,0.0722673589140871,0.0016207716133342976,0.0223244769187622,0.0007252355160972533,0.19414410716108468,0.0032757199581573714,0.07923526855505743,0.0002901265908175911,0.19392463667111912,0.0031875422519804923,0.0805518048971842,0.0007381650586762882,0.22536655264563477,0.003214931527885776,0.1496377864903502,0.0014097534305762076,,,,
12,alpaca_mmlu,0.9999999999999222,0.0,0.0,0.0,6376.0,0.0,0.0,0.0,6376.0,0.0,6376.0,0.0,1.3637667099634807,0.0059102693191353745,1.3637667099634807,0.0059102693191353745,,,,,,,,,,,,,,,,,,,,,288733.0734198494,2021.9951734371884,413972.2969990813,1717.7126939315085,1059.3208456666666,4.543048864736635,2102.527084,0.7843743085791022,4.509968539912861e+16,,0.10804296902269526,0.0009900295603196938,0.05476666181995846,0.00038053707584053136,2.105280312688144,0.030711627870369768,1.5081324515150119,0.008146105069787123,0.3434389559315562,0.0008183650891895394,0.284527642375265,0.0015036280948377704,0.14856726630631722,0.001193337569116074,0.10635361832339137,0.0008133210224521292,0.2694703668305176,0.0012737002087193196,0.2102464987865326,0.0011910200835044229,0.28792291155161487,0.001271429533998171,0.2339365870380068,0.0018447427524286187,0.33248926635583886,0.0005368015878023926,0.28725925718812795,0.0015126760919281408,,,,
12,arc_challenge,7.999999999999974,0.0,0.0,0.0,560.0,0.0,0.0,0.0,560.0,0.0,560.0,0.0,0.47307631373405457,0.0025349297574540517,0.029118667822331135,0.014429532958980583,0.3567447045707915,0.00294955553072975,0.1872909698996655,0.0,,,,,,,,,,,,,,,,,13776.355873405,200.53104521952267,17098.419950138665,349.54405839933975,56.006217666666664,0.49805557891910524,70.771996,4.82869616471531,4811658156895232.0,,,,,,,,,,,,,,,,,,,,,,,,,,,,,,,,,
12,arc_easy,1.000000000000001,0.0,0.0,0.0,141.0,0.0,0.0,0.0,141.0,0.0,141.0,0.0,0.2817610402901967,0.006283201113178597,0.2817610402901967,0.006283201113178597,0.6385964912280702,0.012322402050120144,0.2473684210526315,0.0,,,,,,,,,,,,,,,,,3000.454591463333,115.17462694955535,4443.366687169,358.4544885477233,12.747773,0.20481602801131965,22.086264999999997,5.102152145603786,1079446394182944.0,,,,,,,,,,,,,,,,,,,,,,,,,,,,,,,,,
12,boolq,2.999999999999861,0.0,0.0,0.0,3537.0,0.0,0.0,0.0,3537.0,0.0,3537.0,0.0,0.18908177316188804,0.002834472976621752,0.0005023614503442666,0.00017989037661084176,0.8353720693170233,0.0016405175269552821,0.6186544342507645,0.0,0.9019252253551246,0.011113904632745293,0.6243670886075949,0.0,0.9704869650762419,0.0,0.794064600754222,0.022064221110087157,0.870103773231855,0.0012552631093837728,0.7598690544964376,0.0,0.6464954903515656,0.003646179440363819,0.0293381270235792,0.0,94656.99936557734,646.7321425790277,123077.96661881368,1759.7496932209824,391.1162893333333,2.8616979665763367,503.34480299999996,17.454668593623243,3.2961958254790464e+16,,,,,,,,,,,,,,,,,,,,,,,,,,,,,,,,,
12,glue_cola,3.0000000000000324,0.0,0.0,0.0,1605.0,0.0,0.0,0.0,,,,,0.22419624030590057,0.022989993862473024,0.03729771698514613,0.0019258764268032527,0.83381271971876,0.0008455581051660203,0.6001917545541706,0.0,0.8397114814864685,0.004568690344063513,0.6849148418491483,0.0,0.9514563106796117,0.006045629602691638,0.7808599167822469,0.0,0.88651048125842,0.00022290831607813406,0.729747245625405,0.0,0.5929787925614325,0.0027794517898123887,-0.026552650791889603,0.0,30979.960919551,159.61335446308019,35752.741095839665,540.8656438312512,131.16627033333333,1.0619709091648586,145.67508233333334,3.31274089918184,4514790091543200.0,,,,,,,,,,,,,,,,,,,,,,,,,,,,,,,,,
12,glue_mnli_matched,0.9999999999997308,0.0,0.0,0.0,24544.0,0.0,0.0,0.0,24544.0,0.0,24544.0,0.0,0.08747496455907816,0.00485125614165272,0.08747496455907816,0.00485125614165272,0.8760061130922058,0.0005025861296297745,0.3496688741721854,0.0,,,,,,,,,,,,,,,,,1277834.2573379949,3546.592145199301,1345746.764450357,4234.988363809981,4564.422401,19.368066665830412,4697.720118666667,3.2815678634325773,1.9751951896709354e+17,,,,,,,,,,,,,,,,,,,,,,,,,,,,,,,,,
12,glue_mnli_mismatched,0.9999999999997308,0.0,0.0,0.0,24544.0,0.0,0.0,0.0,24544.0,0.0,24544.0,0.0,0.08747496455907816,0.004851256141652721,0.08747496455907816,0.004851256141652721,0.8851708706265256,0.00045862995858653155,0.3331977217249796,0.0,,,,,,,,,,,,,,,,,1277834.2573379949,3546.592145199288,1345746.764450357,4234.988363809964,4564.422401,19.368066665830685,4697.720118666667,3.281567863432479,1.9751951896709354e+17,,,,,,,,,,,,,,,,,,,,,,,,,,,,,,,,,
12,glue_mrpc,9.99999999999974,0.0,0.0,0.0,2300.0,0.0,0.0,0.0,,,,,0.3295069436232249,0.03143620216458527,5.4511193108434476e-05,1.1160311037663222e-05,0.8455882352941176,0.0051021225477110915,0.3848039215686274,0.0,0.9236202601472389,0.002826069776243906,0.6111111111111112,0.0,0.9940262843488651,0.0031609932031835277,0.2759856630824372,0.0,0.8919610484225196,0.003192461554915471,0.3802469135802469,0.0,0.6338203080895042,0.010900046139301357,-0.1045279693589734,0.0,109289.48744828433,645.475567524699,119500.11413458666,290.9799362145461,395.718298,1.7562833257747226,422.74550066666666,1.7282689903702582,1.66817037175232e+16,,,,,,,,,,,,,,,,,,,,,,,,,,,,,,,,,
12,glue_qnli,1.000000000000267,0.0,0.0,0.0,13093.0,0.0,0.0,0.0,,,,,0.061123220870892205,0.016409705389424576,0.061123220870892205,0.016409705389424576,0.9192751235584843,0.00038104814194868934,0.4949661358228079,0.0,1.0,0.0,0.9483729775346167,0.0028754667795467723,0.8886876735482313,0.002784634213369742,0.0007243752263672,0.0,0.9175436359246404,0.0003951536970071053,0.0014477017734346,0.0,0.8403692502057982,0.0009042076422006586,0.0189316461535685,0.0,323468.989181494,3335.519861302211,357694.9605028376,884.141829514575,1248.9376823333334,15.049656480952253,1330.7075846666667,4.791877522208973,5.031772539843128e+16,,,,,,,,,,,,,,,,,,,,,,,,,,,,,,,,,
12,glue_qqp,0.9999999999999862,0.0,0.0,0.0,45481.0,0.0,0.0,0.0,45481.0,0.0,45481.0,0.0,0.12078665445248281,0.010752383912083097,0.12078665445248281,0.010752383912083097,0.8867754967433424,0.0009914576475036265,0.5375463764531289,0.0,0.893378620593451,0.001839350246675862,0.3449397982427595,0.0,0.7863397155973576,0.00489172372838419,0.2848505206583809,0.0,0.8364207897130438,0.0020385222360282504,0.312028553556316,0.0,0.7539844026797106,0.0021393178538975503,-0.0318303717947929,0.0,872419.409588809,5409.223091428928,1018677.2827846054,5105.1560579229445,3609.8619046666668,16.821401334881532,4004.8081676666666,14.623724191089158,1.2285788397427005e+17,,,,,,,,,,,,,,,,,,,,,,,,,,,,,,,,,
12,glue_rte,10.000000000000243,0.0,0.0,0.0,1560.0,0.0,0.0,0.0,,,,,0.2430914441744486,0.006103694438317907,0.0004901902381485333,5.907293797106256e-05,0.8050541516245487,0.009085239994308991,0.5270758122743683,0.0,0.8477513227513227,0.011433193999495278,0.0,0.0,0.8651399491094147,0.018348861452742986,0.0,0.0,0.7990714930758246,0.005324644151176484,0.0,0.0,0.6114329901787009,0.01586848918384228,0.0,0.0,130561.133925363,1000.2192160802865,141886.26814048633,729.3153638225403,465.13362466666666,1.3792722576842713,501.53988766666663,7.457073453757967,2.10123676450864e+16,,,,,,,,,,,,,,,,,,,,,,,,,,,,,,,,,
12,glue_sst2,0.9999999999999373,0.0,0.0,0.0,4210.0,0.0,0.0,0.0,,,,,0.02294698823243373,0.0057282046668977555,0.02294698823243373,0.0057282046668977555,0.9457186544342507,0.0027565376723730486,0.6032110091743119,0.0,0.9287750727560358,0.005963267512407947,0.5698005698005698,0.0,0.9677177177177176,0.0030030030030030602,0.9009009009009009,0.0,0.9478103294942165,0.0024637328028110214,0.6980802792321118,0.0,0.8922080974434805,0.005237700646441373,0.24643816888916628,0.0,112426.74724231234,528.6043456038168,119581.975248052,832.7836384648086,435.6502903333333,1.7239038987388773,448.19796133333335,4.853287003149428,1.7985265252547824e+16,,,,,,,,,,,,,,,,,,,,,,,,,,,,,,,,,
12,hellaswag,2.999999999999721,0.0,0.0,0.0,14967.0,0.0,0.0,0.0,14967.0,0.0,14967.0,0.0,0.09062948947151496,0.03114154691972171,0.00017848938356712816,0.00011510461305539256,0.8526521941180376,0.001266599218504885,0.2534355706034654,0.0,,,,,,,,,,,,,,,,,448920.078786193,2859.8310801956823,561484.7170472591,1654.993511098084,1678.5948463333334,13.11795749171715,1972.5661676666666,4.6221969875963955,1.284577695129252e+17,,,,,,,,,,,,,,,,,,,,,,,,,,,,,,,,,
12,piqa,3.000000000000148,0.0,0.0,0.0,6045.0,0.0,0.0,0.0,6045.0,0.0,6045.0,0.0,0.28216033677260083,0.046892428602027345,0.0005841890548860104,0.00034790025180506134,0.7562568008705114,0.0032644178454842255,0.4967355821545158,0.0,1.0,0.0,0.6722259357327318,0.013190239284774261,0.8347701149425287,0.019989474249966263,0.0032327586206896005,0.0,0.7663163934649798,0.0023045966833949664,0.006444683136412399,0.0,0.5147050606992777,0.005859718899759455,0.0400395604427795,0.0,108616.01734229633,1123.4139351473298,125007.74629169835,1985.3527865895767,498.2052116666667,5.159668897332671,560.145457,18.392225539796033,3.341691369826733e+16,,,,,,,,,,,,,,,,,,,,,,,,,,,,,,,,,
13,allenai_task219_rocstories_title_answer_generation,2.9999999999999383,0.0,0.0,0.0,2202.0,0.0,0.0,0.0,2202.0,0.0,2202.0,0.0,0.9862101078033447,0.009562427103930751,0.1718561897675196,0.01883525345062542,,,,,,,,,,,,,,,,,,,,,38716.08591136733,134.26755365646272,85382.98199594665,1909.0169901941804,163.83454766666668,1.4764336416324655,838.094109,89.99775553079424,1.0693883140660608e+16,,0.017557523157703533,0.0010950878898194848,6.0125173581022377e-05,3.748679343238377e-05,0.2791070624675738,0.034038066029115216,0.023799783908171734,9.61524484095517e-05,0.2291607335628777,0.0036030006309173,0.03675402920437817,0.0005621124719469564,0.08027079327009307,0.0032335661181707343,0.0082370353924626,0.00021185077711296014,0.2278581052639158,0.0034370602131086935,0.035127297440413166,0.0004786657411143954,0.22840992467460589,0.003437814917712748,0.0356367329581162,0.00045090253765139794,0.2312000096905603,0.008393602843357653,0.0840949937975804,0.0004780406381827799,,,,
13,allenai_task288_gigaword_summarization,4.999999999999932,0.0,0.0,0.0,1085.0,0.0,0.0,0.0,1085.0,0.0,1085.0,0.0,1.6451830863952637,0.004421888011308405,0.052130341529846136,0.004511709117159456,,,,,,,,,,,,,,,,,,,,,15760.662357702333,81.80302448703753,34430.45001400167,2359.050134686246,80.79568466666666,0.5784600699196433,412.70842700000003,50.67856126303156,4399912895281440.0,,0.05151961965247997,0.004348650476012419,0.0011285621692478666,0.0003156021386781396,1.3450666731113123,0.006269162695102375,0.16616183904294943,0.000669872043580536,0.19509849203206966,0.002619252226156835,0.08853931085855506,0.0010457740333594467,0.06388554589383154,0.0023799224138906817,0.020451166364091767,0.0002135838938042826,0.17734648452864113,0.002671346192039752,0.0763717332383631,0.0007181330705527871,0.17764490142920442,0.002564554919094886,0.07775071655872266,0.001098376994696525,0.2071021855571542,0.00255311152437705,0.1446283483640972,0.002414264068464623,,,,
13,alpaca_mmlu,0.9999999999999222,0.0,0.0,0.0,6376.0,0.0,0.0,0.0,6376.0,0.0,6376.0,0.0,1.3551288843154907,0.006574028652605804,1.3551288843154907,0.006574028652605804,,,,,,,,,,,,,,,,,,,,,302184.4968012897,3247.892224298323,432084.5494512347,4076.79032228904,1105.9136906666665,3.733327451831296,2202.058618,43.3369940174641,4.634912774639478e+16,,0.11054973044123394,0.0006005418214804865,0.05526829659269327,0.000947875172299548,2.124836339504687,0.0041158786556281845,1.5037739885244517,0.010281861423538801,0.34489939821812604,0.0011773685517541712,0.2849055694102796,0.0013649821549565557,0.1514593533813401,0.0013943748184008708,0.1091571202068286,0.00170201358322092,0.2707371215749075,0.0006041443027215973,0.21113353170877378,0.0012448734471516272,0.2894344766313526,0.0007948310318212984,0.23591592283187326,0.0012477521455967235,0.3360009283003858,0.0009471629472248657,0.28967436384683215,0.0004044191759520276,,,,
13,arc_challenge,7.999999999999974,0.0,0.0,0.0,560.0,0.0,0.0,0.0,560.0,0.0,560.0,0.0,0.48507003982861835,0.005134783938804223,0.044474661971131896,0.014228206999960165,0.36120401337792635,0.0033444816053511683,0.1872909698996655,0.0,,,,,,,,,,,,,,,,,14254.402401877667,147.5616146450145,17446.499274983,451.1488271400956,59.096531666666664,0.49432143321133887,74.23694566666667,5.081198741203903,4944960553655296.0,,,,,,,,,,,,,,,,,,,,,,,,,,,,,,,,,
13,arc_easy,1.000000000000001,0.0,0.0,0.0,141.0,0.0,0.0,0.0,141.0,0.0,141.0,0.0,0.2189008692900339,0.004808547745598418,0.2189008692900339,0.004808547745598418,0.6672514619883042,0.009837780024129076,0.2473684210526315,0.0,,,,,,,,,,,,,,,,,3155.336033869,114.9971604727322,4610.286748777333,364.5800129462813,13.635822333333332,0.24099962595568022,23.357530333333333,5.408378935068262,1109351393057184.0,,,,,,,,,,,,,,,,,,,,,,,,,,,,,,,,,
13,boolq,2.999999999999861,0.0,0.0,0.0,3537.0,0.0,0.0,0.0,3537.0,0.0,3537.0,0.0,0.14186732470989225,0.013292247822286071,0.0008242379408329668,0.0002823379066097485,0.8376146788990826,0.0018685323934580459,0.6186544342507645,0.0,0.8928998304915,0.006701992074030489,0.6243670886075949,0.0,0.9704869650762419,0.0,0.8229217904574521,0.014544578477550472,0.8685559438660464,0.0020560950502360106,0.7598690544964376,0.0,0.6586169264869172,0.002500024219188201,0.0293381270235792,0.0,98804.93395139766,734.7413068487986,127475.56283305732,1833.9832848916099,408.63228166666664,2.85754793272089,523.2658366666666,18.7884994571837,3.387513684956064e+16,,,,,,,,,,,,,,,,,,,,,,,,,,,,,,,,,
13,glue_cola,3.0000000000000324,0.0,0.0,0.0,1605.0,0.0,0.0,0.0,,,,,0.18697559336821237,0.03058020503913415,0.04336135399838287,0.012362107216828323,0.8398849472674975,0.00199584467829925,0.6001917545541706,0.0,0.8439463886897737,0.003643226971060551,0.6849148418491483,0.0,0.9611650485436893,0.0008007632027595441,0.7808599167822469,0.0,0.890829374081525,0.0012032307690246864,0.729747245625405,0.0,0.6082534694468991,0.0052381165173517735,-0.026552650791889603,0.0,32541.819925038333,509.3173981681629,37240.79492066234,313.04921777167266,141.080558,2.6093665033625077,156.15488633333334,3.4519583992277196,4639867907601696.0,,,,,,,,,,,,,,,,,,,,,,,,,,,,,,,,,
13,glue_mnli_matched,0.9999999999997308,0.0,0.0,0.0,24544.0,0.0,0.0,0.0,24544.0,0.0,24544.0,0.0,0.08928708483775454,0.009106236078468307,0.08928708483775454,0.009106236078468307,0.8747495330276788,0.0006506111075112243,0.3496688741721854,0.0,,,,,,,,,,,,,,,,,1334553.456801591,5509.047975973558,1404464.6125397494,2651.8447622742774,4773.829872666666,23.600316330176803,4911.024667999999,1.9901078700086654,2.029916026451286e+17,,,,,,,,,,,,,,,,,,,,,,,,,,,,,,,,,
13,glue_mnli_mismatched,0.9999999999997308,0.0,0.0,0.0,24544.0,0.0,0.0,0.0,24544.0,0.0,24544.0,0.0,0.08928708483775454,0.00910623607846831,0.08928708483775454,0.00910623607846831,0.8852725793327908,0.0008768997258189512,0.3331977217249796,0.0,,,,,,,,,,,,,,,,,1334553.456801591,5509.047975973558,1404464.6125397494,2651.8447622742774,4773.829872666666,23.600316330176803,4911.024667999999,1.9901078700086654,2.029916026451286e+17,,,,,,,,,,,,,,,,,,,,,,,,,,,,,,,,,
13,glue_mrpc,9.99999999999974,0.0,0.0,0.0,2300.0,0.0,0.0,0.0,,,,,0.36395440498987836,0.09078324155341908,8.134834812758978e-05,3.062007719233879e-05,0.8398692810457516,0.005718954248365993,0.3848039215686274,0.0,0.9427349323724593,0.005336246007833101,0.6111111111111112,0.0,0.986857825567503,0.002389486260453988,0.2759856630824372,0.0,0.8873961358388677,0.005007705263468265,0.3802469135802469,0.0,0.6181111764046524,0.012280030509384088,-0.1045279693589734,0.0,113890.91310838233,1087.813680164909,124268.20575248999,42.70116443949422,413.5647326666667,1.962033463921408,441.300051,1.7480685762887964,1.714385392084864e+16,,,,,,,,,,,,,,,,,,,,,,,,,,,,,,,,,
13,glue_qnli,1.000000000000267,0.0,0.0,0.0,13093.0,0.0,0.0,0.0,,,,,0.10600737979014711,0.032711115885648165,0.10600737979014711,0.032711115885648165,0.9258649093904449,0.002733513549893479,0.4949661358228079,0.0,1.0,0.0,0.9446703467757892,0.001660532055069503,0.9064348665942291,0.0073228010064569525,0.0007243752263672,0.0,0.9251142071526014,0.0031125791045715,0.0014477017734346,0.0,0.8525630173262525,0.005132453194145287,0.0189316461535685,0.0,336955.3775681797,3186.007157922474,372152.59787731135,1265.8033868259863,1318.697427,10.813250068046456,1400.0930953333334,7.516895825064717,5.171172839134898e+16,,,,,,,,,,,,,,,,,,,,,,,,,,,,,,,,,
13,glue_qqp,0.9999999999999862,0.0,0.0,0.0,45481.0,0.0,0.0,0.0,45481.0,0.0,45481.0,0.0,0.18264004091421762,0.03232527990095913,0.18264004091421762,0.03232527990095913,0.8844010223431445,0.001432041030521379,0.5375463764531289,0.0,0.9007639270259751,0.0032403874399481265,0.3449397982427595,0.0,0.7710446758481693,0.007824388171562089,0.2848505206583809,0.0,0.8307936611796078,0.0031707815392202584,0.312028553556316,0.0,0.7490707132299163,0.002962216804252216,-0.0318303717947929,0.0,914250.4962750333,6443.941275526169,1063544.041622919,2497.5460879226566,3834.9780210000004,25.458285148864757,4238.581042000001,20.30263524147995,1.2626154054527946e+17,,,,,,,,,,,,,,,,,,,,,,,,,,,,,,,,,
13,glue_rte,10.000000000000243,0.0,0.0,0.0,1560.0,0.0,0.0,0.0,,,,,0.24398170908292127,0.00790429953088411,0.0004207919943534,0.00012328941322563855,0.8134777376654633,0.003183816258802165,0.5270758122743683,0.0,0.8986651264279297,0.050671125079736465,0.0,0.0,0.9109414758269722,0.021740467545337216,0.0,0.0,0.7999392490799332,0.003910996905596148,0.0,0.0,0.6260347580414952,0.006388143614906924,0.0,0.0,135499.06285816667,910.342769810472,146878.51563417332,733.5797363188365,485.25662200000005,1.1940856086999525,522.6214313333334,8.450674566790058,2.159449476084064e+16,,,,,,,,,,,,,,,,,,,,,,,,,,,,,,,,,
13,glue_sst2,0.9999999999999373,0.0,0.0,0.0,4210.0,0.0,0.0,0.0,,,,,0.029400752546886566,0.017358873681307667,0.029400752546886566,0.017358873681307667,0.9438073394495413,0.0013241978651137966,0.6032110091743119,0.0,0.9297598525284417,0.005312649732424756,0.5698005698005698,0.0,0.9624624624624625,0.0037537537537537524,0.9009009009009009,0.0,0.945785389056728,0.0010411777168521546,0.6980802792321118,0.0,0.8881648400530122,0.00240783172788157,0.24643816888916628,0.0,117721.85910446732,1201.505353074492,125178.34381716367,271.53856979160656,454.1295606666667,2.6499453220805216,467.06205666666665,4.4800955563728175,1.848352930370475e+16,,,,,,,,,,,,,,,,,,,,,,,,,,,,,,,,,
13,hellaswag,2.999999999999721,0.0,0.0,0.0,14967.0,0.0,0.0,0.0,14967.0,0.0,14967.0,0.0,0.12788368513186768,0.036905374711102064,3.115134707816954e-05,1.5171477974980216e-05,0.8563035251941845,0.0011796690993770879,0.2534355706034654,0.0,,,,,,,,,,,,,,,,,466857.46062586765,2563.77279899074,579548.0725398274,2181.8170051735074,1729.894703,9.847154140742921,2027.9654103333335,12.966343034337358,1.3201656546260693e+17,,,,,,,,,,,,,,,,,,,,,,,,,,,,,,,,,
13,piqa,3.000000000000148,0.0,0.0,0.0,6045.0,0.0,0.0,0.0,6045.0,0.0,6045.0,0.0,0.28491546213626856,0.03126746678794157,0.00016038571266103354,5.882104024418216e-05,0.7626042800145085,0.0020195010383859,0.4967355821545158,0.0,1.0,0.0,0.6877199196948905,0.0010488605605210393,0.8527298850574713,0.001436781609195405,0.0032327586206896005,0.0,0.7710889612759041,0.004958194020331566,0.006444683136412399,0.0,0.5267288186157293,0.00443141353194128,0.0400395604427795,0.0,111173.23813160666,2099.451888079356,127405.49632404667,3644.47035396267,506.77513433333337,18.155927632039567,569.7570179999999,36.56169339560244,3.434269636597037e+16,,,,,,,,,,,,,,,,,,,,,,,,,,,,,,,,,
14,allenai_task219_rocstories_title_answer_generation,2.9999999999998956,0.0,0.0,0.0,2208.0,0.0,0.0,0.0,2208.0,0.0,2208.0,0.0,1.0285303990046184,0.005600905901746279,0.06017447883884106,0.008321380591002717,,,,,,,,,,,,,,,,,,,,,40578.742821802,236.3989436617467,83173.69886056533,2444.7625696496407,173.34457633333332,3.226705412814251,764.7031430000001,66.39470461154353,1.0991219834490624e+16,,0.021152878628998464,0.001753141689527506,0.0,0.0,0.21364968392384562,0.0445302620111609,0.0218048246054347,0.00041746519316635325,0.23307245119432915,0.0010691944877205093,0.0364781504972669,0.00043509560170673764,0.08250399806676297,0.002632555100647538,0.007783674491784467,0.0001730179726307914,0.23240918934516494,0.0008289766536737686,0.034742687527108636,0.00020428323477792302,0.23277862221193676,0.0009539010605266171,0.0352472820405079,0.00028575318072789193,0.23967427153715706,0.006668757802685495,0.08191639631290133,0.0006240939001052671,,,,
14,allenai_task288_gigaword_summarization,4.999999999999932,0.0,0.0,0.0,1085.0,0.0,0.0,0.0,1085.0,0.0,1085.0,0.0,2.0672833919525146,0.00886076434865634,0.295326088865598,0.0298362179120614,,,,,,,,,,,,,,,,,,,,,16607.324550328,32.72333247785577,31935.37774497867,1002.8827971046281,86.050499,0.44745010102170507,341.02806000000004,13.823874639143902,4521165108754000.0,,0.057781166360734965,0.005098286410252512,0.0007270449112818,0.0002584368986533963,1.4187658820009126,0.04531944207569067,0.16259982343766594,0.003635035096427131,0.21900337300657544,0.004585315543750718,0.08393488748457323,0.0019913049131611896,0.07963443813453423,0.002340099671174518,0.020221112804239532,0.000307243068853651,0.19747879651004455,0.003701348566152324,0.07152318934592033,0.0017832233190844655,0.1978866232720716,0.0038298010334247607,0.0739821662627804,0.0017052214935695375,0.23564882781018626,0.008682271375851498,0.1414112662254976,0.0045080619264272915,,,,
14,alpaca_mmlu,0.9999999999999222,0.0,0.0,0.0,6376.0,0.0,0.0,0.0,6376.0,0.0,6376.0,0.0,1.3876005411148071,0.009711306789740514,1.3876005411148071,0.009711306789740514,,,,,,,,,,,,,,,,,,,,,315763.98177039967,2989.0517447436837,455292.6716783044,1848.9271912454813,1152.1598643333334,7.005612207606252,2371.967336,20.864426245762164,4.759857009366096e+16,,0.11128871673359553,0.0021457281424790784,0.0548470928387769,0.0002719302685177883,2.1621873773510702,0.009788122294191348,1.5114740775068494,0.0013807303374431103,0.34406062285144917,0.0017019569688137596,0.2851124699151711,0.0009899834838999024,0.15081809777098543,0.0028723511972289046,0.10939158683055367,0.0010707513107386154,0.270153777103393,0.0021155206686688743,0.21095611087243915,0.0007369242557238248,0.28937748658254775,0.002274159255929581,0.2357241899564372,0.0008383948315569581,0.3316993280585356,0.003438281802041304,0.2886068774185506,0.0006046053486168211,,,,
14,arc_challenge,7.999999999999974,0.0,0.0,0.0,560.0,0.0,0.0,0.0,560.0,0.0,560.0,0.0,0.4725412925084432,0.003072420778040479,0.03319738857680927,0.028610282620467636,0.411371237458194,0.005792812065447746,0.1872909698996655,0.0,,,,,,,,,,,,,,,,,14750.617715233668,113.15898367784803,18083.254647902668,434.22550936062646,61.008353,0.47045408704180025,76.50521133333334,5.431899458626309,5078262950415360.0,,,,,,,,,,,,,,,,,,,,,,,,,,,,,,,,,
14,arc_easy,1.000000000000001,0.0,0.0,0.0,141.0,0.0,0.0,0.0,141.0,0.0,141.0,0.0,0.2734677493572235,0.01449394167806807,0.2734677493572235,0.01449394167806807,0.6730994152046783,0.004217019035630416,0.2473684210526315,0.0,,,,,,,,,,,,,,,,,3326.8014578883335,105.88678855977996,4806.964058815666,365.5492320690275,14.136202666666668,0.08201956121424812,24.099715,5.8302009937647945,1139256391931424.0,,,,,,,,,,,,,,,,,,,,,,,,,,,,,,,,,
14,boolq,2.999999999999861,0.0,0.0,0.0,3537.0,0.0,0.0,0.0,3537.0,0.0,3537.0,0.0,0.14083537956078843,0.024427729656849893,0.0011102063193295668,0.00028599550482307135,0.8327217125382264,0.001273190213740731,0.6186544342507645,0.0,0.8887212239083913,0.006882365289008436,0.6243670886075949,0.0,0.9704869650762419,0.0,0.8314477783243155,0.0050986429924467095,0.8657138189219388,0.0016224100640906455,0.7598690544964376,0.0,0.6509247181339015,0.006518856344368519,0.0293381270235792,0.0,102886.86977585468,745.7087977651394,132043.817225564,1835.011298623626,426.45368033333335,2.5286629854050267,543.881085,20.64141609099048,3.4788315444330816e+16,,,,,,,,,,,,,,,,,,,,,,,,,,,,,,,,,
14,glue_cola,3.0000000000000324,0.0,0.0,0.0,1605.0,0.0,0.0,0.0,,,,,0.17012082785367963,0.05538371217486653,0.05658091853062306,0.009024640890624512,0.8347714924896134,0.0032434936289844223,0.6001917545541706,0.0,0.8414494406326329,0.0017782893799477397,0.6849148418491483,0.0,0.9560795191863153,0.004410259830868896,0.7808599167822469,0.0,0.8876606530139212,0.0026036985186759856,0.729747245625405,0.0,0.5953923506587757,0.008299743359600901,-0.026552650791889603,0.0,33846.488306060004,293.29481738239866,38684.50513402167,269.59756830746034,145.496088,0.6779718182006789,160.76884633333336,3.476492915830184,4764945723660192.0,,,,,,,,,,,,,,,,,,,,,,,,,,,,,,,,,
14,glue_mnli_matched,0.9999999999997308,0.0,0.0,0.0,24544.0,0.0,0.0,0.0,24544.0,0.0,24544.0,0.0,0.10106447587410607,0.01763129563836379,0.10106447587410607,0.01763129563836379,0.8793003905586687,0.0010593631489544556,0.3496688741721854,0.0,,,,,,,,,,,,,,,,,1383161.1961245462,5999.994458034786,1456461.1856141277,2307.153616830881,4971.115791666667,11.922209958387022,5113.409163,12.858459106516143,2.0846368632316368e+17,,,,,,,,,,,,,,,,,,,,,,,,,,,,,,,,,
14,glue_mnli_mismatched,0.9999999999997308,0.0,0.0,0.0,24544.0,0.0,0.0,0.0,24544.0,0.0,24544.0,0.0,0.10106447587410607,0.017631295638363794,0.10106447587410607,0.017631295638363794,0.8846284241931109,0.001594518038555034,0.3331977217249796,0.0,,,,,,,,,,,,,,,,,1383161.1961245462,5999.994458034905,1456461.1856141277,2307.1536168309,4971.115791666667,11.922209958387182,5113.409163,12.858459106516083,2.0846368632316368e+17,,,,,,,,,,,,,,,,,,,,,,,,,,,,,,,,,
14,glue_mrpc,9.99999999999974,0.0,0.0,0.0,2300.0,0.0,0.0,0.0,,,,,0.1927883277336756,0.023174377559838446,9.811987547433958e-05,1.8667405889226603e-05,0.8488562091503268,0.007793620926609006,0.3848039215686274,0.0,0.9078741157848663,0.004307370536078805,0.6111111111111112,0.0,0.992831541218638,0.0035842293906810053,0.2759856630824372,0.0,0.8949531949531949,0.005338168782975414,0.3802469135802469,0.0,0.6377958284347092,0.019573765253843536,-0.1045279693589734,0.0,118239.42074303399,1127.380706301877,128922.14308612834,527.9367940373264,431.7151593333333,2.0033055282261216,459.88665266666663,1.7262804840532469,1.760600412417408e+16,,,,,,,,,,,,,,,,,,,,,,,,,,,,,,,,,
14,glue_qnli,1.000000000000267,0.0,0.0,0.0,13093.0,0.0,0.0,0.0,,,,,0.13207691162824622,0.02796629077272526,0.13207691162824622,0.02796629077272526,0.926414058209775,0.0004843037362373676,0.4949661358228079,0.0,1.0,0.0,0.9501349632540023,0.00036229932190708195,0.901726427622842,0.0013923171066848965,0.0007243752263672,0.0,0.9252962725630919,0.0005613132941803002,0.0014477017734346,0.0,0.8540277755159028,0.0008861534970022001,0.0189316461535685,0.0,347225.1867597873,3062.1581637280797,383310.20739611035,1069.6861625552338,1378.5977996666668,13.807803006130284,1461.6946449999998,4.954734528225443,5.310573138426667e+16,,,,,,,,,,,,,,,,,,,,,,,,,,,,,,,,,
14,glue_qqp,0.9999999999999862,0.0,0.0,0.0,45481.0,0.0,0.0,0.0,45481.0,0.0,45481.0,0.0,0.138820044696331,0.030527428254453377,0.138820044696331,0.030527428254453377,0.8838816060681012,0.00227573212729773,0.5375463764531289,0.0,0.8999044404325417,0.0021978826087763344,0.3449397982427595,0.0,0.7703504646736087,0.00932716385122364,0.2848505206583809,0.0,0.8300159307962005,0.004452094548575679,0.312028553556316,0.0,0.7479044724863589,0.004855027279167771,-0.0318303717947929,0.0,955821.7265393897,6475.432240790626,1109128.1605654329,5785.289197530072,4098.660011333333,62.304086088077185,4520.559458333333,60.651227024108444,1.2966519711628886e+17,,,,,,,,,,,,,,,,,,,,,,,,,,,,,,,,,
14,glue_rte,10.000000000000243,0.0,0.0,0.0,1560.0,0.0,0.0,0.0,,,,,0.26974309980869293,0.01903646547108385,0.00024445585343826665,6.499949302052716e-05,0.8219013237063778,0.007319810505774009,0.5270758122743683,0.0,0.8716369837059492,0.013200061166587422,0.0,0.0,0.8778625954198475,0.007633587786259555,0.0,0.0,0.813034897713598,0.006832534545813065,0.0,0.0,0.6452396336261055,0.015026090174676347,0.0,0.0,140276.45520942635,681.116614189068,151734.76169816832,1036.627518700919,505.6322976666667,0.9651084322558965,543.8485483333334,9.148490275245523,2.217662187659488e+16,,,,,,,,,,,,,,,,,,,,,,,,,,,,,,,,,
14,glue_sst2,0.9999999999999373,0.0,0.0,0.0,4210.0,0.0,0.0,0.0,,,,,0.09462137644489604,0.07306984610745526,0.09462137644489604,0.07306984610745526,0.9468654434250764,0.0007645259938838059,0.6032110091743119,0.0,0.934468866602367,0.0018624111709883069,0.5698005698005698,0.0,0.9632132132132133,0.0032724466543098026,0.9009009009009009,0.0,0.948610212714252,0.0008390560919147053,0.6980802792321118,0.0,0.8941020016055355,0.0016335358314978623,0.24643816888916628,0.0,121726.58400771732,1118.6443268172902,129467.76982723367,272.302431462377,470.60677733333335,1.18301088972057,483.8648143333333,4.959109778425362,1.898179335486168e+16,,,,,,,,,,,,,,,,,,,,,,,,,,,,,,,,,
14,hellaswag,2.999999999999721,0.0,0.0,0.0,14967.0,0.0,0.0,0.0,14967.0,0.0,14967.0,0.0,0.10471302519241964,0.04282707967875555,3.068841942877043e-05,2.211304858274705e-06,0.8626435636991303,0.0017260837814512264,0.2534355706034654,0.0,,,,,,,,,,,,,,,,,485570.659785154,3015.0572826731714,600186.273882309,1710.7479343761077,1814.0181783333335,12.96605689664093,2117.2048856666665,12.15225041287722,1.3557536141228866e+17,,,,,,,,,,,,,,,,,,,,,,,,,,,,,,,,,
14,piqa,3.000000000000148,0.0,0.0,0.0,6045.0,0.0,0.0,0.0,6045.0,0.0,6045.0,0.0,0.24904060860474905,0.01324579486561837,0.0004948921309732942,0.0004619867327843433,0.7658686978599928,0.0007905148609975766,0.4967355821545158,0.0,1.0,0.0,0.6995142536386334,0.00961253738032947,0.8455459770114943,0.007075328880600686,0.0032327586206896005,0.0,0.7753532139531941,0.003299989230045047,0.006444683136412399,0.0,0.5329636180442398,0.0021447615640171488,0.0400395604427795,0.0,115963.51202620966,2102.300197555556,132749.712745068,4233.902966498981,533.4626276666667,20.570718025126922,598.3732443333333,39.875468980437006,3.526847903367341e+16,,,,,,,,,,,,,,,,,,,,,,,,,,,,,,,,,
15,allenai_task219_rocstories_title_answer_generation,2.9999999999999587,0.0,0.0,0.0,2205.0,0.0,0.0,0.0,2205.0,0.0,2205.0,0.0,0.9817575812339783,0.008711645632760058,0.07227623711029686,0.016237402633517,,,,,,,,,,,,,,,,,,,,,42329.311591719335,262.25605079736135,89526.99186617932,2022.536219528917,181.56586233333334,2.4755027741391857,876.1853643333334,89.47670582548335,1.1279734718669568e+16,,0.016406920635171865,0.006812554611857411,4.715323833043333e-05,4.715323833043334e-05,0.18499957179439866,0.011359007433747839,0.021546106744544397,0.0005313652514813504,0.23427399982205122,0.0006616201330913135,0.03425209504430087,0.0004138860611686329,0.07000143699152206,0.0016609766277577405,0.006444959125299466,0.00012153581411949085,0.23237436294464262,0.0005453668973649004,0.032553002154121,0.0004711590062662882,0.23285484309135387,0.0004315237614731306,0.0331255491515924,0.00034742631108334167,0.23462667389909234,0.002052221548469252,0.0770208969867978,0.001190186703007107,,,,
15,allenai_task288_gigaword_summarization,5.000000000000068,0.0,0.0,0.0,1080.0,0.0,0.0,0.0,1080.0,0.0,1080.0,0.0,1.578078269958496,0.016351051212619417,0.41014501452445984,0.019831488860055254,,,,,,,,,,,,,,,,,,,,,17205.707501711335,126.36871172573835,35407.402757267,2280.9632120226297,90.63686666666666,1.0699475894491859,412.60188466666665,46.10793015139761,4611563067402240.0,,0.04248588090382633,0.004751557307978739,0.0012424974017670668,0.0005221657563508449,1.3690995450319932,0.026070299794442447,0.16975108774699457,0.0036757220289776885,0.21257549836365863,0.0017582127882726875,0.09248463379215903,0.0015105746312215165,0.06889514635031561,0.0022963998329740484,0.023679124772024565,0.0009559736264752126,0.1908171650234222,0.0018967377038360317,0.0792529683542708,0.0016957375368982567,0.19119818695081928,0.0020952375117339354,0.08195731299412466,0.001467876730941098,0.21945148465702427,0.004233407579544604,0.15352530499020697,0.001921143970324144,,,,
15,alpaca_mmlu,0.9999999999999222,0.0,0.0,0.0,6376.0,0.0,0.0,0.0,6376.0,0.0,6376.0,0.0,1.3747758865356445,0.01011228870943365,1.3747758865356445,0.01011228870943365,,,,,,,,,,,,,,,,,,,,,326514.374708492,2589.829334160699,468442.7010407523,3752.704711472753,1198.5502326666667,4.313378219064141,2450.3494903333335,57.91933142473315,4.884801244092714e+16,,0.1120338079803984,0.0010162858616301073,0.0543033597215081,0.00025364239979025173,2.1275968556471114,0.015699130010474304,1.509431580952007,0.008819490217462027,0.3432100453172682,0.0007872328792435089,0.28343166704223405,0.0012819292855642526,0.15035964517377873,0.0002276781104838365,0.10799069056265735,0.0008137967940087858,0.2691970493291542,0.000264435766413358,0.20846499225333204,0.000784946539380692,0.2891553608898675,0.0004051546262704303,0.2338501186288723,0.0007545550121499517,0.33654577586417256,0.0006049709148068078,0.2888859948155312,0.0017101956592400775,,,,
15,arc_challenge,7.999999999999974,0.0,0.0,0.0,560.0,0.0,0.0,0.0,560.0,0.0,560.0,0.0,0.4691911538441976,0.0010471013053207265,0.013508618188401001,0.0022723793213059017,0.40914158305462656,0.001114827201783718,0.1872909698996655,0.0,,,,,,,,,,,,,,,,,15419.970015975334,223.6508032127274,18856.657473122,386.3176806111462,63.78603066666667,0.43838961144029986,79.77839066666667,5.8390810968689335,5211565347175424.0,,,,,,,,,,,,,,,,,,,,,,,,,,,,,,,,,
15,arc_easy,1.000000000000001,0.0,0.0,0.0,141.0,0.0,0.0,0.0,141.0,0.0,141.0,0.0,0.26486457387606294,0.031722853877554136,0.26486457387606294,0.031722853877554136,0.6859649122807018,0.004641668966779998,0.2473684210526315,0.0,,,,,,,,,,,,,,,,,3419.6410727606667,95.43352198835302,4936.324900026,425.22018428902317,14.618827000000001,0.026415454744018765,25.110940333333332,6.319235265859899,1169161390805664.0,,,,,,,,,,,,,,,,,,,,,,,,,,,,,,,,,
15,boolq,2.999999999999861,0.0,0.0,0.0,3537.0,0.0,0.0,0.0,3537.0,0.0,3537.0,0.0,0.12372643003861107,0.016666273171830368,0.0005822729726787001,0.00016492050304820304,0.8414882772680938,0.001240114685076075,0.6186544342507645,0.0,0.8766561543986651,0.011736943780026472,0.6243670886075949,0.0,0.9704869650762419,0.0,0.8504672897196262,0.023209068789294064,0.8727568053735383,0.0004107751296470479,0.7598690544964376,0.0,0.662916013368988,0.004290235931007686,0.0293381270235792,0.0,106348.32496598134,773.459331697795,135737.007283933,2413.0137800984953,441.067239,3.3713707137493896,560.3164606666667,23.148342230522406,3.570149403910099e+16,,,,,,,,,,,,,,,,,,,,,,,,,,,,,,,,,
15,glue_cola,3.0000000000000324,0.0,0.0,0.0,1605.0,0.0,0.0,0.0,,,,,0.13925168911616004,0.02959794599514136,0.037057840575774464,0.0045864005168232925,0.8325343560242889,0.004154682007030998,0.6001917545541706,0.0,0.8505184629129255,0.003564463903481162,0.6849148418491483,0.0,0.9408229311141932,0.012310242215158886,0.7808599167822469,0.0,0.883822016560947,0.0035113405397022555,0.729747245625405,0.0,0.5927258203164757,0.00952351233248021,-0.026552650791889603,0.0,35179.961104696,292.1700230014537,40097.04449663034,348.8192708139707,155.46093066666666,1.75059784650219,170.94950633333335,2.7320250898546745,4890023539718688.0,,,,,,,,,,,,,,,,,,,,,,,,,,,,,,,,,
15,glue_mnli_matched,0.9999999999997308,0.0,0.0,0.0,24544.0,0.0,0.0,0.0,,,,,0.10548406342665352,0.005286550276528612,0.10548406342665352,0.005286550276528612,0.8784513499745287,0.002023212227353559,0.3496688741721854,0.0,,,,,,,,,,,,,,,,,1427759.164222943,7783.231223836369,1498981.5858631406,357.33547466402644,5168.715650666666,29.55582974608829,5311.062202666667,6.256848002644957,2.1393577000119875e+17,,,,,,,,,,,,,,,,,,,,,,,,,,,,,,,,,
15,glue_mnli_mismatched,0.9999999999997308,0.0,0.0,0.0,24544.0,0.0,0.0,0.0,,,,,0.10548406342665352,0.005286550276528612,0.10548406342665352,0.005286550276528612,0.8818822891239492,0.001966368321128296,0.3331977217249796,0.0,,,,,,,,,,,,,,,,,1427759.164222943,7783.231223836369,1498981.5858631406,357.33547466402644,5168.715650666666,29.55582974608829,5311.062202666667,6.256848002644957,2.1393577000119875e+17,,,,,,,,,,,,,,,,,,,,,,,,,,,,,,,,,
15,glue_mrpc,9.99999999999974,0.0,0.0,0.0,2300.0,0.0,0.0,0.0,,,,,0.172059158484141,0.017239949172331844,7.994056189392948e-05,1.6310621482994524e-05,0.869281045751634,0.0016339869281045694,0.3848039215686274,0.0,0.9343791040420254,0.0029519453033812434,0.6111111111111112,0.0,0.9940262843488649,0.004307707617041795,0.2759856630824372,0.0,0.906844454897897,0.0016767211452231757,0.3802469135802469,0.0,0.6935654339786529,0.005572260922794104,-0.1045279693589734,0.0,122117.00790942034,667.6530450596914,132878.73785218666,426.6368010706796,445.8536913333333,1.2184820310958422,474.45558666666665,2.7146460622706337,1.806815432749952e+16,,,,,,,,,,,,,,,,,,,,,,,,,,,,,,,,,
15,glue_qnli,1.000000000000267,0.0,0.0,0.0,13093.0,0.0,0.0,0.0,,,,,0.14755451679229734,0.020390809258329954,0.14755451679229734,0.020390809258329954,0.9198242723778144,0.0018335443530803554,0.4949661358228079,0.0,1.0,0.0,0.955432821465111,0.0003658624483625837,0.8825304841241096,0.0040023142470725,0.0007243752263672,0.0,0.9175254441816652,0.0020706647608792223,0.0014477017734346,0.0,0.8422833108584861,0.0033835885617805525,0.0189316461535685,0.0,364658.08566555934,2728.370954330206,401102.999148327,7373.620034986661,1405.8096876666666,9.02837305453067,1489.4961896666666,24.1620566423121,5.449973437718437e+16,,,,,,,,,,,,,,,,,,,,,,,,,,,,,,,,,
15,glue_qqp,0.9999999999999862,0.0,0.0,0.0,45481.0,0.0,0.0,0.0,,,,,0.13300384581089011,0.014218708445752806,0.13300384581089011,0.014218708445752806,0.8823975595679775,0.0013319980139062718,0.5375463764531289,0.0,0.8967137685551,0.0015011854856788306,0.3449397982427595,0.0,0.7691859814130556,0.0048430419856134175,0.2848505206583809,0.0,0.8280460647236699,0.002470777744278365,0.312028553556316,0.0,0.744528290949595,0.0028805018619329744,-0.0318303717947929,0.0,985674.8941712063,8274.648079466528,1139164.485199779,494.6769234630275,4236.6600573333335,101.9311996039918,4662.488678333334,96.63637442552387,1.3306885368729827e+17,,,,,,,,,,,,,,,,,,,,,,,,,,,,,,,,,
15,glue_rte,10.000000000000243,0.0,0.0,0.0,1560.0,0.0,0.0,0.0,,,,,0.2429666916529337,0.0050832634511852005,0.00031834906500681704,0.00016978236167989962,0.8387484957882071,0.013237063778580036,0.5270758122743683,0.0,0.8567606359918919,0.007717603377508383,0.0,0.0,0.905852417302799,0.019873408844546168,0.0,0.0,0.8316906292968785,0.013631311012668691,0.0,0.0,0.6768208560341978,0.026604527618756976,0.0,0.0,145715.88140354634,901.687070616504,157413.718798399,897.6433679265592,524.7079926666667,0.6918086957202673,563.861946,9.608661093767024,2.275874899234912e+16,,,,,,,,,,,,,,,,,,,,,,,,,,,,,,,,,
15,glue_sst2,0.9999999999999373,0.0,0.0,0.0,4210.0,0.0,0.0,0.0,,,,,0.02146630004669223,0.01618498601385123,0.02146630004669223,0.01618498601385123,0.9525993883792049,0.0010113728253304268,0.6032110091743119,0.0,0.9454598406121463,0.0029135490530182704,0.5698005698005698,0.0,0.9624624624624625,0.003003003003002968,0.9009009009009009,0.0,0.9538690878282017,0.0009757834248426848,0.6980802792321118,0.0,0.9053209171564691,0.0020263822112235545,0.24643816888916628,0.0,126167.81128668867,1365.1093097897362,134051.61130003165,495.867715480732,490.52536733333335,4.168351593259311,503.8644033333333,3.637037439960553,1.948005740601861e+16,,,,,,,,,,,,,,,,,,,,,,,,,,,,,,,,,
15,hellaswag,2.999999999999721,0.0,0.0,0.0,14967.0,0.0,0.0,0.0,14967.0,0.0,14967.0,0.0,0.08026778387526666,0.02698473283488617,0.00013061014760748006,4.1226339679134024e-05,0.8622452366726415,0.0009347492425366204,0.2534355706034654,0.0,,,,,,,,,,,,,,,,,502862.212769623,2818.7690225935016,619062.1406010477,2394.775368550815,1880.5887843333333,8.208005869215976,2189.7163546666666,14.416300504772435,1.3913415736197038e+17,,,,,,,,,,,,,,,,,,,,,,,,,,,,,,,,,
15,piqa,3.000000000000148,0.0,0.0,0.0,6045.0,0.0,0.0,0.0,6045.0,0.0,6045.0,0.0,0.35264068345228833,0.0829804514020547,8.706247414617373e-05,2.9653026796260962e-05,0.7647805585781646,0.002815410717493668,0.4967355821545158,0.0,1.0,0.0,0.6781668440350733,0.018651153873556193,0.8548850574712644,0.01976554093706549,0.0032327586206896005,0.0,0.7715543106905057,0.0033038292614454906,0.006444683136412399,0.0,0.5297451793882421,0.005723125075293409,0.0400395604427795,0.0,120638.53107633,2271.587305985919,137432.0852187647,3864.883972439409,557.0572206666667,21.665513597539732,624.1291540000001,41.249593110305234,3.619426170137645e+16,,,,,,,,,,,,,,,,,,,,,,,,,,,,,,,,,
16,allenai_task219_rocstories_title_answer_generation,2.999999999999902,0.0,0.0,0.0,2199.0,0.0,0.0,0.0,2199.0,0.0,2199.0,0.0,0.9159701863924662,0.024236089658185904,0.0081934494276841,0.0024246116750823955,,,,,,,,,,,,,,,,,,,,,44516.76668611367,275.66231539809075,85245.74779296467,1264.9811446855665,193.90338033333333,1.5841589146405464,763.22826,15.449081837512345,1.1541550621742592e+16,,0.015021175700545633,0.004316395076029496,2.3173871562771817e-05,2.317387156277182e-05,0.22675804096572935,0.01827187213615459,0.0211975713667864,0.00017642218040056037,0.23457095200642522,0.0030042146341549003,0.0357363785312311,0.0006310462002306567,0.07771482114363654,0.001640649202089149,0.007386753298276667,0.0001617816125655515,0.23264097628134053,0.0032735572169499748,0.03429356936904537,0.0005185268090637451,0.23259613106226076,0.003201435220942924,0.0349702682039461,0.0006408935780800794,0.23247605247078793,0.006934469474557431,0.08310808065970464,0.0009511886187227166,,,,
16,allenai_task288_gigaword_summarization,4.999999999999932,0.0,0.0,0.0,1085.0,0.0,0.0,0.0,1085.0,0.0,1085.0,0.0,1.7816383043924968,0.019665298309837886,0.15678442021210984,0.007116780808835947,,,,,,,,,,,,,,,,,,,,,18091.697613204,56.82300419098415,37805.38989422366,458.6666097717646,96.52550133333334,1.0714661674330996,462.349857,24.460316694603787,4772030639217520.0,,0.06691284859388057,0.0025377754530024536,0.0018733633779208336,0.0003334705119206601,1.5211989105270984,0.03090947370706811,0.17187923440704012,0.003991887114768451,0.2274459056247123,0.0005486119102884455,0.091814826162729,0.004009993731248697,0.08252171885061065,0.0024362568704250744,0.025858875923319768,0.0020263272809650963,0.20567664267444208,0.0021399246670574185,0.0791235390366422,0.004279355188178094,0.20639572747524979,0.002245534337487476,0.08171219703980387,0.003751026356593695,0.23826229905227778,0.005636677478619818,0.1531515357294931,0.003732489377222429,,,,
16,alpaca_mmlu,0.9999999999999222,0.0,0.0,0.0,6376.0,0.0,0.0,0.0,6376.0,0.0,6376.0,0.0,1.3703592618306477,0.005216171654161932,1.3703592618306477,0.005216171654161932,,,,,,,,,,,,,,,,,,,,,337989.331499282,1595.6976675339788,481226.60108297766,5352.500625825292,1245.793842,2.298659166735586,2509.806369666667,42.46382194818609,5.009745478819331e+16,,0.11171858702483134,0.0017752827544532108,0.05537024735498556,0.0009869626198247012,2.186645795364639,0.04824317874825458,1.5077687110351377,0.0062495318212459315,0.3469270291398369,0.0018813492157888903,0.28524571529206105,0.0009374848072162402,0.15233393181458776,0.0015926772956794154,0.10848235849001327,0.0009155322747145067,0.2731010882245691,0.0017467365175346703,0.21117593585803432,0.0008094940258668126,0.2920438552497469,0.0017630032989480772,0.23518146874006451,0.0005102986098440354,0.33569719392954994,0.0032835278398888326,0.28837859935131355,0.0014233245828410008,,,,
16,arc_challenge,7.999999999999974,0.0,0.0,0.0,560.0,0.0,0.0,0.0,560.0,0.0,560.0,0.0,0.4782807528972626,0.0036043190998203104,0.0575199228090544,0.026166314363585776,0.4024526198439242,0.012856814486812475,0.1872909698996655,0.0,,,,,,,,,,,,,,,,,15935.130313463998,172.52452943460304,19452.937180951336,499.3913771789046,66.718159,0.6567271172838829,83.12841866666666,5.9982582382282805,5344867743935488.0,,,,,,,,,,,,,,,,,,,,,,,,,,,,,,,,,
16,arc_easy,1.000000000000001,0.0,0.0,0.0,141.0,0.0,0.0,0.0,141.0,0.0,141.0,0.0,0.2574386596679687,0.0023050132368608294,0.2574386596679687,0.0023050132368608294,0.7000000000000001,0.01141474929587315,0.2473684210526315,0.0,,,,,,,,,,,,,,,,,3558.240204016,94.36677570077593,5115.8206118749995,414.5135875537118,15.497311666666667,0.1790027191984653,26.582629999999998,6.632367138234431,1199066389679904.0,,,,,,,,,,,,,,,,,,,,,,,,,,,,,,,,,
16,boolq,2.999999999999861,0.0,0.0,0.0,3537.0,0.0,0.0,0.0,3537.0,0.0,3537.0,0.0,0.1389093945423762,0.012687878553167463,0.0008481238231373001,0.0001896872944627861,0.836493374108053,0.001936799184505622,0.6186544342507645,0.0,0.890516174054865,0.009131978680209681,0.6243670886075949,0.0,0.9704869650762419,0.0,0.8304640104935235,0.014757428329906274,0.8674033268079779,0.0007619399422317935,0.7598690544964376,0.0,0.6568282132165071,0.004784222254572452,0.0293381270235792,0.0,110441.79499216967,596.1216856257465,140358.81555943866,2468.5665726060615,459.04769733333336,2.6307942872717773,581.1640583333333,25.59586777520979,3.661467263387117e+16,,,,,,,,,,,,,,,,,,,,,,,,,,,,,,,,,
16,glue_cola,3.0000000000000324,0.0,0.0,0.0,1605.0,0.0,0.0,0.0,,,,,0.26873746017615,0.028571646826642864,0.03389485180377957,0.008164654450455807,0.8347714924896134,0.0024960849076083804,0.6001917545541706,0.0,0.8481655284344553,0.0037337190999836606,0.6849148418491483,0.0,0.9574664817383264,0.011047437027599182,0.7808599167822469,0.0,0.8870547293979102,0.0013974679233917896,0.729747245625405,0.0,0.5970870397867197,0.005922390723967694,-0.026552650791889603,0.0,36731.55543427633,255.97310978675256,41755.84039393033,329.0395118034277,161.93275,2.14062212576959,177.72913433333335,3.4647428812944305,5015101355777184.0,,,,,,,,,,,,,,,,,,,,,,,,,,,,,,,,,
16,glue_mnli_matched,0.9999999999997308,0.0,0.0,0.0,24544.0,0.0,0.0,0.0,,,,,0.12393565724293387,0.01991730069293982,0.12393565724293387,0.01991730069293982,0.8792664289353032,0.0008705047116981918,0.3496688741721854,0.0,,,,,,,,,,,,,,,,,1474805.6781932227,5052.478286184342,1547116.4921582527,3220.598369193363,5375.524539999999,27.531380044739418,5522.989254666667,7.904410697640765,2.1940785367923382e+17,,,,,,,,,,,,,,,,,,,,,,,,,,,,,,,,,
16,glue_mnli_mismatched,0.9999999999997308,0.0,0.0,0.0,24544.0,0.0,0.0,0.0,,,,,0.12393565724293387,0.01991730069293982,0.12393565724293387,0.01991730069293982,0.8811025223759154,0.0006772099388201168,0.3331977217249796,0.0,,,,,,,,,,,,,,,,,1474805.6781932227,5052.478286184351,1547116.4921582527,3220.5983691933498,5375.524539999999,27.53138004473949,5522.989254666667,7.90441069764082,2.1940785367923382e+17,,,,,,,,,,,,,,,,,,,,,,,,,,,,,,,,,
16,glue_mrpc,9.99999999999974,0.0,0.0,0.0,2300.0,0.0,0.0,0.0,,,,,0.23854506015777588,0.040606311394039814,6.117862722020216e-05,2.1123639859061993e-05,0.8668300653594772,0.002161561528647534,0.3848039215686274,0.0,0.9518473193473193,0.007195893769315848,0.6111111111111112,0.0,0.989247311827957,0.007461168456867867,0.2759856630824372,0.0,0.9075488328551428,0.0012320446896908496,0.3802469135802469,0.0,0.6831923350712321,0.005284371210338927,-0.1045279693589734,0.0,127044.66839622166,900.4467174185124,137927.40316627067,416.7525863473539,462.71989866666667,2.0957936130276376,491.8729793333334,2.725949142113885,1.853030453082496e+16,,,,,,,,,,,,,,,,,,,,,,,,,,,,,,,,,
16,glue_qnli,1.000000000000267,0.0,0.0,0.0,13093.0,0.0,0.0,0.0,,,,,0.1369665091236432,0.02676516314267389,0.1369665091236432,0.02676516314267389,0.9209225700164745,0.00449497681047362,0.4949661358228079,0.0,1.0,0.0,0.9514109583679996,0.003318997591177419,0.8890498611614149,0.012571499068389398,0.0007243752263672,0.0,0.9190329526793027,0.005300966466519896,0.0014477017734346,0.0,0.8440013316616269,0.008012972665078291,0.0189316461535685,0.0,388257.87237128365,2818.0262044699484,426013.34370285366,1694.3128570419317,1477.489097,9.637540740580079,1563.684124,6.094747330567585,5.589373737010206e+16,,,,,,,,,,,,,,,,,,,,,,,,,,,,,,,,,
16,glue_qqp,0.9999999999999862,0.0,0.0,0.0,45481.0,0.0,0.0,0.0,,,,,0.1277588009834289,0.004845522135863954,0.1277588009834289,0.004845522135863954,0.881358727017891,0.0035063549036699814,0.5375463764531289,0.0,0.9016339651088697,0.005682201796824784,0.3449397982427595,0.0,0.7610793864068973,0.016498384645147256,0.2848505206583809,0.0,0.8250930179530515,0.007484019470973426,0.312028553556316,0.0,0.7426610680974143,0.0071969627264626135,-0.0318303717947929,0.0,1024491.7937771566,1709.661102890737,1176784.7974928503,8195.450918492668,4618.109195333333,81.25235750111196,5058.9627003333335,90.4750721677773,1.3647251025830768e+17,,,,,,,,,,,,,,,,,,,,,,,,,,,,,,,,,
16,glue_rte,10.000000000000243,0.0,0.0,0.0,1560.0,0.0,0.0,0.0,,,,,0.2392183492581049,0.0015171240947738302,0.0004966395839194667,0.00020371959930180132,0.8231046931407943,0.014590079004791976,0.5270758122743683,0.0,0.9004720406681191,0.04998407027605027,0.0,0.0,0.8854961832061069,0.023320995903083147,0.0,0.0,0.81914123762721,0.013977633840765911,0.0,0.0,0.647883112184383,0.029211579815127894,0.0,0.0,151952.593964721,894.6426439761465,163903.43965716267,973.3781905188504,545.3628183333334,1.0601417723208004,585.5679573333333,9.998106798686944,2.334087610810336e+16,,,,,,,,,,,,,,,,,,,,,,,,,,,,,,,,,
16,glue_sst2,0.9999999999999373,0.0,0.0,0.0,4210.0,0.0,0.0,0.0,,,,,0.038684906205162364,0.0316460268843528,0.038684906205162364,0.0316460268843528,0.944954128440367,0.001986296797670679,0.6032110091743119,0.0,0.9269078195538452,0.007276564739776357,0.5698005698005698,0.0,0.9684684684684685,0.004688436935734548,0.9009009009009009,0.0,0.9471564611956248,0.0015737029897319964,0.6980802792321118,0.0,0.8908746508251633,0.003491807862396579,0.24643816888916628,0.0,129887.86857677299,626.6377065789061,137378.38461379366,899.5809647983214,505.33306666666664,0.9073179716331266,517.6535216666666,4.052755762148871,1.9978321457175536e+16,,,,,,,,,,,,,,,,,,,,,,,,,,,,,,,,,
16,hellaswag,2.999999999999721,0.0,0.0,0.0,14967.0,0.0,0.0,0.0,14967.0,0.0,14967.0,0.0,0.10916654765605922,0.019198828040221005,6.273476083150239e-05,3.357231263413118e-05,0.8582951603266281,0.0009412100430695975,0.2534355706034654,0.0,,,,,,,,,,,,,,,,,521758.06856068777,3326.0447448393943,639470.4705047024,2239.242759278757,1967.922501,17.887484483095378,2282.7317853333334,6.014735882860816,1.4269295331165211e+17,,,,,,,,,,,,,,,,,,,,,,,,,,,,,,,,,
16,piqa,3.000000000000148,0.0,0.0,0.0,6045.0,0.0,0.0,0.0,6045.0,0.0,6045.0,0.0,0.35130372643470764,0.01916972692916678,0.0005352970717163667,0.00017926341223278936,0.7555313746826261,0.002091505729900388,0.4967355821545158,0.0,1.0,0.0,0.7037540128124533,0.006432306382237046,0.8254310344827586,0.01121587284195112,0.0032327586206896005,0.0,0.7628566096499968,0.004512100070133137,0.006444683136412399,0.0,0.5119807432596959,0.004520546582462005,0.0400395604427795,0.0,122700.33301729466,1962.633407177297,139802.59616744998,5112.242194413425,557.7019359999999,21.88267193083715,626.0873553333333,52.897611152489624,3.712004436907949e+16,,,,,,,,,,,,,,,,,,,,,,,,,,,,,,,,,
